[2026-08-31 08:13:38] local.ERROR: Fallo en show_datos_cursos {"profesor_id":"2","mensaje":"Undefined property: stdClass::$user_id (View: C:\\xampp\\htdocs\\www\\Remanente-LMS-Re\\resources\\views\\admin\\horarios\\show_datos_cursos.blade.php)","archivo":"C:\\xampp\\htdocs\\www\\Remanente-LMS-Re\\storage\\framework\\views\\ca12563bec2c21cce26e7eff46a168dc.php:76","trace":"#0 C:\\xampp\\htdocs\\www\\Remanente-LMS-Re\\vendor\\livewire\\livewire\\src\\Mechanisms\\ExtendBlade\\ExtendedCompilerEngine.php(58): Illuminate\\View\\Engines\\CompilerEngine->handleViewException(Object(ErrorException), 1)
#1 C:\\xampp\\htdocs\\www\\Remanente-LMS-Re\\vendor\\laravel\\framework\\src\\Illuminate\\View\\Engines\\PhpEngine.php(60): Livewire\\Mechanisms\\ExtendBlade\\ExtendedCompilerEngine->handleViewException(Object(ErrorException), 1)
#2 C:\\xampp\\htdocs\\www\\Remanente-LMS-Re\\vendor\\livewire\\livewire\\src\\Mechanisms\\ExtendBlade\\ExtendedCompilerEngine.php(22): Illuminate\\View\\Engines\\PhpEngine->evaluatePath('C:\\\\xampp\\\\htdocs...', Array)
#3 C:\\xampp\\htdocs\\www\\Remanente-LMS-Re\\vendor\\laravel\\framework\\src\\Illuminate\\View\\Engines\\CompilerEngine.php(72): Livewire\\Mechanisms\\ExtendBlade\\ExtendedCompilerEngine->evaluatePath('C:\\\\xampp\\\\htdocs...', Array)
#4 C:\\xampp\\htdocs\\www\\Remanente-LMS-Re\\vendor\\livewire\\livewire\\src\\Mechanisms\\ExtendBlade\\ExtendedCompilerEngine.php(10): Illuminate\\View\\Engines\\CompilerEngine->get('C:\\\\xampp\\\\htdocs...', Array)
#5 C:\\xampp\\htdocs\\www\\Remanente-LMS-Re\\vendor\\laravel\\framework\\src\\Illuminate\\View\\View.php(207): Livewire\\Mechanisms\\ExtendBlade\\ExtendedCompilerEngine->get('C:\\\\xampp\\\\htdocs...', Array)
#6 C:\\xampp\\htdocs\\www\\Remanente-LMS-Re\\vendor\\laravel\\framework\\src\\Illuminate\\View\\View.php(190): Illuminate\\View\\View->getContents()
#7 C:\\xampp\\htdocs\\www\\Remanente-LMS-Re\\vendor\\laravel\\framework\\src\\Illuminate\\View\\View.php(159): Illuminate\\View\\View->renderContents()
#8 C:\\xampp\\htdocs\\www\\Remanente-LMS-Re\\app\\Http\\Controllers\\Admin\\HorarioController.php(152): Illuminate\\View\\View->render()
#9 C:\\xampp\\htdocs\\www\\Remanente-LMS-Re\\vendor\\laravel\\framework\\src\\Illuminate\\Routing\\Controller.php(54): App\\Http\\Controllers\\Admin\\HorarioController->show_datos_cursos('2')
#10 C:\\xampp\\htdocs\\www\\Remanente-LMS-Re\\vendor\\laravel\\framework\\src\\Illuminate\\Routing\\ControllerDispatcher.php(43): Illuminate\\Routing\\Controller->callAction('show_datos_curs...', Array)
#11 C:\\xampp\\htdocs\\www\\Remanente-LMS-Re\\vendor\\laravel\\framework\\src\\Illuminate\\Routing\\Route.php(259): Illuminate\\Routing\\ControllerDispatcher->dispatch(Object(Illuminate\\Routing\\Route), Object(App\\Http\\Controllers\\Admin\\HorarioController), 'show_datos_curs...')
#12 C:\\xampp\\htdocs\\www\\Remanente-LMS-Re\\vendor\\laravel\\framework\\src\\Illuminate\\Routing\\Route.php(205): Illuminate\\Routing\\Route->runController()
#13 C:\\xampp\\htdocs\\www\\Remanente-LMS-Re\\vendor\\laravel\\framework\\src\\Illuminate\\Routing\\Router.php(806): Illuminate\\Routing\\Route->run()
#14 C:\\xampp\\htdocs\\www\\Remanente-LMS-Re\\vendor\\laravel\\framework\\src\\Illuminate\\Pipeline\\Pipeline.php(144): Illuminate\\Routing\\Router->Illuminate\\Routing\\{closure}(Object(Illuminate\\Http\\Request))
#15 C:\\xampp\\htdocs\\www\\Remanente-LMS-Re\\vendor\\barryvdh\\laravel-debugbar\\src\\Middleware\\InjectDebugbar.php(66): Illuminate\\Pipeline\\Pipeline->Illuminate\\Pipeline\\{closure}(Object(Illuminate\\Http\\Request))
#16 C:\\xampp\\htdocs\\www\\Remanente-LMS-Re\\vendor\\laravel\\framework\\src\\Illuminate\\Pipeline\\Pipeline.php(183): Barryvdh\\Debugbar\\Middleware\\InjectDebugbar->handle(Object(Illuminate\\Http\\Request), Object(Closure))
#17 C:\\xampp\\htdocs\\www\\Remanente-LMS-Re\\app\\Http\\Middleware\\EnsureProfileIsComplete.php(36): Illuminate\\Pipeline\\Pipeline->Illuminate\\Pipeline\\{closure}(Object(Illuminate\\Http\\Request))
#18 C:\\xampp\\htdocs\\www\\Remanente-LMS-Re\\vendor\\laravel\\framework\\src\\Illuminate\\Pipeline\\Pipeline.php(183): App\\Http\\Middleware\\EnsureProfileIsComplete->handle(Object(Illuminate\\Http\\Request), Object(Closure))
#19 C:\\xampp\\htdocs\\www\\Remanente-LMS-Re\\vendor\\laravel\\framework\\src\\Illuminate\\Routing\\Middleware\\SubstituteBindings.php(50): Illuminate\\Pipeline\\Pipeline->Illuminate\\Pipeline\\{closure}(Object(Illuminate\\Http\\Request))
#20 C:\\xampp\\htdocs\\www\\Remanente-LMS-Re\\vendor\\laravel\\framework\\src\\Illuminate\\Pipeline\\Pipeline.php(183): Illuminate\\Routing\\Middleware\\SubstituteBindings->handle(Object(Illuminate\\Http\\Request), Object(Closure))
#21 C:\\xampp\\htdocs\\www\\Remanente-LMS-Re\\vendor\\laravel\\framework\\src\\Illuminate\\Auth\\Middleware\\Authenticate.php(57): Illuminate\\Pipeline\\Pipeline->Illuminate\\Pipeline\\{closure}(Object(Illuminate\\Http\\Request))
#22 C:\\xampp\\htdocs\\www\\Remanente-LMS-Re\\vendor\\laravel\\framework\\src\\Illuminate\\Pipeline\\Pipeline.php(183): Illuminate\\Auth\\Middleware\\Authenticate->handle(Object(Illuminate\\Http\\Request), Object(Closure))
#23 C:\\xampp\\htdocs\\www\\Remanente-LMS-Re\\vendor\\laravel\\framework\\src\\Illuminate\\Foundation\\Http\\Middleware\\VerifyCsrfToken.php(78): Illuminate\\Pipeline\\Pipeline->Illuminate\\Pipeline\\{closure}(Object(Illuminate\\Http\\Request))
#24 C:\\xampp\\htdocs\\www\\Remanente-LMS-Re\\vendor\\laravel\\framework\\src\\Illuminate\\Pipeline\\Pipeline.php(183): Illuminate\\Foundation\\Http\\Middleware\\VerifyCsrfToken->handle(Object(Illuminate\\Http\\Request), Object(Closure))
#25 C:\\xampp\\htdocs\\www\\Remanente-LMS-Re\\vendor\\laravel\\framework\\src\\Illuminate\\View\\Middleware\\ShareErrorsFromSession.php(49): Illuminate\\Pipeline\\Pipeline->Illuminate\\Pipeline\\{closure}(Object(Illuminate\\Http\\Request))
#26 C:\\xampp\\htdocs\\www\\Remanente-LMS-Re\\vendor\\laravel\\framework\\src\\Illuminate\\Pipeline\\Pipeline.php(183): Illuminate\\View\\Middleware\\ShareErrorsFromSession->handle(Object(Illuminate\\Http\\Request), Object(Closure))
#27 C:\\xampp\\htdocs\\www\\Remanente-LMS-Re\\vendor\\laravel\\framework\\src\\Illuminate\\Session\\Middleware\\StartSession.php(121): Illuminate\\Pipeline\\Pipeline->Illuminate\\Pipeline\\{closure}(Object(Illuminate\\Http\\Request))
#28 C:\\xampp\\htdocs\\www\\Remanente-LMS-Re\\vendor\\laravel\\framework\\src\\Illuminate\\Session\\Middleware\\StartSession.php(64): Illuminate\\Session\\Middleware\\StartSession->handleStatefulRequest(Object(Illuminate\\Http\\Request), Object(Illuminate\\Session\\Store), Object(Closure))
#29 C:\\xampp\\htdocs\\www\\Remanente-LMS-Re\\vendor\\laravel\\framework\\src\\Illuminate\\Pipeline\\Pipeline.php(183): Illuminate\\Session\\Middleware\\StartSession->handle(Object(Illuminate\\Http\\Request), Object(Closure))
#30 C:\\xampp\\htdocs\\www\\Remanente-LMS-Re\\vendor\\laravel\\framework\\src\\Illuminate\\Cookie\\Middleware\\AddQueuedCookiesToResponse.php(37): Illuminate\\Pipeline\\Pipeline->Illuminate\\Pipeline\\{closure}(Object(Illuminate\\Http\\Request))
#31 C:\\xampp\\htdocs\\www\\Remanente-LMS-Re\\vendor\\laravel\\framework\\src\\Illuminate\\Pipeline\\Pipeline.php(183): Illuminate\\Cookie\\Middleware\\AddQueuedCookiesToResponse->handle(Object(Illuminate\\Http\\Request), Object(Closure))
#32 C:\\xampp\\htdocs\\www\\Remanente-LMS-Re\\vendor\\laravel\\framework\\src\\Illuminate\\Cookie\\Middleware\\EncryptCookies.php(67): Illuminate\\Pipeline\\Pipeline->Illuminate\\Pipeline\\{closure}(Object(Illuminate\\Http\\Request))
#33 C:\\xampp\\htdocs\\www\\Remanente-LMS-Re\\vendor\\laravel\\framework\\src\\Illuminate\\Pipeline\\Pipeline.php(183): Illuminate\\Cookie\\Middleware\\EncryptCookies->handle(Object(Illuminate\\Http\\Request), Object(Closure))
#34 C:\\xampp\\htdocs\\www\\Remanente-LMS-Re\\vendor\\laravel\\framework\\src\\Illuminate\\Pipeline\\Pipeline.php(119): Illuminate\\Pipeline\\Pipeline->Illuminate\\Pipeline\\{closure}(Object(Illuminate\\Http\\Request))
#35 C:\\xampp\\htdocs\\www\\Remanente-LMS-Re\\vendor\\laravel\\framework\\src\\Illuminate\\Routing\\Router.php(805): Illuminate\\Pipeline\\Pipeline->then(Object(Closure))
#36 C:\\xampp\\htdocs\\www\\Remanente-LMS-Re\\vendor\\laravel\\framework\\src\\Illuminate\\Routing\\Router.php(784): Illuminate\\Routing\\Router->runRouteWithinStack(Object(Illuminate\\Routing\\Route), Object(Illuminate\\Http\\Request))
#37 C:\\xampp\\htdocs\\www\\Remanente-LMS-Re\\vendor\\laravel\\framework\\src\\Illuminate\\Routing\\Router.php(748): Illuminate\\Routing\\Router->runRoute(Object(Illuminate\\Http\\Request), Object(Illuminate\\Routing\\Route))
#38 C:\\xampp\\htdocs\\www\\Remanente-LMS-Re\\vendor\\laravel\\framework\\src\\Illuminate\\Routing\\Router.php(737): Illuminate\\Routing\\Router->dispatchToRoute(Object(Illuminate\\Http\\Request))
#39 C:\\xampp\\htdocs\\www\\Remanente-LMS-Re\\vendor\\laravel\\framework\\src\\Illuminate\\Foundation\\Http\\Kernel.php(200): Illuminate\\Routing\\Router->dispatch(Object(Illuminate\\Http\\Request))
#40 C:\\xampp\\htdocs\\www\\Remanente-LMS-Re\\vendor\\laravel\\framework\\src\\Illuminate\\Pipeline\\Pipeline.php(144): Illuminate\\Foundation\\Http\\Kernel->Illuminate\\Foundation\\Http\\{closure}(Object(Illuminate\\Http\\Request))
#41 C:\\xampp\\htdocs\\www\\Remanente-LMS-Re\\vendor\\livewire\\livewire\\src\\Features\\SupportDisablingBackButtonCache\\DisableBackButtonCacheMiddleware.php(19): Illuminate\\Pipeline\\Pipeline->Illuminate\\Pipeline\\{closure}(Object(Illuminate\\Http\\Request))
#42 C:\\xampp\\htdocs\\www\\Remanente-LMS-Re\\vendor\\laravel\\framework\\src\\Illuminate\\Pipeline\\Pipeline.php(183): Livewire\\Features\\SupportDisablingBackButtonCache\\DisableBackButtonCacheMiddleware->handle(Object(Illuminate\\Http\\Request), Object(Closure))
#43 C:\\xampp\\htdocs\\www\\Remanente-LMS-Re\\vendor\\barryvdh\\laravel-debugbar\\src\\Middleware\\InjectDebugbar.php(66): Illuminate\\Pipeline\\Pipeline->Illuminate\\Pipeline\\{closure}(Object(Illuminate\\Http\\Request))
#44 C:\\xampp\\htdocs\\www\\Remanente-LMS-Re\\vendor\\laravel\\framework\\src\\Illuminate\\Pipeline\\Pipeline.php(183): Barryvdh\\Debugbar\\Middleware\\InjectDebugbar->handle(Object(Illuminate\\Http\\Request), Object(Closure))
#45 C:\\xampp\\htdocs\\www\\Remanente-LMS-Re\\vendor\\laravel\\framework\\src\\Illuminate\\Foundation\\Http\\Middleware\\TransformsRequest.php(21): Illuminate\\Pipeline\\Pipeline->Illuminate\\Pipeline\\{closure}(Object(Illuminate\\Http\\Request))
#46 C:\\xampp\\htdocs\\www\\Remanente-LMS-Re\\vendor\\laravel\\framework\\src\\Illuminate\\Foundation\\Http\\Middleware\\ConvertEmptyStringsToNull.php(31): Illuminate\\Foundation\\Http\\Middleware\\TransformsRequest->handle(Object(Illuminate\\Http\\Request), Object(Closure))
#47 C:\\xampp\\htdocs\\www\\Remanente-LMS-Re\\vendor\\laravel\\framework\\src\\Illuminate\\Pipeline\\Pipeline.php(183): Illuminate\\Foundation\\Http\\Middleware\\ConvertEmptyStringsToNull->handle(Object(Illuminate\\Http\\Request), Object(Closure))
#48 C:\\xampp\\htdocs\\www\\Remanente-LMS-Re\\vendor\\laravel\\framework\\src\\Illuminate\\Foundation\\Http\\Middleware\\TransformsRequest.php(21): Illuminate\\Pipeline\\Pipeline->Illuminate\\Pipeline\\{closure}(Object(Illuminate\\Http\\Request))
#49 C:\\xampp\\htdocs\\www\\Remanente-LMS-Re\\vendor\\laravel\\framework\\src\\Illuminate\\Foundation\\Http\\Middleware\\TrimStrings.php(40): Illuminate\\Foundation\\Http\\Middleware\\TransformsRequest->handle(Object(Illuminate\\Http\\Request), Object(Closure))
#50 C:\\xampp\\htdocs\\www\\Remanente-LMS-Re\\vendor\\laravel\\framework\\src\\Illuminate\\Pipeline\\Pipeline.php(183): Illuminate\\Foundation\\Http\\Middleware\\TrimStrings->handle(Object(Illuminate\\Http\\Request), Object(Closure))
#51 C:\\xampp\\htdocs\\www\\Remanente-LMS-Re\\vendor\\laravel\\framework\\src\\Illuminate\\Foundation\\Http\\Middleware\\ValidatePostSize.php(27): Illuminate\\Pipeline\\Pipeline->Illuminate\\Pipeline\\{closure}(Object(Illuminate\\Http\\Request))
#52 C:\\xampp\\htdocs\\www\\Remanente-LMS-Re\\vendor\\laravel\\framework\\src\\Illuminate\\Pipeline\\Pipeline.php(183): Illuminate\\Foundation\\Http\\Middleware\\ValidatePostSize->handle(Object(Illuminate\\Http\\Request), Object(Closure))
#53 C:\\xampp\\htdocs\\www\\Remanente-LMS-Re\\vendor\\laravel\\framework\\src\\Illuminate\\Foundation\\Http\\Middleware\\PreventRequestsDuringMaintenance.php(99): Illuminate\\Pipeline\\Pipeline->Illuminate\\Pipeline\\{closure}(Object(Illuminate\\Http\\Request))
#54 C:\\xampp\\htdocs\\www\\Remanente-LMS-Re\\vendor\\laravel\\framework\\src\\Illuminate\\Pipeline\\Pipeline.php(183): Illuminate\\Foundation\\Http\\Middleware\\PreventRequestsDuringMaintenance->handle(Object(Illuminate\\Http\\Request), Object(Closure))
#55 C:\\xampp\\htdocs\\www\\Remanente-LMS-Re\\vendor\\laravel\\framework\\src\\Illuminate\\Http\\Middleware\\HandleCors.php(49): Illuminate\\Pipeline\\Pipeline->Illuminate\\Pipeline\\{closure}(Object(Illuminate\\Http\\Request))
#56 C:\\xampp\\htdocs\\www\\Remanente-LMS-Re\\vendor\\laravel\\framework\\src\\Illuminate\\Pipeline\\Pipeline.php(183): Illuminate\\Http\\Middleware\\HandleCors->handle(Object(Illuminate\\Http\\Request), Object(Closure))
#57 C:\\xampp\\htdocs\\www\\Remanente-LMS-Re\\vendor\\laravel\\framework\\src\\Illuminate\\Http\\Middleware\\TrustProxies.php(39): Illuminate\\Pipeline\\Pipeline->Illuminate\\Pipeline\\{closure}(Object(Illuminate\\Http\\Request))
#58 C:\\xampp\\htdocs\\www\\Remanente-LMS-Re\\vendor\\laravel\\framework\\src\\Illuminate\\Pipeline\\Pipeline.php(183): Illuminate\\Http\\Middleware\\TrustProxies->handle(Object(Illuminate\\Http\\Request), Object(Closure))
#59 C:\\xampp\\htdocs\\www\\Remanente-LMS-Re\\vendor\\laravel\\framework\\src\\Illuminate\\Pipeline\\Pipeline.php(119): Illuminate\\Pipeline\\Pipeline->Illuminate\\Pipeline\\{closure}(Object(Illuminate\\Http\\Request))
#60 C:\\xampp\\htdocs\\www\\Remanente-LMS-Re\\vendor\\laravel\\framework\\src\\Illuminate\\Foundation\\Http\\Kernel.php(175): Illuminate\\Pipeline\\Pipeline->then(Object(Closure))
#61 C:\\xampp\\htdocs\\www\\Remanente-LMS-Re\\vendor\\laravel\\framework\\src\\Illuminate\\Foundation\\Http\\Kernel.php(144): Illuminate\\Foundation\\Http\\Kernel->sendRequestThroughRouter(Object(Illuminate\\Http\\Request))
#62 C:\\xampp\\htdocs\\www\\Remanente-LMS-Re\\public\\index.php(51): Illuminate\\Foundation\\Http\\Kernel->handle(Object(Illuminate\\Http\\Request))
#63 C:\\xampp\\htdocs\\www\\Remanente-LMS-Re\\vendor\\laravel\\framework\\src\\Illuminate\\Foundation\\resources\\server.php(16): require_once('C:\\\\xampp\\\\htdocs...')
#64 {main}"} 
[2026-08-31 08:15:58] local.ERROR: Fallo en show_datos_cursos {"profesor_id":"1","mensaje":"Undefined property: stdClass::$user_id (View: C:\\xampp\\htdocs\\www\\Remanente-LMS-Re\\resources\\views\\admin\\horarios\\show_datos_cursos.blade.php)","archivo":"C:\\xampp\\htdocs\\www\\Remanente-LMS-Re\\storage\\framework\\views\\ca12563bec2c21cce26e7eff46a168dc.php:76","trace":"#0 C:\\xampp\\htdocs\\www\\Remanente-LMS-Re\\vendor\\livewire\\livewire\\src\\Mechanisms\\ExtendBlade\\ExtendedCompilerEngine.php(58): Illuminate\\View\\Engines\\CompilerEngine->handleViewException(Object(ErrorException), 1)
#1 C:\\xampp\\htdocs\\www\\Remanente-LMS-Re\\vendor\\laravel\\framework\\src\\Illuminate\\View\\Engines\\PhpEngine.php(60): Livewire\\Mechanisms\\ExtendBlade\\ExtendedCompilerEngine->handleViewException(Object(ErrorException), 1)
#2 C:\\xampp\\htdocs\\www\\Remanente-LMS-Re\\vendor\\livewire\\livewire\\src\\Mechanisms\\ExtendBlade\\ExtendedCompilerEngine.php(22): Illuminate\\View\\Engines\\PhpEngine->evaluatePath('C:\\\\xampp\\\\htdocs...', Array)
#3 C:\\xampp\\htdocs\\www\\Remanente-LMS-Re\\vendor\\laravel\\framework\\src\\Illuminate\\View\\Engines\\CompilerEngine.php(72): Livewire\\Mechanisms\\ExtendBlade\\ExtendedCompilerEngine->evaluatePath('C:\\\\xampp\\\\htdocs...', Array)
#4 C:\\xampp\\htdocs\\www\\Remanente-LMS-Re\\vendor\\livewire\\livewire\\src\\Mechanisms\\ExtendBlade\\ExtendedCompilerEngine.php(10): Illuminate\\View\\Engines\\CompilerEngine->get('C:\\\\xampp\\\\htdocs...', Array)
#5 C:\\xampp\\htdocs\\www\\Remanente-LMS-Re\\vendor\\laravel\\framework\\src\\Illuminate\\View\\View.php(207): Livewire\\Mechanisms\\ExtendBlade\\ExtendedCompilerEngine->get('C:\\\\xampp\\\\htdocs...', Array)
#6 C:\\xampp\\htdocs\\www\\Remanente-LMS-Re\\vendor\\laravel\\framework\\src\\Illuminate\\View\\View.php(190): Illuminate\\View\\View->getContents()
#7 C:\\xampp\\htdocs\\www\\Remanente-LMS-Re\\vendor\\laravel\\framework\\src\\Illuminate\\View\\View.php(159): Illuminate\\View\\View->renderContents()
#8 C:\\xampp\\htdocs\\www\\Remanente-LMS-Re\\app\\Http\\Controllers\\Admin\\HorarioController.php(152): Illuminate\\View\\View->render()
#9 C:\\xampp\\htdocs\\www\\Remanente-LMS-Re\\vendor\\laravel\\framework\\src\\Illuminate\\Routing\\Controller.php(54): App\\Http\\Controllers\\Admin\\HorarioController->show_datos_cursos('1')
#10 C:\\xampp\\htdocs\\www\\Remanente-LMS-Re\\vendor\\laravel\\framework\\src\\Illuminate\\Routing\\ControllerDispatcher.php(43): Illuminate\\Routing\\Controller->callAction('show_datos_curs...', Array)
#11 C:\\xampp\\htdocs\\www\\Remanente-LMS-Re\\vendor\\laravel\\framework\\src\\Illuminate\\Routing\\Route.php(259): Illuminate\\Routing\\ControllerDispatcher->dispatch(Object(Illuminate\\Routing\\Route), Object(App\\Http\\Controllers\\Admin\\HorarioController), 'show_datos_curs...')
#12 C:\\xampp\\htdocs\\www\\Remanente-LMS-Re\\vendor\\laravel\\framework\\src\\Illuminate\\Routing\\Route.php(205): Illuminate\\Routing\\Route->runController()
#13 C:\\xampp\\htdocs\\www\\Remanente-LMS-Re\\vendor\\laravel\\framework\\src\\Illuminate\\Routing\\Router.php(806): Illuminate\\Routing\\Route->run()
#14 C:\\xampp\\htdocs\\www\\Remanente-LMS-Re\\vendor\\laravel\\framework\\src\\Illuminate\\Pipeline\\Pipeline.php(144): Illuminate\\Routing\\Router->Illuminate\\Routing\\{closure}(Object(Illuminate\\Http\\Request))
#15 C:\\xampp\\htdocs\\www\\Remanente-LMS-Re\\vendor\\barryvdh\\laravel-debugbar\\src\\Middleware\\InjectDebugbar.php(66): Illuminate\\Pipeline\\Pipeline->Illuminate\\Pipeline\\{closure}(Object(Illuminate\\Http\\Request))
#16 C:\\xampp\\htdocs\\www\\Remanente-LMS-Re\\vendor\\laravel\\framework\\src\\Illuminate\\Pipeline\\Pipeline.php(183): Barryvdh\\Debugbar\\Middleware\\InjectDebugbar->handle(Object(Illuminate\\Http\\Request), Object(Closure))
#17 C:\\xampp\\htdocs\\www\\Remanente-LMS-Re\\app\\Http\\Middleware\\EnsureProfileIsComplete.php(36): Illuminate\\Pipeline\\Pipeline->Illuminate\\Pipeline\\{closure}(Object(Illuminate\\Http\\Request))
#18 C:\\xampp\\htdocs\\www\\Remanente-LMS-Re\\vendor\\laravel\\framework\\src\\Illuminate\\Pipeline\\Pipeline.php(183): App\\Http\\Middleware\\EnsureProfileIsComplete->handle(Object(Illuminate\\Http\\Request), Object(Closure))
#19 C:\\xampp\\htdocs\\www\\Remanente-LMS-Re\\vendor\\laravel\\framework\\src\\Illuminate\\Routing\\Middleware\\SubstituteBindings.php(50): Illuminate\\Pipeline\\Pipeline->Illuminate\\Pipeline\\{closure}(Object(Illuminate\\Http\\Request))
#20 C:\\xampp\\htdocs\\www\\Remanente-LMS-Re\\vendor\\laravel\\framework\\src\\Illuminate\\Pipeline\\Pipeline.php(183): Illuminate\\Routing\\Middleware\\SubstituteBindings->handle(Object(Illuminate\\Http\\Request), Object(Closure))
#21 C:\\xampp\\htdocs\\www\\Remanente-LMS-Re\\vendor\\laravel\\framework\\src\\Illuminate\\Auth\\Middleware\\Authenticate.php(57): Illuminate\\Pipeline\\Pipeline->Illuminate\\Pipeline\\{closure}(Object(Illuminate\\Http\\Request))
#22 C:\\xampp\\htdocs\\www\\Remanente-LMS-Re\\vendor\\laravel\\framework\\src\\Illuminate\\Pipeline\\Pipeline.php(183): Illuminate\\Auth\\Middleware\\Authenticate->handle(Object(Illuminate\\Http\\Request), Object(Closure))
#23 C:\\xampp\\htdocs\\www\\Remanente-LMS-Re\\vendor\\laravel\\framework\\src\\Illuminate\\Foundation\\Http\\Middleware\\VerifyCsrfToken.php(78): Illuminate\\Pipeline\\Pipeline->Illuminate\\Pipeline\\{closure}(Object(Illuminate\\Http\\Request))
#24 C:\\xampp\\htdocs\\www\\Remanente-LMS-Re\\vendor\\laravel\\framework\\src\\Illuminate\\Pipeline\\Pipeline.php(183): Illuminate\\Foundation\\Http\\Middleware\\VerifyCsrfToken->handle(Object(Illuminate\\Http\\Request), Object(Closure))
#25 C:\\xampp\\htdocs\\www\\Remanente-LMS-Re\\vendor\\laravel\\framework\\src\\Illuminate\\View\\Middleware\\ShareErrorsFromSession.php(49): Illuminate\\Pipeline\\Pipeline->Illuminate\\Pipeline\\{closure}(Object(Illuminate\\Http\\Request))
#26 C:\\xampp\\htdocs\\www\\Remanente-LMS-Re\\vendor\\laravel\\framework\\src\\Illuminate\\Pipeline\\Pipeline.php(183): Illuminate\\View\\Middleware\\ShareErrorsFromSession->handle(Object(Illuminate\\Http\\Request), Object(Closure))
#27 C:\\xampp\\htdocs\\www\\Remanente-LMS-Re\\vendor\\laravel\\framework\\src\\Illuminate\\Session\\Middleware\\StartSession.php(121): Illuminate\\Pipeline\\Pipeline->Illuminate\\Pipeline\\{closure}(Object(Illuminate\\Http\\Request))
#28 C:\\xampp\\htdocs\\www\\Remanente-LMS-Re\\vendor\\laravel\\framework\\src\\Illuminate\\Session\\Middleware\\StartSession.php(64): Illuminate\\Session\\Middleware\\StartSession->handleStatefulRequest(Object(Illuminate\\Http\\Request), Object(Illuminate\\Session\\Store), Object(Closure))
#29 C:\\xampp\\htdocs\\www\\Remanente-LMS-Re\\vendor\\laravel\\framework\\src\\Illuminate\\Pipeline\\Pipeline.php(183): Illuminate\\Session\\Middleware\\StartSession->handle(Object(Illuminate\\Http\\Request), Object(Closure))
#30 C:\\xampp\\htdocs\\www\\Remanente-LMS-Re\\vendor\\laravel\\framework\\src\\Illuminate\\Cookie\\Middleware\\AddQueuedCookiesToResponse.php(37): Illuminate\\Pipeline\\Pipeline->Illuminate\\Pipeline\\{closure}(Object(Illuminate\\Http\\Request))
#31 C:\\xampp\\htdocs\\www\\Remanente-LMS-Re\\vendor\\laravel\\framework\\src\\Illuminate\\Pipeline\\Pipeline.php(183): Illuminate\\Cookie\\Middleware\\AddQueuedCookiesToResponse->handle(Object(Illuminate\\Http\\Request), Object(Closure))
#32 C:\\xampp\\htdocs\\www\\Remanente-LMS-Re\\vendor\\laravel\\framework\\src\\Illuminate\\Cookie\\Middleware\\EncryptCookies.php(67): Illuminate\\Pipeline\\Pipeline->Illuminate\\Pipeline\\{closure}(Object(Illuminate\\Http\\Request))
#33 C:\\xampp\\htdocs\\www\\Remanente-LMS-Re\\vendor\\laravel\\framework\\src\\Illuminate\\Pipeline\\Pipeline.php(183): Illuminate\\Cookie\\Middleware\\EncryptCookies->handle(Object(Illuminate\\Http\\Request), Object(Closure))
#34 C:\\xampp\\htdocs\\www\\Remanente-LMS-Re\\vendor\\laravel\\framework\\src\\Illuminate\\Pipeline\\Pipeline.php(119): Illuminate\\Pipeline\\Pipeline->Illuminate\\Pipeline\\{closure}(Object(Illuminate\\Http\\Request))
#35 C:\\xampp\\htdocs\\www\\Remanente-LMS-Re\\vendor\\laravel\\framework\\src\\Illuminate\\Routing\\Router.php(805): Illuminate\\Pipeline\\Pipeline->then(Object(Closure))
#36 C:\\xampp\\htdocs\\www\\Remanente-LMS-Re\\vendor\\laravel\\framework\\src\\Illuminate\\Routing\\Router.php(784): Illuminate\\Routing\\Router->runRouteWithinStack(Object(Illuminate\\Routing\\Route), Object(Illuminate\\Http\\Request))
#37 C:\\xampp\\htdocs\\www\\Remanente-LMS-Re\\vendor\\laravel\\framework\\src\\Illuminate\\Routing\\Router.php(748): Illuminate\\Routing\\Router->runRoute(Object(Illuminate\\Http\\Request), Object(Illuminate\\Routing\\Route))
#38 C:\\xampp\\htdocs\\www\\Remanente-LMS-Re\\vendor\\laravel\\framework\\src\\Illuminate\\Routing\\Router.php(737): Illuminate\\Routing\\Router->dispatchToRoute(Object(Illuminate\\Http\\Request))
#39 C:\\xampp\\htdocs\\www\\Remanente-LMS-Re\\vendor\\laravel\\framework\\src\\Illuminate\\Foundation\\Http\\Kernel.php(200): Illuminate\\Routing\\Router->dispatch(Object(Illuminate\\Http\\Request))
#40 C:\\xampp\\htdocs\\www\\Remanente-LMS-Re\\vendor\\laravel\\framework\\src\\Illuminate\\Pipeline\\Pipeline.php(144): Illuminate\\Foundation\\Http\\Kernel->Illuminate\\Foundation\\Http\\{closure}(Object(Illuminate\\Http\\Request))
#41 C:\\xampp\\htdocs\\www\\Remanente-LMS-Re\\vendor\\livewire\\livewire\\src\\Features\\SupportDisablingBackButtonCache\\DisableBackButtonCacheMiddleware.php(19): Illuminate\\Pipeline\\Pipeline->Illuminate\\Pipeline\\{closure}(Object(Illuminate\\Http\\Request))
#42 C:\\xampp\\htdocs\\www\\Remanente-LMS-Re\\vendor\\laravel\\framework\\src\\Illuminate\\Pipeline\\Pipeline.php(183): Livewire\\Features\\SupportDisablingBackButtonCache\\DisableBackButtonCacheMiddleware->handle(Object(Illuminate\\Http\\Request), Object(Closure))
#43 C:\\xampp\\htdocs\\www\\Remanente-LMS-Re\\vendor\\barryvdh\\laravel-debugbar\\src\\Middleware\\InjectDebugbar.php(66): Illuminate\\Pipeline\\Pipeline->Illuminate\\Pipeline\\{closure}(Object(Illuminate\\Http\\Request))
#44 C:\\xampp\\htdocs\\www\\Remanente-LMS-Re\\vendor\\laravel\\framework\\src\\Illuminate\\Pipeline\\Pipeline.php(183): Barryvdh\\Debugbar\\Middleware\\InjectDebugbar->handle(Object(Illuminate\\Http\\Request), Object(Closure))
#45 C:\\xampp\\htdocs\\www\\Remanente-LMS-Re\\vendor\\laravel\\framework\\src\\Illuminate\\Foundation\\Http\\Middleware\\TransformsRequest.php(21): Illuminate\\Pipeline\\Pipeline->Illuminate\\Pipeline\\{closure}(Object(Illuminate\\Http\\Request))
#46 C:\\xampp\\htdocs\\www\\Remanente-LMS-Re\\vendor\\laravel\\framework\\src\\Illuminate\\Foundation\\Http\\Middleware\\ConvertEmptyStringsToNull.php(31): Illuminate\\Foundation\\Http\\Middleware\\TransformsRequest->handle(Object(Illuminate\\Http\\Request), Object(Closure))
#47 C:\\xampp\\htdocs\\www\\Remanente-LMS-Re\\vendor\\laravel\\framework\\src\\Illuminate\\Pipeline\\Pipeline.php(183): Illuminate\\Foundation\\Http\\Middleware\\ConvertEmptyStringsToNull->handle(Object(Illuminate\\Http\\Request), Object(Closure))
#48 C:\\xampp\\htdocs\\www\\Remanente-LMS-Re\\vendor\\laravel\\framework\\src\\Illuminate\\Foundation\\Http\\Middleware\\TransformsRequest.php(21): Illuminate\\Pipeline\\Pipeline->Illuminate\\Pipeline\\{closure}(Object(Illuminate\\Http\\Request))
#49 C:\\xampp\\htdocs\\www\\Remanente-LMS-Re\\vendor\\laravel\\framework\\src\\Illuminate\\Foundation\\Http\\Middleware\\TrimStrings.php(40): Illuminate\\Foundation\\Http\\Middleware\\TransformsRequest->handle(Object(Illuminate\\Http\\Request), Object(Closure))
#50 C:\\xampp\\htdocs\\www\\Remanente-LMS-Re\\vendor\\laravel\\framework\\src\\Illuminate\\Pipeline\\Pipeline.php(183): Illuminate\\Foundation\\Http\\Middleware\\TrimStrings->handle(Object(Illuminate\\Http\\Request), Object(Closure))
#51 C:\\xampp\\htdocs\\www\\Remanente-LMS-Re\\vendor\\laravel\\framework\\src\\Illuminate\\Foundation\\Http\\Middleware\\ValidatePostSize.php(27): Illuminate\\Pipeline\\Pipeline->Illuminate\\Pipeline\\{closure}(Object(Illuminate\\Http\\Request))
#52 C:\\xampp\\htdocs\\www\\Remanente-LMS-Re\\vendor\\laravel\\framework\\src\\Illuminate\\Pipeline\\Pipeline.php(183): Illuminate\\Foundation\\Http\\Middleware\\ValidatePostSize->handle(Object(Illuminate\\Http\\Request), Object(Closure))
#53 C:\\xampp\\htdocs\\www\\Remanente-LMS-Re\\vendor\\laravel\\framework\\src\\Illuminate\\Foundation\\Http\\Middleware\\PreventRequestsDuringMaintenance.php(99): Illuminate\\Pipeline\\Pipeline->Illuminate\\Pipeline\\{closure}(Object(Illuminate\\Http\\Request))
#54 C:\\xampp\\htdocs\\www\\Remanente-LMS-Re\\vendor\\laravel\\framework\\src\\Illuminate\\Pipeline\\Pipeline.php(183): Illuminate\\Foundation\\Http\\Middleware\\PreventRequestsDuringMaintenance->handle(Object(Illuminate\\Http\\Request), Object(Closure))
#55 C:\\xampp\\htdocs\\www\\Remanente-LMS-Re\\vendor\\laravel\\framework\\src\\Illuminate\\Http\\Middleware\\HandleCors.php(49): Illuminate\\Pipeline\\Pipeline->Illuminate\\Pipeline\\{closure}(Object(Illuminate\\Http\\Request))
#56 C:\\xampp\\htdocs\\www\\Remanente-LMS-Re\\vendor\\laravel\\framework\\src\\Illuminate\\Pipeline\\Pipeline.php(183): Illuminate\\Http\\Middleware\\HandleCors->handle(Object(Illuminate\\Http\\Request), Object(Closure))
#57 C:\\xampp\\htdocs\\www\\Remanente-LMS-Re\\vendor\\laravel\\framework\\src\\Illuminate\\Http\\Middleware\\TrustProxies.php(39): Illuminate\\Pipeline\\Pipeline->Illuminate\\Pipeline\\{closure}(Object(Illuminate\\Http\\Request))
#58 C:\\xampp\\htdocs\\www\\Remanente-LMS-Re\\vendor\\laravel\\framework\\src\\Illuminate\\Pipeline\\Pipeline.php(183): Illuminate\\Http\\Middleware\\TrustProxies->handle(Object(Illuminate\\Http\\Request), Object(Closure))
#59 C:\\xampp\\htdocs\\www\\Remanente-LMS-Re\\vendor\\laravel\\framework\\src\\Illuminate\\Pipeline\\Pipeline.php(119): Illuminate\\Pipeline\\Pipeline->Illuminate\\Pipeline\\{closure}(Object(Illuminate\\Http\\Request))
#60 C:\\xampp\\htdocs\\www\\Remanente-LMS-Re\\vendor\\laravel\\framework\\src\\Illuminate\\Foundation\\Http\\Kernel.php(175): Illuminate\\Pipeline\\Pipeline->then(Object(Closure))
#61 C:\\xampp\\htdocs\\www\\Remanente-LMS-Re\\vendor\\laravel\\framework\\src\\Illuminate\\Foundation\\Http\\Kernel.php(144): Illuminate\\Foundation\\Http\\Kernel->sendRequestThroughRouter(Object(Illuminate\\Http\\Request))
#62 C:\\xampp\\htdocs\\www\\Remanente-LMS-Re\\public\\index.php(51): Illuminate\\Foundation\\Http\\Kernel->handle(Object(Illuminate\\Http\\Request))
#63 C:\\xampp\\htdocs\\www\\Remanente-LMS-Re\\vendor\\laravel\\framework\\src\\Illuminate\\Foundation\\resources\\server.php(16): require_once('C:\\\\xampp\\\\htdocs...')
#64 {main}"} 
[2026-08-31 08:20:58] local.INFO: === INICIO DEL PROCESO ===  
[2026-08-31 08:20:58] local.INFO: Nuevo horario creado {"horario_id":7} 
[2026-08-31 08:34:21] local.INFO: Profesores para el curso ID 3: [{"id":1,"telefono":"4564564565","user_id":5,"created_at":"2026-08-31T02:01:03.000000Z","updated_at":"2026-08-31T02:01:03.000000Z","nombres":"Profesor","apellidos":"Lewis","user":{"id":5,"name":"Profesor","lastname":"Lewis","email":"profesor@email.com","email_verified_at":"2026-08-31T02:01:03.000000Z","two_factor_confirmed_at":null,"current_team_id":null,"profile_photo_path":null,"status":1,"created_at":"2026-08-31T02:01:03.000000Z","updated_at":"2026-08-31T02:01:03.000000Z","profile_photo_url":"https:\/\/ui-avatars.com\/api\/?name=P&color=7F9CF5&background=EBF4FF"}},{"id":4,"telefono":"123123213","user_id":8,"created_at":"2026-08-31T02:01:03.000000Z","updated_at":"2026-08-31T02:01:03.000000Z","nombres":"Martin Profe","apellidos":"Valdes","user":{"id":8,"name":"Martin Profe","lastname":"Valdes","email":"profesor3@email.com","email_verified_at":"2026-08-31T02:01:03.000000Z","two_factor_confirmed_at":null,"current_team_id":null,"profile_photo_path":null,"status":1,"created_at":"2026-08-31T02:01:03.000000Z","updated_at":"2026-08-31T02:01:03.000000Z","profile_photo_url":"https:\/\/ui-avatars.com\/api\/?name=M+P&color=7F9CF5&background=EBF4FF"}}]  
[2026-08-31 08:34:26] local.INFO: Profesores para el curso ID 2: [{"id":2,"telefono":"432324324","user_id":6,"created_at":"2026-08-31T02:01:03.000000Z","updated_at":"2026-08-31T02:01:03.000000Z","nombres":"TEACHER","apellidos":"Gallardo","user":{"id":6,"name":"TEACHER","lastname":"Gallardo","email":"profesor1@email.com","email_verified_at":"2026-08-31T02:01:03.000000Z","two_factor_confirmed_at":null,"current_team_id":null,"profile_photo_path":null,"status":1,"created_at":"2026-08-31T02:01:03.000000Z","updated_at":"2026-08-31T02:01:03.000000Z","profile_photo_url":"https:\/\/ui-avatars.com\/api\/?name=T&color=7F9CF5&background=EBF4FF"}},{"id":3,"telefono":"123123213","user_id":7,"created_at":"2026-08-31T02:01:03.000000Z","updated_at":"2026-08-31T02:01:03.000000Z","nombres":"Julio Profe","apellidos":"Valdes","user":{"id":7,"name":"Julio Profe","lastname":"Valdes","email":"profesor2@email.com","email_verified_at":"2026-08-31T02:01:03.000000Z","two_factor_confirmed_at":null,"current_team_id":null,"profile_photo_path":null,"status":1,"created_at":"2026-08-31T02:01:03.000000Z","updated_at":"2026-08-31T02:01:03.000000Z","profile_photo_url":"https:\/\/ui-avatars.com\/api\/?name=J+P&color=7F9CF5&background=EBF4FF"}}]  
[2026-08-31 09:02:54] local.ERROR: Class "App\Providers\Gate" not found {"exception":"[object] (Error(code: 0): Class \"App\\Providers\\Gate\" not found at C:/xampp/htdocs/www/Remanente-LMS-Re/app/Providers/AuthServiceProvider.php:42)
[stacktrace]
#0 C:/xampp/htdocs/www/Remanente-LMS-Re/vendor/laravel/framework/src/Illuminate/Container/BoundMethod.php(36): App/Providers/AuthServiceProvider->boot()
#1 C:/xampp/htdocs/www/Remanente-LMS-Re/vendor/laravel/framework/src/Illuminate/Container/Util.php(41): Illuminate/Container/BoundMethod::Illuminate/Container/{closure}()
#2 C:/xampp/htdocs/www/Remanente-LMS-Re/vendor/laravel/framework/src/Illuminate/Container/BoundMethod.php(93): Illuminate/Container/Util::unwrapIfClosure(Object(Closure))
#3 C:/xampp/htdocs/www/Remanente-LMS-Re/vendor/laravel/framework/src/Illuminate/Container/BoundMethod.php(35): Illuminate/Container/BoundMethod::callBoundMethod(Object(Illuminate/Foundation/Application), Array, Object(Closure))
#4 C:/xampp/htdocs/www/Remanente-LMS-Re/vendor/laravel/framework/src/Illuminate/Container/Container.php(662): Illuminate/Container/BoundMethod::call(Object(Illuminate/Foundation/Application), Array, Array, NULL)
#5 C:/xampp/htdocs/www/Remanente-LMS-Re/vendor/laravel/framework/src/Illuminate/Foundation/Application.php(1059): Illuminate/Container/Container->call(Array)
#6 C:/xampp/htdocs/www/Remanente-LMS-Re/vendor/laravel/framework/src/Illuminate/Foundation/Application.php(1040): Illuminate/Foundation/Application->bootProvider(Object(App/Providers/AuthServiceProvider))
#7 [internal function]: Illuminate/Foundation/Application->Illuminate/Foundation/{closure}(Object(App/Providers/AuthServiceProvider), 48)
#8 C:/xampp/htdocs/www/Remanente-LMS-Re/vendor/laravel/framework/src/Illuminate/Foundation/Application.php(1039): array_walk(Array, Object(Closure))
#9 C:/xampp/htdocs/www/Remanente-LMS-Re/vendor/laravel/framework/src/Illuminate/Foundation/Bootstrap/BootProviders.php(17): Illuminate/Foundation/Application->boot()
#10 C:/xampp/htdocs/www/Remanente-LMS-Re/vendor/laravel/framework/src/Illuminate/Foundation/Application.php(286): Illuminate/Foundation/Bootstrap/BootProviders->bootstrap(Object(Illuminate/Foundation/Application))
#11 C:/xampp/htdocs/www/Remanente-LMS-Re/vendor/laravel/framework/src/Illuminate/Foundation/Http/Kernel.php(186): Illuminate/Foundation/Application->bootstrapWith(Array)
#12 C:/xampp/htdocs/www/Remanente-LMS-Re/vendor/laravel/framework/src/Illuminate/Foundation/Http/Kernel.php(170): Illuminate/Foundation/Http/Kernel->bootstrap()
#13 C:/xampp/htdocs/www/Remanente-LMS-Re/vendor/laravel/framework/src/Illuminate/Foundation/Http/Kernel.php(144): Illuminate/Foundation/Http/Kernel->sendRequestThroughRouter(Object(Illuminate/Http/Request))
#14 C:/xampp/htdocs/www/Remanente-LMS-Re/public/index.php(51): Illuminate/Foundation/Http/Kernel->handle(Object(Illuminate/Http/Request))
#15 C:/xampp/htdocs/www/Remanente-LMS-Re/vendor/laravel/framework/src/Illuminate/Foundation/resources/server.php(16): require_once('C://xampp//htdocs...')
#16 {main}
"} 
[2026-08-31 09:03:05] local.ERROR: Class "App\Providers\Gate" not found {"exception":"[object] (Error(code: 0): Class \"App\\Providers\\Gate\" not found at C:/xampp/htdocs/www/Remanente-LMS-Re/app/Providers/AuthServiceProvider.php:42)
[stacktrace]
#0 C:/xampp/htdocs/www/Remanente-LMS-Re/vendor/laravel/framework/src/Illuminate/Container/BoundMethod.php(36): App/Providers/AuthServiceProvider->boot()
#1 C:/xampp/htdocs/www/Remanente-LMS-Re/vendor/laravel/framework/src/Illuminate/Container/Util.php(41): Illuminate/Container/BoundMethod::Illuminate/Container/{closure}()
#2 C:/xampp/htdocs/www/Remanente-LMS-Re/vendor/laravel/framework/src/Illuminate/Container/BoundMethod.php(93): Illuminate/Container/Util::unwrapIfClosure(Object(Closure))
#3 C:/xampp/htdocs/www/Remanente-LMS-Re/vendor/laravel/framework/src/Illuminate/Container/BoundMethod.php(35): Illuminate/Container/BoundMethod::callBoundMethod(Object(Illuminate/Foundation/Application), Array, Object(Closure))
#4 C:/xampp/htdocs/www/Remanente-LMS-Re/vendor/laravel/framework/src/Illuminate/Container/Container.php(662): Illuminate/Container/BoundMethod::call(Object(Illuminate/Foundation/Application), Array, Array, NULL)
#5 C:/xampp/htdocs/www/Remanente-LMS-Re/vendor/laravel/framework/src/Illuminate/Foundation/Application.php(1059): Illuminate/Container/Container->call(Array)
#6 C:/xampp/htdocs/www/Remanente-LMS-Re/vendor/laravel/framework/src/Illuminate/Foundation/Application.php(1040): Illuminate/Foundation/Application->bootProvider(Object(App/Providers/AuthServiceProvider))
#7 [internal function]: Illuminate/Foundation/Application->Illuminate/Foundation/{closure}(Object(App/Providers/AuthServiceProvider), 48)
#8 C:/xampp/htdocs/www/Remanente-LMS-Re/vendor/laravel/framework/src/Illuminate/Foundation/Application.php(1039): array_walk(Array, Object(Closure))
#9 C:/xampp/htdocs/www/Remanente-LMS-Re/vendor/laravel/framework/src/Illuminate/Foundation/Bootstrap/BootProviders.php(17): Illuminate/Foundation/Application->boot()
#10 C:/xampp/htdocs/www/Remanente-LMS-Re/vendor/laravel/framework/src/Illuminate/Foundation/Application.php(286): Illuminate/Foundation/Bootstrap/BootProviders->bootstrap(Object(Illuminate/Foundation/Application))
#11 C:/xampp/htdocs/www/Remanente-LMS-Re/vendor/laravel/framework/src/Illuminate/Foundation/Http/Kernel.php(186): Illuminate/Foundation/Application->bootstrapWith(Array)
#12 C:/xampp/htdocs/www/Remanente-LMS-Re/vendor/laravel/framework/src/Illuminate/Foundation/Http/Kernel.php(170): Illuminate/Foundation/Http/Kernel->bootstrap()
#13 C:/xampp/htdocs/www/Remanente-LMS-Re/vendor/laravel/framework/src/Illuminate/Foundation/Http/Kernel.php(144): Illuminate/Foundation/Http/Kernel->sendRequestThroughRouter(Object(Illuminate/Http/Request))
#14 C:/xampp/htdocs/www/Remanente-LMS-Re/public/index.php(51): Illuminate/Foundation/Http/Kernel->handle(Object(Illuminate/Http/Request))
#15 C:/xampp/htdocs/www/Remanente-LMS-Re/vendor/laravel/framework/src/Illuminate/Foundation/resources/server.php(16): require_once('C://xampp//htdocs...')
#16 {main}
"} 
[2026-08-31 09:03:06] local.ERROR: Class "App\Providers\Gate" not found {"exception":"[object] (Error(code: 0): Class \"App\\Providers\\Gate\" not found at C:/xampp/htdocs/www/Remanente-LMS-Re/app/Providers/AuthServiceProvider.php:42)
[stacktrace]
#0 C:/xampp/htdocs/www/Remanente-LMS-Re/vendor/laravel/framework/src/Illuminate/Container/BoundMethod.php(36): App/Providers/AuthServiceProvider->boot()
#1 C:/xampp/htdocs/www/Remanente-LMS-Re/vendor/laravel/framework/src/Illuminate/Container/Util.php(41): Illuminate/Container/BoundMethod::Illuminate/Container/{closure}()
#2 C:/xampp/htdocs/www/Remanente-LMS-Re/vendor/laravel/framework/src/Illuminate/Container/BoundMethod.php(93): Illuminate/Container/Util::unwrapIfClosure(Object(Closure))
#3 C:/xampp/htdocs/www/Remanente-LMS-Re/vendor/laravel/framework/src/Illuminate/Container/BoundMethod.php(35): Illuminate/Container/BoundMethod::callBoundMethod(Object(Illuminate/Foundation/Application), Array, Object(Closure))
#4 C:/xampp/htdocs/www/Remanente-LMS-Re/vendor/laravel/framework/src/Illuminate/Container/Container.php(662): Illuminate/Container/BoundMethod::call(Object(Illuminate/Foundation/Application), Array, Array, NULL)
#5 C:/xampp/htdocs/www/Remanente-LMS-Re/vendor/laravel/framework/src/Illuminate/Foundation/Application.php(1059): Illuminate/Container/Container->call(Array)
#6 C:/xampp/htdocs/www/Remanente-LMS-Re/vendor/laravel/framework/src/Illuminate/Foundation/Application.php(1040): Illuminate/Foundation/Application->bootProvider(Object(App/Providers/AuthServiceProvider))
#7 [internal function]: Illuminate/Foundation/Application->Illuminate/Foundation/{closure}(Object(App/Providers/AuthServiceProvider), 48)
#8 C:/xampp/htdocs/www/Remanente-LMS-Re/vendor/laravel/framework/src/Illuminate/Foundation/Application.php(1039): array_walk(Array, Object(Closure))
#9 C:/xampp/htdocs/www/Remanente-LMS-Re/vendor/laravel/framework/src/Illuminate/Foundation/Bootstrap/BootProviders.php(17): Illuminate/Foundation/Application->boot()
#10 C:/xampp/htdocs/www/Remanente-LMS-Re/vendor/laravel/framework/src/Illuminate/Foundation/Application.php(286): Illuminate/Foundation/Bootstrap/BootProviders->bootstrap(Object(Illuminate/Foundation/Application))
#11 C:/xampp/htdocs/www/Remanente-LMS-Re/vendor/laravel/framework/src/Illuminate/Foundation/Http/Kernel.php(186): Illuminate/Foundation/Application->bootstrapWith(Array)
#12 C:/xampp/htdocs/www/Remanente-LMS-Re/vendor/laravel/framework/src/Illuminate/Foundation/Http/Kernel.php(170): Illuminate/Foundation/Http/Kernel->bootstrap()
#13 C:/xampp/htdocs/www/Remanente-LMS-Re/vendor/laravel/framework/src/Illuminate/Foundation/Http/Kernel.php(144): Illuminate/Foundation/Http/Kernel->sendRequestThroughRouter(Object(Illuminate/Http/Request))
#14 C:/xampp/htdocs/www/Remanente-LMS-Re/public/index.php(51): Illuminate/Foundation/Http/Kernel->handle(Object(Illuminate/Http/Request))
#15 C:/xampp/htdocs/www/Remanente-LMS-Re/vendor/laravel/framework/src/Illuminate/Foundation/resources/server.php(16): require_once('C://xampp//htdocs...')
#16 {main}
"} 
[2026-08-31 09:03:06] local.ERROR: Class "App\Providers\Gate" not found {"exception":"[object] (Error(code: 0): Class \"App\\Providers\\Gate\" not found at C:/xampp/htdocs/www/Remanente-LMS-Re/app/Providers/AuthServiceProvider.php:42)
[stacktrace]
#0 C:/xampp/htdocs/www/Remanente-LMS-Re/vendor/laravel/framework/src/Illuminate/Container/BoundMethod.php(36): App/Providers/AuthServiceProvider->boot()
#1 C:/xampp/htdocs/www/Remanente-LMS-Re/vendor/laravel/framework/src/Illuminate/Container/Util.php(41): Illuminate/Container/BoundMethod::Illuminate/Container/{closure}()
#2 C:/xampp/htdocs/www/Remanente-LMS-Re/vendor/laravel/framework/src/Illuminate/Container/BoundMethod.php(93): Illuminate/Container/Util::unwrapIfClosure(Object(Closure))
#3 C:/xampp/htdocs/www/Remanente-LMS-Re/vendor/laravel/framework/src/Illuminate/Container/BoundMethod.php(35): Illuminate/Container/BoundMethod::callBoundMethod(Object(Illuminate/Foundation/Application), Array, Object(Closure))
#4 C:/xampp/htdocs/www/Remanente-LMS-Re/vendor/laravel/framework/src/Illuminate/Container/Container.php(662): Illuminate/Container/BoundMethod::call(Object(Illuminate/Foundation/Application), Array, Array, NULL)
#5 C:/xampp/htdocs/www/Remanente-LMS-Re/vendor/laravel/framework/src/Illuminate/Foundation/Application.php(1059): Illuminate/Container/Container->call(Array)
#6 C:/xampp/htdocs/www/Remanente-LMS-Re/vendor/laravel/framework/src/Illuminate/Foundation/Application.php(1040): Illuminate/Foundation/Application->bootProvider(Object(App/Providers/AuthServiceProvider))
#7 [internal function]: Illuminate/Foundation/Application->Illuminate/Foundation/{closure}(Object(App/Providers/AuthServiceProvider), 48)
#8 C:/xampp/htdocs/www/Remanente-LMS-Re/vendor/laravel/framework/src/Illuminate/Foundation/Application.php(1039): array_walk(Array, Object(Closure))
#9 C:/xampp/htdocs/www/Remanente-LMS-Re/vendor/laravel/framework/src/Illuminate/Foundation/Bootstrap/BootProviders.php(17): Illuminate/Foundation/Application->boot()
#10 C:/xampp/htdocs/www/Remanente-LMS-Re/vendor/laravel/framework/src/Illuminate/Foundation/Application.php(286): Illuminate/Foundation/Bootstrap/BootProviders->bootstrap(Object(Illuminate/Foundation/Application))
#11 C:/xampp/htdocs/www/Remanente-LMS-Re/vendor/laravel/framework/src/Illuminate/Foundation/Http/Kernel.php(186): Illuminate/Foundation/Application->bootstrapWith(Array)
#12 C:/xampp/htdocs/www/Remanente-LMS-Re/vendor/laravel/framework/src/Illuminate/Foundation/Http/Kernel.php(170): Illuminate/Foundation/Http/Kernel->bootstrap()
#13 C:/xampp/htdocs/www/Remanente-LMS-Re/vendor/laravel/framework/src/Illuminate/Foundation/Http/Kernel.php(144): Illuminate/Foundation/Http/Kernel->sendRequestThroughRouter(Object(Illuminate/Http/Request))
#14 C:/xampp/htdocs/www/Remanente-LMS-Re/public/index.php(51): Illuminate/Foundation/Http/Kernel->handle(Object(Illuminate/Http/Request))
#15 C:/xampp/htdocs/www/Remanente-LMS-Re/vendor/laravel/framework/src/Illuminate/Foundation/resources/server.php(16): require_once('C://xampp//htdocs...')
#16 {main}
"} 
[2026-08-31 09:03:31] local.ERROR: Class "App\Providers\Gate" not found {"exception":"[object] (Error(code: 0): Class \"App\\Providers\\Gate\" not found at C:/xampp/htdocs/www/Remanente-LMS-Re/app/Providers/AuthServiceProvider.php:42)
[stacktrace]
#0 C:/xampp/htdocs/www/Remanente-LMS-Re/vendor/laravel/framework/src/Illuminate/Container/BoundMethod.php(36): App/Providers/AuthServiceProvider->boot()
#1 C:/xampp/htdocs/www/Remanente-LMS-Re/vendor/laravel/framework/src/Illuminate/Container/Util.php(41): Illuminate/Container/BoundMethod::Illuminate/Container/{closure}()
#2 C:/xampp/htdocs/www/Remanente-LMS-Re/vendor/laravel/framework/src/Illuminate/Container/BoundMethod.php(93): Illuminate/Container/Util::unwrapIfClosure(Object(Closure))
#3 C:/xampp/htdocs/www/Remanente-LMS-Re/vendor/laravel/framework/src/Illuminate/Container/BoundMethod.php(35): Illuminate/Container/BoundMethod::callBoundMethod(Object(Illuminate/Foundation/Application), Array, Object(Closure))
#4 C:/xampp/htdocs/www/Remanente-LMS-Re/vendor/laravel/framework/src/Illuminate/Container/Container.php(662): Illuminate/Container/BoundMethod::call(Object(Illuminate/Foundation/Application), Array, Array, NULL)
#5 C:/xampp/htdocs/www/Remanente-LMS-Re/vendor/laravel/framework/src/Illuminate/Foundation/Application.php(1059): Illuminate/Container/Container->call(Array)
#6 C:/xampp/htdocs/www/Remanente-LMS-Re/vendor/laravel/framework/src/Illuminate/Foundation/Application.php(1040): Illuminate/Foundation/Application->bootProvider(Object(App/Providers/AuthServiceProvider))
#7 [internal function]: Illuminate/Foundation/Application->Illuminate/Foundation/{closure}(Object(App/Providers/AuthServiceProvider), 48)
#8 C:/xampp/htdocs/www/Remanente-LMS-Re/vendor/laravel/framework/src/Illuminate/Foundation/Application.php(1039): array_walk(Array, Object(Closure))
#9 C:/xampp/htdocs/www/Remanente-LMS-Re/vendor/laravel/framework/src/Illuminate/Foundation/Bootstrap/BootProviders.php(17): Illuminate/Foundation/Application->boot()
#10 C:/xampp/htdocs/www/Remanente-LMS-Re/vendor/laravel/framework/src/Illuminate/Foundation/Application.php(286): Illuminate/Foundation/Bootstrap/BootProviders->bootstrap(Object(Illuminate/Foundation/Application))
#11 C:/xampp/htdocs/www/Remanente-LMS-Re/vendor/laravel/framework/src/Illuminate/Foundation/Http/Kernel.php(186): Illuminate/Foundation/Application->bootstrapWith(Array)
#12 C:/xampp/htdocs/www/Remanente-LMS-Re/vendor/laravel/framework/src/Illuminate/Foundation/Http/Kernel.php(170): Illuminate/Foundation/Http/Kernel->bootstrap()
#13 C:/xampp/htdocs/www/Remanente-LMS-Re/vendor/laravel/framework/src/Illuminate/Foundation/Http/Kernel.php(144): Illuminate/Foundation/Http/Kernel->sendRequestThroughRouter(Object(Illuminate/Http/Request))
#14 C:/xampp/htdocs/www/Remanente-LMS-Re/public/index.php(51): Illuminate/Foundation/Http/Kernel->handle(Object(Illuminate/Http/Request))
#15 C:/xampp/htdocs/www/Remanente-LMS-Re/vendor/laravel/framework/src/Illuminate/Foundation/resources/server.php(16): require_once('C://xampp//htdocs...')
#16 {main}
"} 
[2026-08-31 09:04:01] local.ERROR: Class "App\Providers\Gate" not found {"exception":"[object] (Error(code: 0): Class \"App\\Providers\\Gate\" not found at C:/xampp/htdocs/www/Remanente-LMS-Re/app/Providers/AuthServiceProvider.php:42)
[stacktrace]
#0 C:/xampp/htdocs/www/Remanente-LMS-Re/vendor/laravel/framework/src/Illuminate/Container/BoundMethod.php(36): App/Providers/AuthServiceProvider->boot()
#1 C:/xampp/htdocs/www/Remanente-LMS-Re/vendor/laravel/framework/src/Illuminate/Container/Util.php(41): Illuminate/Container/BoundMethod::Illuminate/Container/{closure}()
#2 C:/xampp/htdocs/www/Remanente-LMS-Re/vendor/laravel/framework/src/Illuminate/Container/BoundMethod.php(93): Illuminate/Container/Util::unwrapIfClosure(Object(Closure))
#3 C:/xampp/htdocs/www/Remanente-LMS-Re/vendor/laravel/framework/src/Illuminate/Container/BoundMethod.php(35): Illuminate/Container/BoundMethod::callBoundMethod(Object(Illuminate/Foundation/Application), Array, Object(Closure))
#4 C:/xampp/htdocs/www/Remanente-LMS-Re/vendor/laravel/framework/src/Illuminate/Container/Container.php(662): Illuminate/Container/BoundMethod::call(Object(Illuminate/Foundation/Application), Array, Array, NULL)
#5 C:/xampp/htdocs/www/Remanente-LMS-Re/vendor/laravel/framework/src/Illuminate/Foundation/Application.php(1059): Illuminate/Container/Container->call(Array)
#6 C:/xampp/htdocs/www/Remanente-LMS-Re/vendor/laravel/framework/src/Illuminate/Foundation/Application.php(1040): Illuminate/Foundation/Application->bootProvider(Object(App/Providers/AuthServiceProvider))
#7 [internal function]: Illuminate/Foundation/Application->Illuminate/Foundation/{closure}(Object(App/Providers/AuthServiceProvider), 48)
#8 C:/xampp/htdocs/www/Remanente-LMS-Re/vendor/laravel/framework/src/Illuminate/Foundation/Application.php(1039): array_walk(Array, Object(Closure))
#9 C:/xampp/htdocs/www/Remanente-LMS-Re/vendor/laravel/framework/src/Illuminate/Foundation/Bootstrap/BootProviders.php(17): Illuminate/Foundation/Application->boot()
#10 C:/xampp/htdocs/www/Remanente-LMS-Re/vendor/laravel/framework/src/Illuminate/Foundation/Application.php(286): Illuminate/Foundation/Bootstrap/BootProviders->bootstrap(Object(Illuminate/Foundation/Application))
#11 C:/xampp/htdocs/www/Remanente-LMS-Re/vendor/laravel/framework/src/Illuminate/Foundation/Http/Kernel.php(186): Illuminate/Foundation/Application->bootstrapWith(Array)
#12 C:/xampp/htdocs/www/Remanente-LMS-Re/vendor/laravel/framework/src/Illuminate/Foundation/Http/Kernel.php(170): Illuminate/Foundation/Http/Kernel->bootstrap()
#13 C:/xampp/htdocs/www/Remanente-LMS-Re/vendor/laravel/framework/src/Illuminate/Foundation/Http/Kernel.php(144): Illuminate/Foundation/Http/Kernel->sendRequestThroughRouter(Object(Illuminate/Http/Request))
#14 C:/xampp/htdocs/www/Remanente-LMS-Re/public/index.php(51): Illuminate/Foundation/Http/Kernel->handle(Object(Illuminate/Http/Request))
#15 C:/xampp/htdocs/www/Remanente-LMS-Re/vendor/laravel/framework/src/Illuminate/Foundation/resources/server.php(16): require_once('C://xampp//htdocs...')
#16 {main}
"} 
[2026-08-31 09:04:05] local.ERROR: Class "App\Providers\Gate" not found {"exception":"[object] (Error(code: 0): Class \"App\\Providers\\Gate\" not found at C:/xampp/htdocs/www/Remanente-LMS-Re/app/Providers/AuthServiceProvider.php:42)
[stacktrace]
#0 C:/xampp/htdocs/www/Remanente-LMS-Re/vendor/laravel/framework/src/Illuminate/Container/BoundMethod.php(36): App/Providers/AuthServiceProvider->boot()
#1 C:/xampp/htdocs/www/Remanente-LMS-Re/vendor/laravel/framework/src/Illuminate/Container/Util.php(41): Illuminate/Container/BoundMethod::Illuminate/Container/{closure}()
#2 C:/xampp/htdocs/www/Remanente-LMS-Re/vendor/laravel/framework/src/Illuminate/Container/BoundMethod.php(93): Illuminate/Container/Util::unwrapIfClosure(Object(Closure))
#3 C:/xampp/htdocs/www/Remanente-LMS-Re/vendor/laravel/framework/src/Illuminate/Container/BoundMethod.php(35): Illuminate/Container/BoundMethod::callBoundMethod(Object(Illuminate/Foundation/Application), Array, Object(Closure))
#4 C:/xampp/htdocs/www/Remanente-LMS-Re/vendor/laravel/framework/src/Illuminate/Container/Container.php(662): Illuminate/Container/BoundMethod::call(Object(Illuminate/Foundation/Application), Array, Array, NULL)
#5 C:/xampp/htdocs/www/Remanente-LMS-Re/vendor/laravel/framework/src/Illuminate/Foundation/Application.php(1059): Illuminate/Container/Container->call(Array)
#6 C:/xampp/htdocs/www/Remanente-LMS-Re/vendor/laravel/framework/src/Illuminate/Foundation/Application.php(1040): Illuminate/Foundation/Application->bootProvider(Object(App/Providers/AuthServiceProvider))
#7 [internal function]: Illuminate/Foundation/Application->Illuminate/Foundation/{closure}(Object(App/Providers/AuthServiceProvider), 48)
#8 C:/xampp/htdocs/www/Remanente-LMS-Re/vendor/laravel/framework/src/Illuminate/Foundation/Application.php(1039): array_walk(Array, Object(Closure))
#9 C:/xampp/htdocs/www/Remanente-LMS-Re/vendor/laravel/framework/src/Illuminate/Foundation/Bootstrap/BootProviders.php(17): Illuminate/Foundation/Application->boot()
#10 C:/xampp/htdocs/www/Remanente-LMS-Re/vendor/laravel/framework/src/Illuminate/Foundation/Application.php(286): Illuminate/Foundation/Bootstrap/BootProviders->bootstrap(Object(Illuminate/Foundation/Application))
#11 C:/xampp/htdocs/www/Remanente-LMS-Re/vendor/laravel/framework/src/Illuminate/Foundation/Http/Kernel.php(186): Illuminate/Foundation/Application->bootstrapWith(Array)
#12 C:/xampp/htdocs/www/Remanente-LMS-Re/vendor/laravel/framework/src/Illuminate/Foundation/Http/Kernel.php(170): Illuminate/Foundation/Http/Kernel->bootstrap()
#13 C:/xampp/htdocs/www/Remanente-LMS-Re/vendor/laravel/framework/src/Illuminate/Foundation/Http/Kernel.php(144): Illuminate/Foundation/Http/Kernel->sendRequestThroughRouter(Object(Illuminate/Http/Request))
#14 C:/xampp/htdocs/www/Remanente-LMS-Re/public/index.php(51): Illuminate/Foundation/Http/Kernel->handle(Object(Illuminate/Http/Request))
#15 C:/xampp/htdocs/www/Remanente-LMS-Re/vendor/laravel/framework/src/Illuminate/Foundation/resources/server.php(16): require_once('C://xampp//htdocs...')
#16 {main}
"} 
[2026-08-31 09:04:06] local.ERROR: Class "App\Providers\Gate" not found {"exception":"[object] (Error(code: 0): Class \"App\\Providers\\Gate\" not found at C:/xampp/htdocs/www/Remanente-LMS-Re/app/Providers/AuthServiceProvider.php:42)
[stacktrace]
#0 C:/xampp/htdocs/www/Remanente-LMS-Re/vendor/laravel/framework/src/Illuminate/Container/BoundMethod.php(36): App/Providers/AuthServiceProvider->boot()
#1 C:/xampp/htdocs/www/Remanente-LMS-Re/vendor/laravel/framework/src/Illuminate/Container/Util.php(41): Illuminate/Container/BoundMethod::Illuminate/Container/{closure}()
#2 C:/xampp/htdocs/www/Remanente-LMS-Re/vendor/laravel/framework/src/Illuminate/Container/BoundMethod.php(93): Illuminate/Container/Util::unwrapIfClosure(Object(Closure))
#3 C:/xampp/htdocs/www/Remanente-LMS-Re/vendor/laravel/framework/src/Illuminate/Container/BoundMethod.php(35): Illuminate/Container/BoundMethod::callBoundMethod(Object(Illuminate/Foundation/Application), Array, Object(Closure))
#4 C:/xampp/htdocs/www/Remanente-LMS-Re/vendor/laravel/framework/src/Illuminate/Container/Container.php(662): Illuminate/Container/BoundMethod::call(Object(Illuminate/Foundation/Application), Array, Array, NULL)
#5 C:/xampp/htdocs/www/Remanente-LMS-Re/vendor/laravel/framework/src/Illuminate/Foundation/Application.php(1059): Illuminate/Container/Container->call(Array)
#6 C:/xampp/htdocs/www/Remanente-LMS-Re/vendor/laravel/framework/src/Illuminate/Foundation/Application.php(1040): Illuminate/Foundation/Application->bootProvider(Object(App/Providers/AuthServiceProvider))
#7 [internal function]: Illuminate/Foundation/Application->Illuminate/Foundation/{closure}(Object(App/Providers/AuthServiceProvider), 48)
#8 C:/xampp/htdocs/www/Remanente-LMS-Re/vendor/laravel/framework/src/Illuminate/Foundation/Application.php(1039): array_walk(Array, Object(Closure))
#9 C:/xampp/htdocs/www/Remanente-LMS-Re/vendor/laravel/framework/src/Illuminate/Foundation/Bootstrap/BootProviders.php(17): Illuminate/Foundation/Application->boot()
#10 C:/xampp/htdocs/www/Remanente-LMS-Re/vendor/laravel/framework/src/Illuminate/Foundation/Application.php(286): Illuminate/Foundation/Bootstrap/BootProviders->bootstrap(Object(Illuminate/Foundation/Application))
#11 C:/xampp/htdocs/www/Remanente-LMS-Re/vendor/laravel/framework/src/Illuminate/Foundation/Http/Kernel.php(186): Illuminate/Foundation/Application->bootstrapWith(Array)
#12 C:/xampp/htdocs/www/Remanente-LMS-Re/vendor/laravel/framework/src/Illuminate/Foundation/Http/Kernel.php(170): Illuminate/Foundation/Http/Kernel->bootstrap()
#13 C:/xampp/htdocs/www/Remanente-LMS-Re/vendor/laravel/framework/src/Illuminate/Foundation/Http/Kernel.php(144): Illuminate/Foundation/Http/Kernel->sendRequestThroughRouter(Object(Illuminate/Http/Request))
#14 C:/xampp/htdocs/www/Remanente-LMS-Re/public/index.php(51): Illuminate/Foundation/Http/Kernel->handle(Object(Illuminate/Http/Request))
#15 C:/xampp/htdocs/www/Remanente-LMS-Re/vendor/laravel/framework/src/Illuminate/Foundation/resources/server.php(16): require_once('C://xampp//htdocs...')
#16 {main}
"} 
[2026-08-31 09:04:06] local.ERROR: Class "App\Providers\Gate" not found {"exception":"[object] (Error(code: 0): Class \"App\\Providers\\Gate\" not found at C:/xampp/htdocs/www/Remanente-LMS-Re/app/Providers/AuthServiceProvider.php:42)
[stacktrace]
#0 C:/xampp/htdocs/www/Remanente-LMS-Re/vendor/laravel/framework/src/Illuminate/Container/BoundMethod.php(36): App/Providers/AuthServiceProvider->boot()
#1 C:/xampp/htdocs/www/Remanente-LMS-Re/vendor/laravel/framework/src/Illuminate/Container/Util.php(41): Illuminate/Container/BoundMethod::Illuminate/Container/{closure}()
#2 C:/xampp/htdocs/www/Remanente-LMS-Re/vendor/laravel/framework/src/Illuminate/Container/BoundMethod.php(93): Illuminate/Container/Util::unwrapIfClosure(Object(Closure))
#3 C:/xampp/htdocs/www/Remanente-LMS-Re/vendor/laravel/framework/src/Illuminate/Container/BoundMethod.php(35): Illuminate/Container/BoundMethod::callBoundMethod(Object(Illuminate/Foundation/Application), Array, Object(Closure))
#4 C:/xampp/htdocs/www/Remanente-LMS-Re/vendor/laravel/framework/src/Illuminate/Container/Container.php(662): Illuminate/Container/BoundMethod::call(Object(Illuminate/Foundation/Application), Array, Array, NULL)
#5 C:/xampp/htdocs/www/Remanente-LMS-Re/vendor/laravel/framework/src/Illuminate/Foundation/Application.php(1059): Illuminate/Container/Container->call(Array)
#6 C:/xampp/htdocs/www/Remanente-LMS-Re/vendor/laravel/framework/src/Illuminate/Foundation/Application.php(1040): Illuminate/Foundation/Application->bootProvider(Object(App/Providers/AuthServiceProvider))
#7 [internal function]: Illuminate/Foundation/Application->Illuminate/Foundation/{closure}(Object(App/Providers/AuthServiceProvider), 48)
#8 C:/xampp/htdocs/www/Remanente-LMS-Re/vendor/laravel/framework/src/Illuminate/Foundation/Application.php(1039): array_walk(Array, Object(Closure))
#9 C:/xampp/htdocs/www/Remanente-LMS-Re/vendor/laravel/framework/src/Illuminate/Foundation/Bootstrap/BootProviders.php(17): Illuminate/Foundation/Application->boot()
#10 C:/xampp/htdocs/www/Remanente-LMS-Re/vendor/laravel/framework/src/Illuminate/Foundation/Application.php(286): Illuminate/Foundation/Bootstrap/BootProviders->bootstrap(Object(Illuminate/Foundation/Application))
#11 C:/xampp/htdocs/www/Remanente-LMS-Re/vendor/laravel/framework/src/Illuminate/Foundation/Http/Kernel.php(186): Illuminate/Foundation/Application->bootstrapWith(Array)
#12 C:/xampp/htdocs/www/Remanente-LMS-Re/vendor/laravel/framework/src/Illuminate/Foundation/Http/Kernel.php(170): Illuminate/Foundation/Http/Kernel->bootstrap()
#13 C:/xampp/htdocs/www/Remanente-LMS-Re/vendor/laravel/framework/src/Illuminate/Foundation/Http/Kernel.php(144): Illuminate/Foundation/Http/Kernel->sendRequestThroughRouter(Object(Illuminate/Http/Request))
#14 C:/xampp/htdocs/www/Remanente-LMS-Re/public/index.php(51): Illuminate/Foundation/Http/Kernel->handle(Object(Illuminate/Http/Request))
#15 C:/xampp/htdocs/www/Remanente-LMS-Re/vendor/laravel/framework/src/Illuminate/Foundation/resources/server.php(16): require_once('C://xampp//htdocs...')
#16 {main}
"} 
[2026-08-31 09:04:37] local.ERROR: Class "App\Providers\Gate" not found {"exception":"[object] (Error(code: 0): Class \"App\\Providers\\Gate\" not found at C:/xampp/htdocs/www/Remanente-LMS-Re/app/Providers/AuthServiceProvider.php:42)
[stacktrace]
#0 C:/xampp/htdocs/www/Remanente-LMS-Re/vendor/laravel/framework/src/Illuminate/Container/BoundMethod.php(36): App/Providers/AuthServiceProvider->boot()
#1 C:/xampp/htdocs/www/Remanente-LMS-Re/vendor/laravel/framework/src/Illuminate/Container/Util.php(41): Illuminate/Container/BoundMethod::Illuminate/Container/{closure}()
#2 C:/xampp/htdocs/www/Remanente-LMS-Re/vendor/laravel/framework/src/Illuminate/Container/BoundMethod.php(93): Illuminate/Container/Util::unwrapIfClosure(Object(Closure))
#3 C:/xampp/htdocs/www/Remanente-LMS-Re/vendor/laravel/framework/src/Illuminate/Container/BoundMethod.php(35): Illuminate/Container/BoundMethod::callBoundMethod(Object(Illuminate/Foundation/Application), Array, Object(Closure))
#4 C:/xampp/htdocs/www/Remanente-LMS-Re/vendor/laravel/framework/src/Illuminate/Container/Container.php(662): Illuminate/Container/BoundMethod::call(Object(Illuminate/Foundation/Application), Array, Array, NULL)
#5 C:/xampp/htdocs/www/Remanente-LMS-Re/vendor/laravel/framework/src/Illuminate/Foundation/Application.php(1059): Illuminate/Container/Container->call(Array)
#6 C:/xampp/htdocs/www/Remanente-LMS-Re/vendor/laravel/framework/src/Illuminate/Foundation/Application.php(1040): Illuminate/Foundation/Application->bootProvider(Object(App/Providers/AuthServiceProvider))
#7 [internal function]: Illuminate/Foundation/Application->Illuminate/Foundation/{closure}(Object(App/Providers/AuthServiceProvider), 48)
#8 C:/xampp/htdocs/www/Remanente-LMS-Re/vendor/laravel/framework/src/Illuminate/Foundation/Application.php(1039): array_walk(Array, Object(Closure))
#9 C:/xampp/htdocs/www/Remanente-LMS-Re/vendor/laravel/framework/src/Illuminate/Foundation/Bootstrap/BootProviders.php(17): Illuminate/Foundation/Application->boot()
#10 C:/xampp/htdocs/www/Remanente-LMS-Re/vendor/laravel/framework/src/Illuminate/Foundation/Application.php(286): Illuminate/Foundation/Bootstrap/BootProviders->bootstrap(Object(Illuminate/Foundation/Application))
#11 C:/xampp/htdocs/www/Remanente-LMS-Re/vendor/laravel/framework/src/Illuminate/Foundation/Http/Kernel.php(186): Illuminate/Foundation/Application->bootstrapWith(Array)
#12 C:/xampp/htdocs/www/Remanente-LMS-Re/vendor/laravel/framework/src/Illuminate/Foundation/Http/Kernel.php(170): Illuminate/Foundation/Http/Kernel->bootstrap()
#13 C:/xampp/htdocs/www/Remanente-LMS-Re/vendor/laravel/framework/src/Illuminate/Foundation/Http/Kernel.php(144): Illuminate/Foundation/Http/Kernel->sendRequestThroughRouter(Object(Illuminate/Http/Request))
#14 C:/xampp/htdocs/www/Remanente-LMS-Re/public/index.php(51): Illuminate/Foundation/Http/Kernel->handle(Object(Illuminate/Http/Request))
#15 C:/xampp/htdocs/www/Remanente-LMS-Re/vendor/laravel/framework/src/Illuminate/Foundation/resources/server.php(16): require_once('C://xampp//htdocs...')
#16 {main}
"} 
[2026-08-31 10:08:31] local.ERROR: View [estudiante.calificaciones.index] not found. {"userId":9,"exception":"[object] (InvalidArgumentException(code: 0): View [estudiante.calificaciones.index] not found. at C:/xampp/htdocs/www/Remanente-LMS-Re/vendor/laravel/framework/src/Illuminate/View/FileViewFinder.php:137)
[stacktrace]
#0 C:/xampp/htdocs/www/Remanente-LMS-Re/vendor/laravel/framework/src/Illuminate/View/FileViewFinder.php(79): Illuminate/View/FileViewFinder->findInPaths('estudiante.cali...', Array)
#1 C:/xampp/htdocs/www/Remanente-LMS-Re/vendor/laravel/framework/src/Illuminate/View/Factory.php(137): Illuminate/View/FileViewFinder->find('estudiante.cali...')
#2 C:/xampp/htdocs/www/Remanente-LMS-Re/vendor/laravel/framework/src/Illuminate/Foundation/helpers.php(1020): Illuminate/View/Factory->make('estudiante.cali...', Array, Array)
#3 C:/xampp/htdocs/www/Remanente-LMS-Re/app/Http/Controllers/Academico/Estudiante/CalificacionController.php(59): view('estudiante.cali...', Array)
#4 C:/xampp/htdocs/www/Remanente-LMS-Re/vendor/laravel/framework/src/Illuminate/Routing/Controller.php(54): App/Http/Controllers/Academico/Estudiante/CalificacionController->index()
#5 C:/xampp/htdocs/www/Remanente-LMS-Re/vendor/laravel/framework/src/Illuminate/Routing/ControllerDispatcher.php(43): Illuminate/Routing/Controller->callAction('index', Array)
#6 C:/xampp/htdocs/www/Remanente-LMS-Re/vendor/laravel/framework/src/Illuminate/Routing/Route.php(259): Illuminate/Routing/ControllerDispatcher->dispatch(Object(Illuminate/Routing/Route), Object(App/Http/Controllers/Academico/Estudiante/CalificacionController), 'index')
#7 C:/xampp/htdocs/www/Remanente-LMS-Re/vendor/laravel/framework/src/Illuminate/Routing/Route.php(205): Illuminate/Routing/Route->runController()
#8 C:/xampp/htdocs/www/Remanente-LMS-Re/vendor/laravel/framework/src/Illuminate/Routing/Router.php(806): Illuminate/Routing/Route->run()
#9 C:/xampp/htdocs/www/Remanente-LMS-Re/vendor/laravel/framework/src/Illuminate/Pipeline/Pipeline.php(144): Illuminate/Routing/Router->Illuminate/Routing/{closure}(Object(Illuminate/Http/Request))
#10 C:/xampp/htdocs/www/Remanente-LMS-Re/vendor/spatie/laravel-permission/src/Middleware/RoleMiddleware.php(37): Illuminate/Pipeline/Pipeline->Illuminate/Pipeline/{closure}(Object(Illuminate/Http/Request))
#11 C:/xampp/htdocs/www/Remanente-LMS-Re/vendor/laravel/framework/src/Illuminate/Pipeline/Pipeline.php(183): Spatie/Permission/Middleware/RoleMiddleware->handle(Object(Illuminate/Http/Request), Object(Closure), 'estudiante')
#12 C:/xampp/htdocs/www/Remanente-LMS-Re/vendor/barryvdh/laravel-debugbar/src/Middleware/InjectDebugbar.php(66): Illuminate/Pipeline/Pipeline->Illuminate/Pipeline/{closure}(Object(Illuminate/Http/Request))
#13 C:/xampp/htdocs/www/Remanente-LMS-Re/vendor/laravel/framework/src/Illuminate/Pipeline/Pipeline.php(183): Barryvdh/Debugbar/Middleware/InjectDebugbar->handle(Object(Illuminate/Http/Request), Object(Closure))
#14 C:/xampp/htdocs/www/Remanente-LMS-Re/app/Http/Middleware/EnsureProfileIsComplete.php(36): Illuminate/Pipeline/Pipeline->Illuminate/Pipeline/{closure}(Object(Illuminate/Http/Request))
#15 C:/xampp/htdocs/www/Remanente-LMS-Re/vendor/laravel/framework/src/Illuminate/Pipeline/Pipeline.php(183): App/Http/Middleware/EnsureProfileIsComplete->handle(Object(Illuminate/Http/Request), Object(Closure))
#16 C:/xampp/htdocs/www/Remanente-LMS-Re/vendor/laravel/framework/src/Illuminate/Routing/Middleware/SubstituteBindings.php(50): Illuminate/Pipeline/Pipeline->Illuminate/Pipeline/{closure}(Object(Illuminate/Http/Request))
#17 C:/xampp/htdocs/www/Remanente-LMS-Re/vendor/laravel/framework/src/Illuminate/Pipeline/Pipeline.php(183): Illuminate/Routing/Middleware/SubstituteBindings->handle(Object(Illuminate/Http/Request), Object(Closure))
#18 C:/xampp/htdocs/www/Remanente-LMS-Re/vendor/laravel/framework/src/Illuminate/Auth/Middleware/Authenticate.php(57): Illuminate/Pipeline/Pipeline->Illuminate/Pipeline/{closure}(Object(Illuminate/Http/Request))
#19 C:/xampp/htdocs/www/Remanente-LMS-Re/vendor/laravel/framework/src/Illuminate/Pipeline/Pipeline.php(183): Illuminate/Auth/Middleware/Authenticate->handle(Object(Illuminate/Http/Request), Object(Closure))
#20 C:/xampp/htdocs/www/Remanente-LMS-Re/vendor/laravel/framework/src/Illuminate/Foundation/Http/Middleware/VerifyCsrfToken.php(78): Illuminate/Pipeline/Pipeline->Illuminate/Pipeline/{closure}(Object(Illuminate/Http/Request))
#21 C:/xampp/htdocs/www/Remanente-LMS-Re/vendor/laravel/framework/src/Illuminate/Pipeline/Pipeline.php(183): Illuminate/Foundation/Http/Middleware/VerifyCsrfToken->handle(Object(Illuminate/Http/Request), Object(Closure))
#22 C:/xampp/htdocs/www/Remanente-LMS-Re/vendor/laravel/framework/src/Illuminate/View/Middleware/ShareErrorsFromSession.php(49): Illuminate/Pipeline/Pipeline->Illuminate/Pipeline/{closure}(Object(Illuminate/Http/Request))
#23 C:/xampp/htdocs/www/Remanente-LMS-Re/vendor/laravel/framework/src/Illuminate/Pipeline/Pipeline.php(183): Illuminate/View/Middleware/ShareErrorsFromSession->handle(Object(Illuminate/Http/Request), Object(Closure))
#24 C:/xampp/htdocs/www/Remanente-LMS-Re/vendor/laravel/framework/src/Illuminate/Session/Middleware/StartSession.php(121): Illuminate/Pipeline/Pipeline->Illuminate/Pipeline/{closure}(Object(Illuminate/Http/Request))
#25 C:/xampp/htdocs/www/Remanente-LMS-Re/vendor/laravel/framework/src/Illuminate/Session/Middleware/StartSession.php(64): Illuminate/Session/Middleware/StartSession->handleStatefulRequest(Object(Illuminate/Http/Request), Object(Illuminate/Session/Store), Object(Closure))
#26 C:/xampp/htdocs/www/Remanente-LMS-Re/vendor/laravel/framework/src/Illuminate/Pipeline/Pipeline.php(183): Illuminate/Session/Middleware/StartSession->handle(Object(Illuminate/Http/Request), Object(Closure))
#27 C:/xampp/htdocs/www/Remanente-LMS-Re/vendor/laravel/framework/src/Illuminate/Cookie/Middleware/AddQueuedCookiesToResponse.php(37): Illuminate/Pipeline/Pipeline->Illuminate/Pipeline/{closure}(Object(Illuminate/Http/Request))
#28 C:/xampp/htdocs/www/Remanente-LMS-Re/vendor/laravel/framework/src/Illuminate/Pipeline/Pipeline.php(183): Illuminate/Cookie/Middleware/AddQueuedCookiesToResponse->handle(Object(Illuminate/Http/Request), Object(Closure))
#29 C:/xampp/htdocs/www/Remanente-LMS-Re/vendor/laravel/framework/src/Illuminate/Cookie/Middleware/EncryptCookies.php(67): Illuminate/Pipeline/Pipeline->Illuminate/Pipeline/{closure}(Object(Illuminate/Http/Request))
#30 C:/xampp/htdocs/www/Remanente-LMS-Re/vendor/laravel/framework/src/Illuminate/Pipeline/Pipeline.php(183): Illuminate/Cookie/Middleware/EncryptCookies->handle(Object(Illuminate/Http/Request), Object(Closure))
#31 C:/xampp/htdocs/www/Remanente-LMS-Re/vendor/laravel/framework/src/Illuminate/Pipeline/Pipeline.php(119): Illuminate/Pipeline/Pipeline->Illuminate/Pipeline/{closure}(Object(Illuminate/Http/Request))
#32 C:/xampp/htdocs/www/Remanente-LMS-Re/vendor/laravel/framework/src/Illuminate/Routing/Router.php(805): Illuminate/Pipeline/Pipeline->then(Object(Closure))
#33 C:/xampp/htdocs/www/Remanente-LMS-Re/vendor/laravel/framework/src/Illuminate/Routing/Router.php(784): Illuminate/Routing/Router->runRouteWithinStack(Object(Illuminate/Routing/Route), Object(Illuminate/Http/Request))
#34 C:/xampp/htdocs/www/Remanente-LMS-Re/vendor/laravel/framework/src/Illuminate/Routing/Router.php(748): Illuminate/Routing/Router->runRoute(Object(Illuminate/Http/Request), Object(Illuminate/Routing/Route))
#35 C:/xampp/htdocs/www/Remanente-LMS-Re/vendor/laravel/framework/src/Illuminate/Routing/Router.php(737): Illuminate/Routing/Router->dispatchToRoute(Object(Illuminate/Http/Request))
#36 C:/xampp/htdocs/www/Remanente-LMS-Re/vendor/laravel/framework/src/Illuminate/Foundation/Http/Kernel.php(200): Illuminate/Routing/Router->dispatch(Object(Illuminate/Http/Request))
#37 C:/xampp/htdocs/www/Remanente-LMS-Re/vendor/laravel/framework/src/Illuminate/Pipeline/Pipeline.php(144): Illuminate/Foundation/Http/Kernel->Illuminate/Foundation/Http/{closure}(Object(Illuminate/Http/Request))
#38 C:/xampp/htdocs/www/Remanente-LMS-Re/vendor/livewire/livewire/src/Features/SupportDisablingBackButtonCache/DisableBackButtonCacheMiddleware.php(19): Illuminate/Pipeline/Pipeline->Illuminate/Pipeline/{closure}(Object(Illuminate/Http/Request))
#39 C:/xampp/htdocs/www/Remanente-LMS-Re/vendor/laravel/framework/src/Illuminate/Pipeline/Pipeline.php(183): Livewire/Features/SupportDisablingBackButtonCache/DisableBackButtonCacheMiddleware->handle(Object(Illuminate/Http/Request), Object(Closure))
#40 C:/xampp/htdocs/www/Remanente-LMS-Re/vendor/barryvdh/laravel-debugbar/src/Middleware/InjectDebugbar.php(66): Illuminate/Pipeline/Pipeline->Illuminate/Pipeline/{closure}(Object(Illuminate/Http/Request))
#41 C:/xampp/htdocs/www/Remanente-LMS-Re/vendor/laravel/framework/src/Illuminate/Pipeline/Pipeline.php(183): Barryvdh/Debugbar/Middleware/InjectDebugbar->handle(Object(Illuminate/Http/Request), Object(Closure))
#42 C:/xampp/htdocs/www/Remanente-LMS-Re/vendor/laravel/framework/src/Illuminate/Foundation/Http/Middleware/TransformsRequest.php(21): Illuminate/Pipeline/Pipeline->Illuminate/Pipeline/{closure}(Object(Illuminate/Http/Request))
#43 C:/xampp/htdocs/www/Remanente-LMS-Re/vendor/laravel/framework/src/Illuminate/Foundation/Http/Middleware/ConvertEmptyStringsToNull.php(31): Illuminate/Foundation/Http/Middleware/TransformsRequest->handle(Object(Illuminate/Http/Request), Object(Closure))
#44 C:/xampp/htdocs/www/Remanente-LMS-Re/vendor/laravel/framework/src/Illuminate/Pipeline/Pipeline.php(183): Illuminate/Foundation/Http/Middleware/ConvertEmptyStringsToNull->handle(Object(Illuminate/Http/Request), Object(Closure))
#45 C:/xampp/htdocs/www/Remanente-LMS-Re/vendor/laravel/framework/src/Illuminate/Foundation/Http/Middleware/TransformsRequest.php(21): Illuminate/Pipeline/Pipeline->Illuminate/Pipeline/{closure}(Object(Illuminate/Http/Request))
#46 C:/xampp/htdocs/www/Remanente-LMS-Re/vendor/laravel/framework/src/Illuminate/Foundation/Http/Middleware/TrimStrings.php(40): Illuminate/Foundation/Http/Middleware/TransformsRequest->handle(Object(Illuminate/Http/Request), Object(Closure))
#47 C:/xampp/htdocs/www/Remanente-LMS-Re/vendor/laravel/framework/src/Illuminate/Pipeline/Pipeline.php(183): Illuminate/Foundation/Http/Middleware/TrimStrings->handle(Object(Illuminate/Http/Request), Object(Closure))
#48 C:/xampp/htdocs/www/Remanente-LMS-Re/vendor/laravel/framework/src/Illuminate/Foundation/Http/Middleware/ValidatePostSize.php(27): Illuminate/Pipeline/Pipeline->Illuminate/Pipeline/{closure}(Object(Illuminate/Http/Request))
#49 C:/xampp/htdocs/www/Remanente-LMS-Re/vendor/laravel/framework/src/Illuminate/Pipeline/Pipeline.php(183): Illuminate/Foundation/Http/Middleware/ValidatePostSize->handle(Object(Illuminate/Http/Request), Object(Closure))
#50 C:/xampp/htdocs/www/Remanente-LMS-Re/vendor/laravel/framework/src/Illuminate/Foundation/Http/Middleware/PreventRequestsDuringMaintenance.php(99): Illuminate/Pipeline/Pipeline->Illuminate/Pipeline/{closure}(Object(Illuminate/Http/Request))
#51 C:/xampp/htdocs/www/Remanente-LMS-Re/vendor/laravel/framework/src/Illuminate/Pipeline/Pipeline.php(183): Illuminate/Foundation/Http/Middleware/PreventRequestsDuringMaintenance->handle(Object(Illuminate/Http/Request), Object(Closure))
#52 C:/xampp/htdocs/www/Remanente-LMS-Re/vendor/laravel/framework/src/Illuminate/Http/Middleware/HandleCors.php(49): Illuminate/Pipeline/Pipeline->Illuminate/Pipeline/{closure}(Object(Illuminate/Http/Request))
#53 C:/xampp/htdocs/www/Remanente-LMS-Re/vendor/laravel/framework/src/Illuminate/Pipeline/Pipeline.php(183): Illuminate/Http/Middleware/HandleCors->handle(Object(Illuminate/Http/Request), Object(Closure))
#54 C:/xampp/htdocs/www/Remanente-LMS-Re/vendor/laravel/framework/src/Illuminate/Http/Middleware/TrustProxies.php(39): Illuminate/Pipeline/Pipeline->Illuminate/Pipeline/{closure}(Object(Illuminate/Http/Request))
#55 C:/xampp/htdocs/www/Remanente-LMS-Re/vendor/laravel/framework/src/Illuminate/Pipeline/Pipeline.php(183): Illuminate/Http/Middleware/TrustProxies->handle(Object(Illuminate/Http/Request), Object(Closure))
#56 C:/xampp/htdocs/www/Remanente-LMS-Re/vendor/laravel/framework/src/Illuminate/Pipeline/Pipeline.php(119): Illuminate/Pipeline/Pipeline->Illuminate/Pipeline/{closure}(Object(Illuminate/Http/Request))
#57 C:/xampp/htdocs/www/Remanente-LMS-Re/vendor/laravel/framework/src/Illuminate/Foundation/Http/Kernel.php(175): Illuminate/Pipeline/Pipeline->then(Object(Closure))
#58 C:/xampp/htdocs/www/Remanente-LMS-Re/vendor/laravel/framework/src/Illuminate/Foundation/Http/Kernel.php(144): Illuminate/Foundation/Http/Kernel->sendRequestThroughRouter(Object(Illuminate/Http/Request))
#59 C:/xampp/htdocs/www/Remanente-LMS-Re/public/index.php(51): Illuminate/Foundation/Http/Kernel->handle(Object(Illuminate/Http/Request))
#60 C:/xampp/htdocs/www/Remanente-LMS-Re/vendor/laravel/framework/src/Illuminate/Foundation/resources/server.php(16): require_once('C://xampp//htdocs...')
#61 {main}
"} 
[2026-08-31 10:18:45] local.ERROR: syntax error, unexpected token "public", expecting end of file {"exception":"[object] (ParseError(code: 0): syntax error, unexpected token \"public\", expecting end of file at C:/xampp/htdocs/www/Remanente-LMS-Re/app/Http/Controllers/Academico/Profesor/CalificacionController.php:8)
[stacktrace]
#0 C:/xampp/htdocs/www/Remanente-LMS-Re/vendor/composer/ClassLoader.php(427): Composer/Autoload/{closure}('C://xampp//htdocs...')
#1 [internal function]: Composer/Autoload/ClassLoader->loadClass('App//Http//Contro...')
#2 C:/xampp/htdocs/www/Remanente-LMS-Re/vendor/laravel/framework/src/Illuminate/Routing/Route.php(1096): is_a('App//Http//Contro...', 'Illuminate//Rout...', true)
#3 C:/xampp/htdocs/www/Remanente-LMS-Re/vendor/laravel/framework/src/Illuminate/Routing/Route.php(1035): Illuminate/Routing/Route->controllerMiddleware()
#4 C:/xampp/htdocs/www/Remanente-LMS-Re/vendor/laravel/framework/src/Illuminate/Routing/Router.php(818): Illuminate/Routing/Route->gatherMiddleware()
#5 C:/xampp/htdocs/www/Remanente-LMS-Re/vendor/laravel/framework/src/Illuminate/Routing/Router.php(800): Illuminate/Routing/Router->gatherRouteMiddleware(Object(Illuminate/Routing/Route))
#6 C:/xampp/htdocs/www/Remanente-LMS-Re/vendor/laravel/framework/src/Illuminate/Routing/Router.php(784): Illuminate/Routing/Router->runRouteWithinStack(Object(Illuminate/Routing/Route), Object(Illuminate/Http/Request))
#7 C:/xampp/htdocs/www/Remanente-LMS-Re/vendor/laravel/framework/src/Illuminate/Routing/Router.php(748): Illuminate/Routing/Router->runRoute(Object(Illuminate/Http/Request), Object(Illuminate/Routing/Route))
#8 C:/xampp/htdocs/www/Remanente-LMS-Re/vendor/laravel/framework/src/Illuminate/Routing/Router.php(737): Illuminate/Routing/Router->dispatchToRoute(Object(Illuminate/Http/Request))
#9 C:/xampp/htdocs/www/Remanente-LMS-Re/vendor/laravel/framework/src/Illuminate/Foundation/Http/Kernel.php(200): Illuminate/Routing/Router->dispatch(Object(Illuminate/Http/Request))
#10 C:/xampp/htdocs/www/Remanente-LMS-Re/vendor/laravel/framework/src/Illuminate/Pipeline/Pipeline.php(144): Illuminate/Foundation/Http/Kernel->Illuminate/Foundation/Http/{closure}(Object(Illuminate/Http/Request))
#11 C:/xampp/htdocs/www/Remanente-LMS-Re/vendor/livewire/livewire/src/Features/SupportDisablingBackButtonCache/DisableBackButtonCacheMiddleware.php(19): Illuminate/Pipeline/Pipeline->Illuminate/Pipeline/{closure}(Object(Illuminate/Http/Request))
#12 C:/xampp/htdocs/www/Remanente-LMS-Re/vendor/laravel/framework/src/Illuminate/Pipeline/Pipeline.php(183): Livewire/Features/SupportDisablingBackButtonCache/DisableBackButtonCacheMiddleware->handle(Object(Illuminate/Http/Request), Object(Closure))
#13 C:/xampp/htdocs/www/Remanente-LMS-Re/vendor/barryvdh/laravel-debugbar/src/Middleware/InjectDebugbar.php(66): Illuminate/Pipeline/Pipeline->Illuminate/Pipeline/{closure}(Object(Illuminate/Http/Request))
#14 C:/xampp/htdocs/www/Remanente-LMS-Re/vendor/laravel/framework/src/Illuminate/Pipeline/Pipeline.php(183): Barryvdh/Debugbar/Middleware/InjectDebugbar->handle(Object(Illuminate/Http/Request), Object(Closure))
#15 C:/xampp/htdocs/www/Remanente-LMS-Re/vendor/laravel/framework/src/Illuminate/Foundation/Http/Middleware/TransformsRequest.php(21): Illuminate/Pipeline/Pipeline->Illuminate/Pipeline/{closure}(Object(Illuminate/Http/Request))
#16 C:/xampp/htdocs/www/Remanente-LMS-Re/vendor/laravel/framework/src/Illuminate/Foundation/Http/Middleware/ConvertEmptyStringsToNull.php(31): Illuminate/Foundation/Http/Middleware/TransformsRequest->handle(Object(Illuminate/Http/Request), Object(Closure))
#17 C:/xampp/htdocs/www/Remanente-LMS-Re/vendor/laravel/framework/src/Illuminate/Pipeline/Pipeline.php(183): Illuminate/Foundation/Http/Middleware/ConvertEmptyStringsToNull->handle(Object(Illuminate/Http/Request), Object(Closure))
#18 C:/xampp/htdocs/www/Remanente-LMS-Re/vendor/laravel/framework/src/Illuminate/Foundation/Http/Middleware/TransformsRequest.php(21): Illuminate/Pipeline/Pipeline->Illuminate/Pipeline/{closure}(Object(Illuminate/Http/Request))
#19 C:/xampp/htdocs/www/Remanente-LMS-Re/vendor/laravel/framework/src/Illuminate/Foundation/Http/Middleware/TrimStrings.php(40): Illuminate/Foundation/Http/Middleware/TransformsRequest->handle(Object(Illuminate/Http/Request), Object(Closure))
#20 C:/xampp/htdocs/www/Remanente-LMS-Re/vendor/laravel/framework/src/Illuminate/Pipeline/Pipeline.php(183): Illuminate/Foundation/Http/Middleware/TrimStrings->handle(Object(Illuminate/Http/Request), Object(Closure))
#21 C:/xampp/htdocs/www/Remanente-LMS-Re/vendor/laravel/framework/src/Illuminate/Foundation/Http/Middleware/ValidatePostSize.php(27): Illuminate/Pipeline/Pipeline->Illuminate/Pipeline/{closure}(Object(Illuminate/Http/Request))
#22 C:/xampp/htdocs/www/Remanente-LMS-Re/vendor/laravel/framework/src/Illuminate/Pipeline/Pipeline.php(183): Illuminate/Foundation/Http/Middleware/ValidatePostSize->handle(Object(Illuminate/Http/Request), Object(Closure))
#23 C:/xampp/htdocs/www/Remanente-LMS-Re/vendor/laravel/framework/src/Illuminate/Foundation/Http/Middleware/PreventRequestsDuringMaintenance.php(99): Illuminate/Pipeline/Pipeline->Illuminate/Pipeline/{closure}(Object(Illuminate/Http/Request))
#24 C:/xampp/htdocs/www/Remanente-LMS-Re/vendor/laravel/framework/src/Illuminate/Pipeline/Pipeline.php(183): Illuminate/Foundation/Http/Middleware/PreventRequestsDuringMaintenance->handle(Object(Illuminate/Http/Request), Object(Closure))
#25 C:/xampp/htdocs/www/Remanente-LMS-Re/vendor/laravel/framework/src/Illuminate/Http/Middleware/HandleCors.php(49): Illuminate/Pipeline/Pipeline->Illuminate/Pipeline/{closure}(Object(Illuminate/Http/Request))
#26 C:/xampp/htdocs/www/Remanente-LMS-Re/vendor/laravel/framework/src/Illuminate/Pipeline/Pipeline.php(183): Illuminate/Http/Middleware/HandleCors->handle(Object(Illuminate/Http/Request), Object(Closure))
#27 C:/xampp/htdocs/www/Remanente-LMS-Re/vendor/laravel/framework/src/Illuminate/Http/Middleware/TrustProxies.php(39): Illuminate/Pipeline/Pipeline->Illuminate/Pipeline/{closure}(Object(Illuminate/Http/Request))
#28 C:/xampp/htdocs/www/Remanente-LMS-Re/vendor/laravel/framework/src/Illuminate/Pipeline/Pipeline.php(183): Illuminate/Http/Middleware/TrustProxies->handle(Object(Illuminate/Http/Request), Object(Closure))
#29 C:/xampp/htdocs/www/Remanente-LMS-Re/vendor/laravel/framework/src/Illuminate/Pipeline/Pipeline.php(119): Illuminate/Pipeline/Pipeline->Illuminate/Pipeline/{closure}(Object(Illuminate/Http/Request))
#30 C:/xampp/htdocs/www/Remanente-LMS-Re/vendor/laravel/framework/src/Illuminate/Foundation/Http/Kernel.php(175): Illuminate/Pipeline/Pipeline->then(Object(Closure))
#31 C:/xampp/htdocs/www/Remanente-LMS-Re/vendor/laravel/framework/src/Illuminate/Foundation/Http/Kernel.php(144): Illuminate/Foundation/Http/Kernel->sendRequestThroughRouter(Object(Illuminate/Http/Request))
#32 C:/xampp/htdocs/www/Remanente-LMS-Re/public/index.php(51): Illuminate/Foundation/Http/Kernel->handle(Object(Illuminate/Http/Request))
#33 C:/xampp/htdocs/www/Remanente-LMS-Re/vendor/laravel/framework/src/Illuminate/Foundation/resources/server.php(16): require_once('C://xampp//htdocs...')
#34 {main}
"} 
[2026-08-31 10:18:45] local.ERROR: syntax error, unexpected token "public", expecting end of file {"exception":"[object] (ParseError(code: 0): syntax error, unexpected token \"public\", expecting end of file at C:/xampp/htdocs/www/Remanente-LMS-Re/app/Http/Controllers/Academico/Profesor/CalificacionController.php:8)
[stacktrace]
#0 C:/xampp/htdocs/www/Remanente-LMS-Re/vendor/composer/ClassLoader.php(427): Composer/Autoload/{closure}('C://xampp//htdocs...')
#1 [internal function]: Composer/Autoload/ClassLoader->loadClass('App//Http//Contro...')
#2 C:/xampp/htdocs/www/Remanente-LMS-Re/vendor/barryvdh/laravel-debugbar/src/DataCollector/RequestCollector.php(248): class_exists('App//Http//Contro...')
#3 C:/xampp/htdocs/www/Remanente-LMS-Re/vendor/barryvdh/laravel-debugbar/src/DataCollector/RequestCollector.php(138): Barryvdh/Debugbar/DataCollector/RequestCollector->getRouteInformation(Object(Illuminate/Routing/Route))
#4 C:/xampp/htdocs/www/Remanente-LMS-Re/vendor/barryvdh/laravel-debugbar/src/LaravelDebugbar.php(1008): Barryvdh/Debugbar/DataCollector/RequestCollector->collect()
#5 C:/xampp/htdocs/www/Remanente-LMS-Re/vendor/php-debugbar/php-debugbar/src/DebugBar/DebugBar.php(265): Barryvdh/Debugbar/LaravelDebugbar->collect()
#6 C:/xampp/htdocs/www/Remanente-LMS-Re/vendor/php-debugbar/php-debugbar/src/DebugBar/DebugBar.php(321): DebugBar/DebugBar->getData()
#7 C:/xampp/htdocs/www/Remanente-LMS-Re/vendor/barryvdh/laravel-debugbar/src/LaravelDebugbar.php(901): DebugBar/DebugBar->sendDataInHeaders(true)
#8 C:/xampp/htdocs/www/Remanente-LMS-Re/vendor/barryvdh/laravel-debugbar/src/Middleware/InjectDebugbar.php(72): Barryvdh/Debugbar/LaravelDebugbar->modifyResponse(Object(Illuminate/Http/Request), Object(Illuminate/Http/Response))
#9 C:/xampp/htdocs/www/Remanente-LMS-Re/vendor/laravel/framework/src/Illuminate/Pipeline/Pipeline.php(183): Barryvdh/Debugbar/Middleware/InjectDebugbar->handle(Object(Illuminate/Http/Request), Object(Closure))
#10 C:/xampp/htdocs/www/Remanente-LMS-Re/vendor/laravel/framework/src/Illuminate/Foundation/Http/Middleware/TransformsRequest.php(21): Illuminate/Pipeline/Pipeline->Illuminate/Pipeline/{closure}(Object(Illuminate/Http/Request))
#11 C:/xampp/htdocs/www/Remanente-LMS-Re/vendor/laravel/framework/src/Illuminate/Foundation/Http/Middleware/ConvertEmptyStringsToNull.php(31): Illuminate/Foundation/Http/Middleware/TransformsRequest->handle(Object(Illuminate/Http/Request), Object(Closure))
#12 C:/xampp/htdocs/www/Remanente-LMS-Re/vendor/laravel/framework/src/Illuminate/Pipeline/Pipeline.php(183): Illuminate/Foundation/Http/Middleware/ConvertEmptyStringsToNull->handle(Object(Illuminate/Http/Request), Object(Closure))
#13 C:/xampp/htdocs/www/Remanente-LMS-Re/vendor/laravel/framework/src/Illuminate/Foundation/Http/Middleware/TransformsRequest.php(21): Illuminate/Pipeline/Pipeline->Illuminate/Pipeline/{closure}(Object(Illuminate/Http/Request))
#14 C:/xampp/htdocs/www/Remanente-LMS-Re/vendor/laravel/framework/src/Illuminate/Foundation/Http/Middleware/TrimStrings.php(40): Illuminate/Foundation/Http/Middleware/TransformsRequest->handle(Object(Illuminate/Http/Request), Object(Closure))
#15 C:/xampp/htdocs/www/Remanente-LMS-Re/vendor/laravel/framework/src/Illuminate/Pipeline/Pipeline.php(183): Illuminate/Foundation/Http/Middleware/TrimStrings->handle(Object(Illuminate/Http/Request), Object(Closure))
#16 C:/xampp/htdocs/www/Remanente-LMS-Re/vendor/laravel/framework/src/Illuminate/Foundation/Http/Middleware/ValidatePostSize.php(27): Illuminate/Pipeline/Pipeline->Illuminate/Pipeline/{closure}(Object(Illuminate/Http/Request))
#17 C:/xampp/htdocs/www/Remanente-LMS-Re/vendor/laravel/framework/src/Illuminate/Pipeline/Pipeline.php(183): Illuminate/Foundation/Http/Middleware/ValidatePostSize->handle(Object(Illuminate/Http/Request), Object(Closure))
#18 C:/xampp/htdocs/www/Remanente-LMS-Re/vendor/laravel/framework/src/Illuminate/Foundation/Http/Middleware/PreventRequestsDuringMaintenance.php(99): Illuminate/Pipeline/Pipeline->Illuminate/Pipeline/{closure}(Object(Illuminate/Http/Request))
#19 C:/xampp/htdocs/www/Remanente-LMS-Re/vendor/laravel/framework/src/Illuminate/Pipeline/Pipeline.php(183): Illuminate/Foundation/Http/Middleware/PreventRequestsDuringMaintenance->handle(Object(Illuminate/Http/Request), Object(Closure))
#20 C:/xampp/htdocs/www/Remanente-LMS-Re/vendor/laravel/framework/src/Illuminate/Http/Middleware/HandleCors.php(49): Illuminate/Pipeline/Pipeline->Illuminate/Pipeline/{closure}(Object(Illuminate/Http/Request))
#21 C:/xampp/htdocs/www/Remanente-LMS-Re/vendor/laravel/framework/src/Illuminate/Pipeline/Pipeline.php(183): Illuminate/Http/Middleware/HandleCors->handle(Object(Illuminate/Http/Request), Object(Closure))
#22 C:/xampp/htdocs/www/Remanente-LMS-Re/vendor/laravel/framework/src/Illuminate/Http/Middleware/TrustProxies.php(39): Illuminate/Pipeline/Pipeline->Illuminate/Pipeline/{closure}(Object(Illuminate/Http/Request))
#23 C:/xampp/htdocs/www/Remanente-LMS-Re/vendor/laravel/framework/src/Illuminate/Pipeline/Pipeline.php(183): Illuminate/Http/Middleware/TrustProxies->handle(Object(Illuminate/Http/Request), Object(Closure))
#24 C:/xampp/htdocs/www/Remanente-LMS-Re/vendor/laravel/framework/src/Illuminate/Pipeline/Pipeline.php(119): Illuminate/Pipeline/Pipeline->Illuminate/Pipeline/{closure}(Object(Illuminate/Http/Request))
#25 C:/xampp/htdocs/www/Remanente-LMS-Re/vendor/laravel/framework/src/Illuminate/Foundation/Http/Kernel.php(175): Illuminate/Pipeline/Pipeline->then(Object(Closure))
#26 C:/xampp/htdocs/www/Remanente-LMS-Re/vendor/laravel/framework/src/Illuminate/Foundation/Http/Kernel.php(144): Illuminate/Foundation/Http/Kernel->sendRequestThroughRouter(Object(Illuminate/Http/Request))
#27 C:/xampp/htdocs/www/Remanente-LMS-Re/public/index.php(51): Illuminate/Foundation/Http/Kernel->handle(Object(Illuminate/Http/Request))
#28 C:/xampp/htdocs/www/Remanente-LMS-Re/vendor/laravel/framework/src/Illuminate/Foundation/resources/server.php(16): require_once('C://xampp//htdocs...')
#29 {main}
"} 
[2026-08-31 10:19:38] local.ERROR: Route [dashboard] not defined. {"userId":5,"exception":"[object] (Symfony\\Component\\Routing\\Exception\\RouteNotFoundException(code: 0): Route [dashboard] not defined. at C:/xampp/htdocs/www/Remanente-LMS-Re/vendor/laravel/framework/src/Illuminate/Routing/UrlGenerator.php:477)
[stacktrace]
#0 C:/xampp/htdocs/www/Remanente-LMS-Re/vendor/laravel/framework/src/Illuminate/Routing/Redirector.php(154): Illuminate/Routing/UrlGenerator->route('dashboard', Array)
#1 C:/xampp/htdocs/www/Remanente-LMS-Re/app/Http/Controllers/Academico/Profesor/CalificacionController.php(25): Illuminate/Routing/Redirector->route('dashboard')
#2 C:/xampp/htdocs/www/Remanente-LMS-Re/vendor/laravel/framework/src/Illuminate/Routing/Controller.php(54): App/Http/Controllers/Academico/Profesor/CalificacionController->index()
#3 C:/xampp/htdocs/www/Remanente-LMS-Re/vendor/laravel/framework/src/Illuminate/Routing/ControllerDispatcher.php(43): Illuminate/Routing/Controller->callAction('index', Array)
#4 C:/xampp/htdocs/www/Remanente-LMS-Re/vendor/laravel/framework/src/Illuminate/Routing/Route.php(259): Illuminate/Routing/ControllerDispatcher->dispatch(Object(Illuminate/Routing/Route), Object(App/Http/Controllers/Academico/Profesor/CalificacionController), 'index')
#5 C:/xampp/htdocs/www/Remanente-LMS-Re/vendor/laravel/framework/src/Illuminate/Routing/Route.php(205): Illuminate/Routing/Route->runController()
#6 C:/xampp/htdocs/www/Remanente-LMS-Re/vendor/laravel/framework/src/Illuminate/Routing/Router.php(806): Illuminate/Routing/Route->run()
#7 C:/xampp/htdocs/www/Remanente-LMS-Re/vendor/laravel/framework/src/Illuminate/Pipeline/Pipeline.php(144): Illuminate/Routing/Router->Illuminate/Routing/{closure}(Object(Illuminate/Http/Request))
#8 C:/xampp/htdocs/www/Remanente-LMS-Re/vendor/spatie/laravel-permission/src/Middleware/RoleMiddleware.php(37): Illuminate/Pipeline/Pipeline->Illuminate/Pipeline/{closure}(Object(Illuminate/Http/Request))
#9 C:/xampp/htdocs/www/Remanente-LMS-Re/vendor/laravel/framework/src/Illuminate/Pipeline/Pipeline.php(183): Spatie/Permission/Middleware/RoleMiddleware->handle(Object(Illuminate/Http/Request), Object(Closure), 'profesor')
#10 C:/xampp/htdocs/www/Remanente-LMS-Re/vendor/barryvdh/laravel-debugbar/src/Middleware/InjectDebugbar.php(66): Illuminate/Pipeline/Pipeline->Illuminate/Pipeline/{closure}(Object(Illuminate/Http/Request))
#11 C:/xampp/htdocs/www/Remanente-LMS-Re/vendor/laravel/framework/src/Illuminate/Pipeline/Pipeline.php(183): Barryvdh/Debugbar/Middleware/InjectDebugbar->handle(Object(Illuminate/Http/Request), Object(Closure))
#12 C:/xampp/htdocs/www/Remanente-LMS-Re/app/Http/Middleware/EnsureProfileIsComplete.php(36): Illuminate/Pipeline/Pipeline->Illuminate/Pipeline/{closure}(Object(Illuminate/Http/Request))
#13 C:/xampp/htdocs/www/Remanente-LMS-Re/vendor/laravel/framework/src/Illuminate/Pipeline/Pipeline.php(183): App/Http/Middleware/EnsureProfileIsComplete->handle(Object(Illuminate/Http/Request), Object(Closure))
#14 C:/xampp/htdocs/www/Remanente-LMS-Re/vendor/laravel/framework/src/Illuminate/Routing/Middleware/SubstituteBindings.php(50): Illuminate/Pipeline/Pipeline->Illuminate/Pipeline/{closure}(Object(Illuminate/Http/Request))
#15 C:/xampp/htdocs/www/Remanente-LMS-Re/vendor/laravel/framework/src/Illuminate/Pipeline/Pipeline.php(183): Illuminate/Routing/Middleware/SubstituteBindings->handle(Object(Illuminate/Http/Request), Object(Closure))
#16 C:/xampp/htdocs/www/Remanente-LMS-Re/vendor/laravel/framework/src/Illuminate/Auth/Middleware/Authenticate.php(57): Illuminate/Pipeline/Pipeline->Illuminate/Pipeline/{closure}(Object(Illuminate/Http/Request))
#17 C:/xampp/htdocs/www/Remanente-LMS-Re/vendor/laravel/framework/src/Illuminate/Pipeline/Pipeline.php(183): Illuminate/Auth/Middleware/Authenticate->handle(Object(Illuminate/Http/Request), Object(Closure))
#18 C:/xampp/htdocs/www/Remanente-LMS-Re/vendor/laravel/framework/src/Illuminate/Foundation/Http/Middleware/VerifyCsrfToken.php(78): Illuminate/Pipeline/Pipeline->Illuminate/Pipeline/{closure}(Object(Illuminate/Http/Request))
#19 C:/xampp/htdocs/www/Remanente-LMS-Re/vendor/laravel/framework/src/Illuminate/Pipeline/Pipeline.php(183): Illuminate/Foundation/Http/Middleware/VerifyCsrfToken->handle(Object(Illuminate/Http/Request), Object(Closure))
#20 C:/xampp/htdocs/www/Remanente-LMS-Re/vendor/laravel/framework/src/Illuminate/View/Middleware/ShareErrorsFromSession.php(49): Illuminate/Pipeline/Pipeline->Illuminate/Pipeline/{closure}(Object(Illuminate/Http/Request))
#21 C:/xampp/htdocs/www/Remanente-LMS-Re/vendor/laravel/framework/src/Illuminate/Pipeline/Pipeline.php(183): Illuminate/View/Middleware/ShareErrorsFromSession->handle(Object(Illuminate/Http/Request), Object(Closure))
#22 C:/xampp/htdocs/www/Remanente-LMS-Re/vendor/laravel/framework/src/Illuminate/Session/Middleware/StartSession.php(121): Illuminate/Pipeline/Pipeline->Illuminate/Pipeline/{closure}(Object(Illuminate/Http/Request))
#23 C:/xampp/htdocs/www/Remanente-LMS-Re/vendor/laravel/framework/src/Illuminate/Session/Middleware/StartSession.php(64): Illuminate/Session/Middleware/StartSession->handleStatefulRequest(Object(Illuminate/Http/Request), Object(Illuminate/Session/Store), Object(Closure))
#24 C:/xampp/htdocs/www/Remanente-LMS-Re/vendor/laravel/framework/src/Illuminate/Pipeline/Pipeline.php(183): Illuminate/Session/Middleware/StartSession->handle(Object(Illuminate/Http/Request), Object(Closure))
#25 C:/xampp/htdocs/www/Remanente-LMS-Re/vendor/laravel/framework/src/Illuminate/Cookie/Middleware/AddQueuedCookiesToResponse.php(37): Illuminate/Pipeline/Pipeline->Illuminate/Pipeline/{closure}(Object(Illuminate/Http/Request))
#26 C:/xampp/htdocs/www/Remanente-LMS-Re/vendor/laravel/framework/src/Illuminate/Pipeline/Pipeline.php(183): Illuminate/Cookie/Middleware/AddQueuedCookiesToResponse->handle(Object(Illuminate/Http/Request), Object(Closure))
#27 C:/xampp/htdocs/www/Remanente-LMS-Re/vendor/laravel/framework/src/Illuminate/Cookie/Middleware/EncryptCookies.php(67): Illuminate/Pipeline/Pipeline->Illuminate/Pipeline/{closure}(Object(Illuminate/Http/Request))
#28 C:/xampp/htdocs/www/Remanente-LMS-Re/vendor/laravel/framework/src/Illuminate/Pipeline/Pipeline.php(183): Illuminate/Cookie/Middleware/EncryptCookies->handle(Object(Illuminate/Http/Request), Object(Closure))
#29 C:/xampp/htdocs/www/Remanente-LMS-Re/vendor/laravel/framework/src/Illuminate/Pipeline/Pipeline.php(119): Illuminate/Pipeline/Pipeline->Illuminate/Pipeline/{closure}(Object(Illuminate/Http/Request))
#30 C:/xampp/htdocs/www/Remanente-LMS-Re/vendor/laravel/framework/src/Illuminate/Routing/Router.php(805): Illuminate/Pipeline/Pipeline->then(Object(Closure))
#31 C:/xampp/htdocs/www/Remanente-LMS-Re/vendor/laravel/framework/src/Illuminate/Routing/Router.php(784): Illuminate/Routing/Router->runRouteWithinStack(Object(Illuminate/Routing/Route), Object(Illuminate/Http/Request))
#32 C:/xampp/htdocs/www/Remanente-LMS-Re/vendor/laravel/framework/src/Illuminate/Routing/Router.php(748): Illuminate/Routing/Router->runRoute(Object(Illuminate/Http/Request), Object(Illuminate/Routing/Route))
#33 C:/xampp/htdocs/www/Remanente-LMS-Re/vendor/laravel/framework/src/Illuminate/Routing/Router.php(737): Illuminate/Routing/Router->dispatchToRoute(Object(Illuminate/Http/Request))
#34 C:/xampp/htdocs/www/Remanente-LMS-Re/vendor/laravel/framework/src/Illuminate/Foundation/Http/Kernel.php(200): Illuminate/Routing/Router->dispatch(Object(Illuminate/Http/Request))
#35 C:/xampp/htdocs/www/Remanente-LMS-Re/vendor/laravel/framework/src/Illuminate/Pipeline/Pipeline.php(144): Illuminate/Foundation/Http/Kernel->Illuminate/Foundation/Http/{closure}(Object(Illuminate/Http/Request))
#36 C:/xampp/htdocs/www/Remanente-LMS-Re/vendor/livewire/livewire/src/Features/SupportDisablingBackButtonCache/DisableBackButtonCacheMiddleware.php(19): Illuminate/Pipeline/Pipeline->Illuminate/Pipeline/{closure}(Object(Illuminate/Http/Request))
#37 C:/xampp/htdocs/www/Remanente-LMS-Re/vendor/laravel/framework/src/Illuminate/Pipeline/Pipeline.php(183): Livewire/Features/SupportDisablingBackButtonCache/DisableBackButtonCacheMiddleware->handle(Object(Illuminate/Http/Request), Object(Closure))
#38 C:/xampp/htdocs/www/Remanente-LMS-Re/vendor/barryvdh/laravel-debugbar/src/Middleware/InjectDebugbar.php(66): Illuminate/Pipeline/Pipeline->Illuminate/Pipeline/{closure}(Object(Illuminate/Http/Request))
#39 C:/xampp/htdocs/www/Remanente-LMS-Re/vendor/laravel/framework/src/Illuminate/Pipeline/Pipeline.php(183): Barryvdh/Debugbar/Middleware/InjectDebugbar->handle(Object(Illuminate/Http/Request), Object(Closure))
#40 C:/xampp/htdocs/www/Remanente-LMS-Re/vendor/laravel/framework/src/Illuminate/Foundation/Http/Middleware/TransformsRequest.php(21): Illuminate/Pipeline/Pipeline->Illuminate/Pipeline/{closure}(Object(Illuminate/Http/Request))
#41 C:/xampp/htdocs/www/Remanente-LMS-Re/vendor/laravel/framework/src/Illuminate/Foundation/Http/Middleware/ConvertEmptyStringsToNull.php(31): Illuminate/Foundation/Http/Middleware/TransformsRequest->handle(Object(Illuminate/Http/Request), Object(Closure))
#42 C:/xampp/htdocs/www/Remanente-LMS-Re/vendor/laravel/framework/src/Illuminate/Pipeline/Pipeline.php(183): Illuminate/Foundation/Http/Middleware/ConvertEmptyStringsToNull->handle(Object(Illuminate/Http/Request), Object(Closure))
#43 C:/xampp/htdocs/www/Remanente-LMS-Re/vendor/laravel/framework/src/Illuminate/Foundation/Http/Middleware/TransformsRequest.php(21): Illuminate/Pipeline/Pipeline->Illuminate/Pipeline/{closure}(Object(Illuminate/Http/Request))
#44 C:/xampp/htdocs/www/Remanente-LMS-Re/vendor/laravel/framework/src/Illuminate/Foundation/Http/Middleware/TrimStrings.php(40): Illuminate/Foundation/Http/Middleware/TransformsRequest->handle(Object(Illuminate/Http/Request), Object(Closure))
#45 C:/xampp/htdocs/www/Remanente-LMS-Re/vendor/laravel/framework/src/Illuminate/Pipeline/Pipeline.php(183): Illuminate/Foundation/Http/Middleware/TrimStrings->handle(Object(Illuminate/Http/Request), Object(Closure))
#46 C:/xampp/htdocs/www/Remanente-LMS-Re/vendor/laravel/framework/src/Illuminate/Foundation/Http/Middleware/ValidatePostSize.php(27): Illuminate/Pipeline/Pipeline->Illuminate/Pipeline/{closure}(Object(Illuminate/Http/Request))
#47 C:/xampp/htdocs/www/Remanente-LMS-Re/vendor/laravel/framework/src/Illuminate/Pipeline/Pipeline.php(183): Illuminate/Foundation/Http/Middleware/ValidatePostSize->handle(Object(Illuminate/Http/Request), Object(Closure))
#48 C:/xampp/htdocs/www/Remanente-LMS-Re/vendor/laravel/framework/src/Illuminate/Foundation/Http/Middleware/PreventRequestsDuringMaintenance.php(99): Illuminate/Pipeline/Pipeline->Illuminate/Pipeline/{closure}(Object(Illuminate/Http/Request))
#49 C:/xampp/htdocs/www/Remanente-LMS-Re/vendor/laravel/framework/src/Illuminate/Pipeline/Pipeline.php(183): Illuminate/Foundation/Http/Middleware/PreventRequestsDuringMaintenance->handle(Object(Illuminate/Http/Request), Object(Closure))
#50 C:/xampp/htdocs/www/Remanente-LMS-Re/vendor/laravel/framework/src/Illuminate/Http/Middleware/HandleCors.php(49): Illuminate/Pipeline/Pipeline->Illuminate/Pipeline/{closure}(Object(Illuminate/Http/Request))
#51 C:/xampp/htdocs/www/Remanente-LMS-Re/vendor/laravel/framework/src/Illuminate/Pipeline/Pipeline.php(183): Illuminate/Http/Middleware/HandleCors->handle(Object(Illuminate/Http/Request), Object(Closure))
#52 C:/xampp/htdocs/www/Remanente-LMS-Re/vendor/laravel/framework/src/Illuminate/Http/Middleware/TrustProxies.php(39): Illuminate/Pipeline/Pipeline->Illuminate/Pipeline/{closure}(Object(Illuminate/Http/Request))
#53 C:/xampp/htdocs/www/Remanente-LMS-Re/vendor/laravel/framework/src/Illuminate/Pipeline/Pipeline.php(183): Illuminate/Http/Middleware/TrustProxies->handle(Object(Illuminate/Http/Request), Object(Closure))
#54 C:/xampp/htdocs/www/Remanente-LMS-Re/vendor/laravel/framework/src/Illuminate/Pipeline/Pipeline.php(119): Illuminate/Pipeline/Pipeline->Illuminate/Pipeline/{closure}(Object(Illuminate/Http/Request))
#55 C:/xampp/htdocs/www/Remanente-LMS-Re/vendor/laravel/framework/src/Illuminate/Foundation/Http/Kernel.php(175): Illuminate/Pipeline/Pipeline->then(Object(Closure))
#56 C:/xampp/htdocs/www/Remanente-LMS-Re/vendor/laravel/framework/src/Illuminate/Foundation/Http/Kernel.php(144): Illuminate/Foundation/Http/Kernel->sendRequestThroughRouter(Object(Illuminate/Http/Request))
#57 C:/xampp/htdocs/www/Remanente-LMS-Re/public/index.php(51): Illuminate/Foundation/Http/Kernel->handle(Object(Illuminate/Http/Request))
#58 C:/xampp/htdocs/www/Remanente-LMS-Re/vendor/laravel/framework/src/Illuminate/Foundation/resources/server.php(16): require_once('C://xampp//htdocs...')
#59 {main}
"} 
[2026-08-31 10:20:50] local.ERROR: Route [/dashboard] not defined. {"userId":5,"exception":"[object] (Symfony\\Component\\Routing\\Exception\\RouteNotFoundException(code: 0): Route [/dashboard] not defined. at C:/xampp/htdocs/www/Remanente-LMS-Re/vendor/laravel/framework/src/Illuminate/Routing/UrlGenerator.php:477)
[stacktrace]
#0 C:/xampp/htdocs/www/Remanente-LMS-Re/vendor/laravel/framework/src/Illuminate/Routing/Redirector.php(154): Illuminate/Routing/UrlGenerator->route('/dashboard', Array)
#1 C:/xampp/htdocs/www/Remanente-LMS-Re/app/Http/Controllers/Academico/Profesor/CalificacionController.php(25): Illuminate/Routing/Redirector->route('/dashboard')
#2 C:/xampp/htdocs/www/Remanente-LMS-Re/vendor/laravel/framework/src/Illuminate/Routing/Controller.php(54): App/Http/Controllers/Academico/Profesor/CalificacionController->index()
#3 C:/xampp/htdocs/www/Remanente-LMS-Re/vendor/laravel/framework/src/Illuminate/Routing/ControllerDispatcher.php(43): Illuminate/Routing/Controller->callAction('index', Array)
#4 C:/xampp/htdocs/www/Remanente-LMS-Re/vendor/laravel/framework/src/Illuminate/Routing/Route.php(259): Illuminate/Routing/ControllerDispatcher->dispatch(Object(Illuminate/Routing/Route), Object(App/Http/Controllers/Academico/Profesor/CalificacionController), 'index')
#5 C:/xampp/htdocs/www/Remanente-LMS-Re/vendor/laravel/framework/src/Illuminate/Routing/Route.php(205): Illuminate/Routing/Route->runController()
#6 C:/xampp/htdocs/www/Remanente-LMS-Re/vendor/laravel/framework/src/Illuminate/Routing/Router.php(806): Illuminate/Routing/Route->run()
#7 C:/xampp/htdocs/www/Remanente-LMS-Re/vendor/laravel/framework/src/Illuminate/Pipeline/Pipeline.php(144): Illuminate/Routing/Router->Illuminate/Routing/{closure}(Object(Illuminate/Http/Request))
#8 C:/xampp/htdocs/www/Remanente-LMS-Re/vendor/spatie/laravel-permission/src/Middleware/RoleMiddleware.php(37): Illuminate/Pipeline/Pipeline->Illuminate/Pipeline/{closure}(Object(Illuminate/Http/Request))
#9 C:/xampp/htdocs/www/Remanente-LMS-Re/vendor/laravel/framework/src/Illuminate/Pipeline/Pipeline.php(183): Spatie/Permission/Middleware/RoleMiddleware->handle(Object(Illuminate/Http/Request), Object(Closure), 'profesor')
#10 C:/xampp/htdocs/www/Remanente-LMS-Re/vendor/barryvdh/laravel-debugbar/src/Middleware/InjectDebugbar.php(66): Illuminate/Pipeline/Pipeline->Illuminate/Pipeline/{closure}(Object(Illuminate/Http/Request))
#11 C:/xampp/htdocs/www/Remanente-LMS-Re/vendor/laravel/framework/src/Illuminate/Pipeline/Pipeline.php(183): Barryvdh/Debugbar/Middleware/InjectDebugbar->handle(Object(Illuminate/Http/Request), Object(Closure))
#12 C:/xampp/htdocs/www/Remanente-LMS-Re/app/Http/Middleware/EnsureProfileIsComplete.php(36): Illuminate/Pipeline/Pipeline->Illuminate/Pipeline/{closure}(Object(Illuminate/Http/Request))
#13 C:/xampp/htdocs/www/Remanente-LMS-Re/vendor/laravel/framework/src/Illuminate/Pipeline/Pipeline.php(183): App/Http/Middleware/EnsureProfileIsComplete->handle(Object(Illuminate/Http/Request), Object(Closure))
#14 C:/xampp/htdocs/www/Remanente-LMS-Re/vendor/laravel/framework/src/Illuminate/Routing/Middleware/SubstituteBindings.php(50): Illuminate/Pipeline/Pipeline->Illuminate/Pipeline/{closure}(Object(Illuminate/Http/Request))
#15 C:/xampp/htdocs/www/Remanente-LMS-Re/vendor/laravel/framework/src/Illuminate/Pipeline/Pipeline.php(183): Illuminate/Routing/Middleware/SubstituteBindings->handle(Object(Illuminate/Http/Request), Object(Closure))
#16 C:/xampp/htdocs/www/Remanente-LMS-Re/vendor/laravel/framework/src/Illuminate/Auth/Middleware/Authenticate.php(57): Illuminate/Pipeline/Pipeline->Illuminate/Pipeline/{closure}(Object(Illuminate/Http/Request))
#17 C:/xampp/htdocs/www/Remanente-LMS-Re/vendor/laravel/framework/src/Illuminate/Pipeline/Pipeline.php(183): Illuminate/Auth/Middleware/Authenticate->handle(Object(Illuminate/Http/Request), Object(Closure))
#18 C:/xampp/htdocs/www/Remanente-LMS-Re/vendor/laravel/framework/src/Illuminate/Foundation/Http/Middleware/VerifyCsrfToken.php(78): Illuminate/Pipeline/Pipeline->Illuminate/Pipeline/{closure}(Object(Illuminate/Http/Request))
#19 C:/xampp/htdocs/www/Remanente-LMS-Re/vendor/laravel/framework/src/Illuminate/Pipeline/Pipeline.php(183): Illuminate/Foundation/Http/Middleware/VerifyCsrfToken->handle(Object(Illuminate/Http/Request), Object(Closure))
#20 C:/xampp/htdocs/www/Remanente-LMS-Re/vendor/laravel/framework/src/Illuminate/View/Middleware/ShareErrorsFromSession.php(49): Illuminate/Pipeline/Pipeline->Illuminate/Pipeline/{closure}(Object(Illuminate/Http/Request))
#21 C:/xampp/htdocs/www/Remanente-LMS-Re/vendor/laravel/framework/src/Illuminate/Pipeline/Pipeline.php(183): Illuminate/View/Middleware/ShareErrorsFromSession->handle(Object(Illuminate/Http/Request), Object(Closure))
#22 C:/xampp/htdocs/www/Remanente-LMS-Re/vendor/laravel/framework/src/Illuminate/Session/Middleware/StartSession.php(121): Illuminate/Pipeline/Pipeline->Illuminate/Pipeline/{closure}(Object(Illuminate/Http/Request))
#23 C:/xampp/htdocs/www/Remanente-LMS-Re/vendor/laravel/framework/src/Illuminate/Session/Middleware/StartSession.php(64): Illuminate/Session/Middleware/StartSession->handleStatefulRequest(Object(Illuminate/Http/Request), Object(Illuminate/Session/Store), Object(Closure))
#24 C:/xampp/htdocs/www/Remanente-LMS-Re/vendor/laravel/framework/src/Illuminate/Pipeline/Pipeline.php(183): Illuminate/Session/Middleware/StartSession->handle(Object(Illuminate/Http/Request), Object(Closure))
#25 C:/xampp/htdocs/www/Remanente-LMS-Re/vendor/laravel/framework/src/Illuminate/Cookie/Middleware/AddQueuedCookiesToResponse.php(37): Illuminate/Pipeline/Pipeline->Illuminate/Pipeline/{closure}(Object(Illuminate/Http/Request))
#26 C:/xampp/htdocs/www/Remanente-LMS-Re/vendor/laravel/framework/src/Illuminate/Pipeline/Pipeline.php(183): Illuminate/Cookie/Middleware/AddQueuedCookiesToResponse->handle(Object(Illuminate/Http/Request), Object(Closure))
#27 C:/xampp/htdocs/www/Remanente-LMS-Re/vendor/laravel/framework/src/Illuminate/Cookie/Middleware/EncryptCookies.php(67): Illuminate/Pipeline/Pipeline->Illuminate/Pipeline/{closure}(Object(Illuminate/Http/Request))
#28 C:/xampp/htdocs/www/Remanente-LMS-Re/vendor/laravel/framework/src/Illuminate/Pipeline/Pipeline.php(183): Illuminate/Cookie/Middleware/EncryptCookies->handle(Object(Illuminate/Http/Request), Object(Closure))
#29 C:/xampp/htdocs/www/Remanente-LMS-Re/vendor/laravel/framework/src/Illuminate/Pipeline/Pipeline.php(119): Illuminate/Pipeline/Pipeline->Illuminate/Pipeline/{closure}(Object(Illuminate/Http/Request))
#30 C:/xampp/htdocs/www/Remanente-LMS-Re/vendor/laravel/framework/src/Illuminate/Routing/Router.php(805): Illuminate/Pipeline/Pipeline->then(Object(Closure))
#31 C:/xampp/htdocs/www/Remanente-LMS-Re/vendor/laravel/framework/src/Illuminate/Routing/Router.php(784): Illuminate/Routing/Router->runRouteWithinStack(Object(Illuminate/Routing/Route), Object(Illuminate/Http/Request))
#32 C:/xampp/htdocs/www/Remanente-LMS-Re/vendor/laravel/framework/src/Illuminate/Routing/Router.php(748): Illuminate/Routing/Router->runRoute(Object(Illuminate/Http/Request), Object(Illuminate/Routing/Route))
#33 C:/xampp/htdocs/www/Remanente-LMS-Re/vendor/laravel/framework/src/Illuminate/Routing/Router.php(737): Illuminate/Routing/Router->dispatchToRoute(Object(Illuminate/Http/Request))
#34 C:/xampp/htdocs/www/Remanente-LMS-Re/vendor/laravel/framework/src/Illuminate/Foundation/Http/Kernel.php(200): Illuminate/Routing/Router->dispatch(Object(Illuminate/Http/Request))
#35 C:/xampp/htdocs/www/Remanente-LMS-Re/vendor/laravel/framework/src/Illuminate/Pipeline/Pipeline.php(144): Illuminate/Foundation/Http/Kernel->Illuminate/Foundation/Http/{closure}(Object(Illuminate/Http/Request))
#36 C:/xampp/htdocs/www/Remanente-LMS-Re/vendor/livewire/livewire/src/Features/SupportDisablingBackButtonCache/DisableBackButtonCacheMiddleware.php(19): Illuminate/Pipeline/Pipeline->Illuminate/Pipeline/{closure}(Object(Illuminate/Http/Request))
#37 C:/xampp/htdocs/www/Remanente-LMS-Re/vendor/laravel/framework/src/Illuminate/Pipeline/Pipeline.php(183): Livewire/Features/SupportDisablingBackButtonCache/DisableBackButtonCacheMiddleware->handle(Object(Illuminate/Http/Request), Object(Closure))
#38 C:/xampp/htdocs/www/Remanente-LMS-Re/vendor/barryvdh/laravel-debugbar/src/Middleware/InjectDebugbar.php(66): Illuminate/Pipeline/Pipeline->Illuminate/Pipeline/{closure}(Object(Illuminate/Http/Request))
#39 C:/xampp/htdocs/www/Remanente-LMS-Re/vendor/laravel/framework/src/Illuminate/Pipeline/Pipeline.php(183): Barryvdh/Debugbar/Middleware/InjectDebugbar->handle(Object(Illuminate/Http/Request), Object(Closure))
#40 C:/xampp/htdocs/www/Remanente-LMS-Re/vendor/laravel/framework/src/Illuminate/Foundation/Http/Middleware/TransformsRequest.php(21): Illuminate/Pipeline/Pipeline->Illuminate/Pipeline/{closure}(Object(Illuminate/Http/Request))
#41 C:/xampp/htdocs/www/Remanente-LMS-Re/vendor/laravel/framework/src/Illuminate/Foundation/Http/Middleware/ConvertEmptyStringsToNull.php(31): Illuminate/Foundation/Http/Middleware/TransformsRequest->handle(Object(Illuminate/Http/Request), Object(Closure))
#42 C:/xampp/htdocs/www/Remanente-LMS-Re/vendor/laravel/framework/src/Illuminate/Pipeline/Pipeline.php(183): Illuminate/Foundation/Http/Middleware/ConvertEmptyStringsToNull->handle(Object(Illuminate/Http/Request), Object(Closure))
#43 C:/xampp/htdocs/www/Remanente-LMS-Re/vendor/laravel/framework/src/Illuminate/Foundation/Http/Middleware/TransformsRequest.php(21): Illuminate/Pipeline/Pipeline->Illuminate/Pipeline/{closure}(Object(Illuminate/Http/Request))
#44 C:/xampp/htdocs/www/Remanente-LMS-Re/vendor/laravel/framework/src/Illuminate/Foundation/Http/Middleware/TrimStrings.php(40): Illuminate/Foundation/Http/Middleware/TransformsRequest->handle(Object(Illuminate/Http/Request), Object(Closure))
#45 C:/xampp/htdocs/www/Remanente-LMS-Re/vendor/laravel/framework/src/Illuminate/Pipeline/Pipeline.php(183): Illuminate/Foundation/Http/Middleware/TrimStrings->handle(Object(Illuminate/Http/Request), Object(Closure))
#46 C:/xampp/htdocs/www/Remanente-LMS-Re/vendor/laravel/framework/src/Illuminate/Foundation/Http/Middleware/ValidatePostSize.php(27): Illuminate/Pipeline/Pipeline->Illuminate/Pipeline/{closure}(Object(Illuminate/Http/Request))
#47 C:/xampp/htdocs/www/Remanente-LMS-Re/vendor/laravel/framework/src/Illuminate/Pipeline/Pipeline.php(183): Illuminate/Foundation/Http/Middleware/ValidatePostSize->handle(Object(Illuminate/Http/Request), Object(Closure))
#48 C:/xampp/htdocs/www/Remanente-LMS-Re/vendor/laravel/framework/src/Illuminate/Foundation/Http/Middleware/PreventRequestsDuringMaintenance.php(99): Illuminate/Pipeline/Pipeline->Illuminate/Pipeline/{closure}(Object(Illuminate/Http/Request))
#49 C:/xampp/htdocs/www/Remanente-LMS-Re/vendor/laravel/framework/src/Illuminate/Pipeline/Pipeline.php(183): Illuminate/Foundation/Http/Middleware/PreventRequestsDuringMaintenance->handle(Object(Illuminate/Http/Request), Object(Closure))
#50 C:/xampp/htdocs/www/Remanente-LMS-Re/vendor/laravel/framework/src/Illuminate/Http/Middleware/HandleCors.php(49): Illuminate/Pipeline/Pipeline->Illuminate/Pipeline/{closure}(Object(Illuminate/Http/Request))
#51 C:/xampp/htdocs/www/Remanente-LMS-Re/vendor/laravel/framework/src/Illuminate/Pipeline/Pipeline.php(183): Illuminate/Http/Middleware/HandleCors->handle(Object(Illuminate/Http/Request), Object(Closure))
#52 C:/xampp/htdocs/www/Remanente-LMS-Re/vendor/laravel/framework/src/Illuminate/Http/Middleware/TrustProxies.php(39): Illuminate/Pipeline/Pipeline->Illuminate/Pipeline/{closure}(Object(Illuminate/Http/Request))
#53 C:/xampp/htdocs/www/Remanente-LMS-Re/vendor/laravel/framework/src/Illuminate/Pipeline/Pipeline.php(183): Illuminate/Http/Middleware/TrustProxies->handle(Object(Illuminate/Http/Request), Object(Closure))
#54 C:/xampp/htdocs/www/Remanente-LMS-Re/vendor/laravel/framework/src/Illuminate/Pipeline/Pipeline.php(119): Illuminate/Pipeline/Pipeline->Illuminate/Pipeline/{closure}(Object(Illuminate/Http/Request))
#55 C:/xampp/htdocs/www/Remanente-LMS-Re/vendor/laravel/framework/src/Illuminate/Foundation/Http/Kernel.php(175): Illuminate/Pipeline/Pipeline->then(Object(Closure))
#56 C:/xampp/htdocs/www/Remanente-LMS-Re/vendor/laravel/framework/src/Illuminate/Foundation/Http/Kernel.php(144): Illuminate/Foundation/Http/Kernel->sendRequestThroughRouter(Object(Illuminate/Http/Request))
#57 C:/xampp/htdocs/www/Remanente-LMS-Re/public/index.php(51): Illuminate/Foundation/Http/Kernel->handle(Object(Illuminate/Http/Request))
#58 C:/xampp/htdocs/www/Remanente-LMS-Re/vendor/laravel/framework/src/Illuminate/Foundation/resources/server.php(16): require_once('C://xampp//htdocs...')
#59 {main}
"} 
[2026-08-31 10:21:01] local.ERROR: Route [dashboard] not defined. {"userId":5,"exception":"[object] (Symfony\\Component\\Routing\\Exception\\RouteNotFoundException(code: 0): Route [dashboard] not defined. at C:/xampp/htdocs/www/Remanente-LMS-Re/vendor/laravel/framework/src/Illuminate/Routing/UrlGenerator.php:477)
[stacktrace]
#0 C:/xampp/htdocs/www/Remanente-LMS-Re/vendor/laravel/framework/src/Illuminate/Routing/Redirector.php(154): Illuminate/Routing/UrlGenerator->route('dashboard', Array)
#1 C:/xampp/htdocs/www/Remanente-LMS-Re/app/Http/Controllers/Academico/Profesor/CalificacionController.php(25): Illuminate/Routing/Redirector->route('dashboard')
#2 C:/xampp/htdocs/www/Remanente-LMS-Re/vendor/laravel/framework/src/Illuminate/Routing/Controller.php(54): App/Http/Controllers/Academico/Profesor/CalificacionController->index()
#3 C:/xampp/htdocs/www/Remanente-LMS-Re/vendor/laravel/framework/src/Illuminate/Routing/ControllerDispatcher.php(43): Illuminate/Routing/Controller->callAction('index', Array)
#4 C:/xampp/htdocs/www/Remanente-LMS-Re/vendor/laravel/framework/src/Illuminate/Routing/Route.php(259): Illuminate/Routing/ControllerDispatcher->dispatch(Object(Illuminate/Routing/Route), Object(App/Http/Controllers/Academico/Profesor/CalificacionController), 'index')
#5 C:/xampp/htdocs/www/Remanente-LMS-Re/vendor/laravel/framework/src/Illuminate/Routing/Route.php(205): Illuminate/Routing/Route->runController()
#6 C:/xampp/htdocs/www/Remanente-LMS-Re/vendor/laravel/framework/src/Illuminate/Routing/Router.php(806): Illuminate/Routing/Route->run()
#7 C:/xampp/htdocs/www/Remanente-LMS-Re/vendor/laravel/framework/src/Illuminate/Pipeline/Pipeline.php(144): Illuminate/Routing/Router->Illuminate/Routing/{closure}(Object(Illuminate/Http/Request))
#8 C:/xampp/htdocs/www/Remanente-LMS-Re/vendor/spatie/laravel-permission/src/Middleware/RoleMiddleware.php(37): Illuminate/Pipeline/Pipeline->Illuminate/Pipeline/{closure}(Object(Illuminate/Http/Request))
#9 C:/xampp/htdocs/www/Remanente-LMS-Re/vendor/laravel/framework/src/Illuminate/Pipeline/Pipeline.php(183): Spatie/Permission/Middleware/RoleMiddleware->handle(Object(Illuminate/Http/Request), Object(Closure), 'profesor')
#10 C:/xampp/htdocs/www/Remanente-LMS-Re/vendor/barryvdh/laravel-debugbar/src/Middleware/InjectDebugbar.php(66): Illuminate/Pipeline/Pipeline->Illuminate/Pipeline/{closure}(Object(Illuminate/Http/Request))
#11 C:/xampp/htdocs/www/Remanente-LMS-Re/vendor/laravel/framework/src/Illuminate/Pipeline/Pipeline.php(183): Barryvdh/Debugbar/Middleware/InjectDebugbar->handle(Object(Illuminate/Http/Request), Object(Closure))
#12 C:/xampp/htdocs/www/Remanente-LMS-Re/app/Http/Middleware/EnsureProfileIsComplete.php(36): Illuminate/Pipeline/Pipeline->Illuminate/Pipeline/{closure}(Object(Illuminate/Http/Request))
#13 C:/xampp/htdocs/www/Remanente-LMS-Re/vendor/laravel/framework/src/Illuminate/Pipeline/Pipeline.php(183): App/Http/Middleware/EnsureProfileIsComplete->handle(Object(Illuminate/Http/Request), Object(Closure))
#14 C:/xampp/htdocs/www/Remanente-LMS-Re/vendor/laravel/framework/src/Illuminate/Routing/Middleware/SubstituteBindings.php(50): Illuminate/Pipeline/Pipeline->Illuminate/Pipeline/{closure}(Object(Illuminate/Http/Request))
#15 C:/xampp/htdocs/www/Remanente-LMS-Re/vendor/laravel/framework/src/Illuminate/Pipeline/Pipeline.php(183): Illuminate/Routing/Middleware/SubstituteBindings->handle(Object(Illuminate/Http/Request), Object(Closure))
#16 C:/xampp/htdocs/www/Remanente-LMS-Re/vendor/laravel/framework/src/Illuminate/Auth/Middleware/Authenticate.php(57): Illuminate/Pipeline/Pipeline->Illuminate/Pipeline/{closure}(Object(Illuminate/Http/Request))
#17 C:/xampp/htdocs/www/Remanente-LMS-Re/vendor/laravel/framework/src/Illuminate/Pipeline/Pipeline.php(183): Illuminate/Auth/Middleware/Authenticate->handle(Object(Illuminate/Http/Request), Object(Closure))
#18 C:/xampp/htdocs/www/Remanente-LMS-Re/vendor/laravel/framework/src/Illuminate/Foundation/Http/Middleware/VerifyCsrfToken.php(78): Illuminate/Pipeline/Pipeline->Illuminate/Pipeline/{closure}(Object(Illuminate/Http/Request))
#19 C:/xampp/htdocs/www/Remanente-LMS-Re/vendor/laravel/framework/src/Illuminate/Pipeline/Pipeline.php(183): Illuminate/Foundation/Http/Middleware/VerifyCsrfToken->handle(Object(Illuminate/Http/Request), Object(Closure))
#20 C:/xampp/htdocs/www/Remanente-LMS-Re/vendor/laravel/framework/src/Illuminate/View/Middleware/ShareErrorsFromSession.php(49): Illuminate/Pipeline/Pipeline->Illuminate/Pipeline/{closure}(Object(Illuminate/Http/Request))
#21 C:/xampp/htdocs/www/Remanente-LMS-Re/vendor/laravel/framework/src/Illuminate/Pipeline/Pipeline.php(183): Illuminate/View/Middleware/ShareErrorsFromSession->handle(Object(Illuminate/Http/Request), Object(Closure))
#22 C:/xampp/htdocs/www/Remanente-LMS-Re/vendor/laravel/framework/src/Illuminate/Session/Middleware/StartSession.php(121): Illuminate/Pipeline/Pipeline->Illuminate/Pipeline/{closure}(Object(Illuminate/Http/Request))
#23 C:/xampp/htdocs/www/Remanente-LMS-Re/vendor/laravel/framework/src/Illuminate/Session/Middleware/StartSession.php(64): Illuminate/Session/Middleware/StartSession->handleStatefulRequest(Object(Illuminate/Http/Request), Object(Illuminate/Session/Store), Object(Closure))
#24 C:/xampp/htdocs/www/Remanente-LMS-Re/vendor/laravel/framework/src/Illuminate/Pipeline/Pipeline.php(183): Illuminate/Session/Middleware/StartSession->handle(Object(Illuminate/Http/Request), Object(Closure))
#25 C:/xampp/htdocs/www/Remanente-LMS-Re/vendor/laravel/framework/src/Illuminate/Cookie/Middleware/AddQueuedCookiesToResponse.php(37): Illuminate/Pipeline/Pipeline->Illuminate/Pipeline/{closure}(Object(Illuminate/Http/Request))
#26 C:/xampp/htdocs/www/Remanente-LMS-Re/vendor/laravel/framework/src/Illuminate/Pipeline/Pipeline.php(183): Illuminate/Cookie/Middleware/AddQueuedCookiesToResponse->handle(Object(Illuminate/Http/Request), Object(Closure))
#27 C:/xampp/htdocs/www/Remanente-LMS-Re/vendor/laravel/framework/src/Illuminate/Cookie/Middleware/EncryptCookies.php(67): Illuminate/Pipeline/Pipeline->Illuminate/Pipeline/{closure}(Object(Illuminate/Http/Request))
#28 C:/xampp/htdocs/www/Remanente-LMS-Re/vendor/laravel/framework/src/Illuminate/Pipeline/Pipeline.php(183): Illuminate/Cookie/Middleware/EncryptCookies->handle(Object(Illuminate/Http/Request), Object(Closure))
#29 C:/xampp/htdocs/www/Remanente-LMS-Re/vendor/laravel/framework/src/Illuminate/Pipeline/Pipeline.php(119): Illuminate/Pipeline/Pipeline->Illuminate/Pipeline/{closure}(Object(Illuminate/Http/Request))
#30 C:/xampp/htdocs/www/Remanente-LMS-Re/vendor/laravel/framework/src/Illuminate/Routing/Router.php(805): Illuminate/Pipeline/Pipeline->then(Object(Closure))
#31 C:/xampp/htdocs/www/Remanente-LMS-Re/vendor/laravel/framework/src/Illuminate/Routing/Router.php(784): Illuminate/Routing/Router->runRouteWithinStack(Object(Illuminate/Routing/Route), Object(Illuminate/Http/Request))
#32 C:/xampp/htdocs/www/Remanente-LMS-Re/vendor/laravel/framework/src/Illuminate/Routing/Router.php(748): Illuminate/Routing/Router->runRoute(Object(Illuminate/Http/Request), Object(Illuminate/Routing/Route))
#33 C:/xampp/htdocs/www/Remanente-LMS-Re/vendor/laravel/framework/src/Illuminate/Routing/Router.php(737): Illuminate/Routing/Router->dispatchToRoute(Object(Illuminate/Http/Request))
#34 C:/xampp/htdocs/www/Remanente-LMS-Re/vendor/laravel/framework/src/Illuminate/Foundation/Http/Kernel.php(200): Illuminate/Routing/Router->dispatch(Object(Illuminate/Http/Request))
#35 C:/xampp/htdocs/www/Remanente-LMS-Re/vendor/laravel/framework/src/Illuminate/Pipeline/Pipeline.php(144): Illuminate/Foundation/Http/Kernel->Illuminate/Foundation/Http/{closure}(Object(Illuminate/Http/Request))
#36 C:/xampp/htdocs/www/Remanente-LMS-Re/vendor/livewire/livewire/src/Features/SupportDisablingBackButtonCache/DisableBackButtonCacheMiddleware.php(19): Illuminate/Pipeline/Pipeline->Illuminate/Pipeline/{closure}(Object(Illuminate/Http/Request))
#37 C:/xampp/htdocs/www/Remanente-LMS-Re/vendor/laravel/framework/src/Illuminate/Pipeline/Pipeline.php(183): Livewire/Features/SupportDisablingBackButtonCache/DisableBackButtonCacheMiddleware->handle(Object(Illuminate/Http/Request), Object(Closure))
#38 C:/xampp/htdocs/www/Remanente-LMS-Re/vendor/barryvdh/laravel-debugbar/src/Middleware/InjectDebugbar.php(66): Illuminate/Pipeline/Pipeline->Illuminate/Pipeline/{closure}(Object(Illuminate/Http/Request))
#39 C:/xampp/htdocs/www/Remanente-LMS-Re/vendor/laravel/framework/src/Illuminate/Pipeline/Pipeline.php(183): Barryvdh/Debugbar/Middleware/InjectDebugbar->handle(Object(Illuminate/Http/Request), Object(Closure))
#40 C:/xampp/htdocs/www/Remanente-LMS-Re/vendor/laravel/framework/src/Illuminate/Foundation/Http/Middleware/TransformsRequest.php(21): Illuminate/Pipeline/Pipeline->Illuminate/Pipeline/{closure}(Object(Illuminate/Http/Request))
#41 C:/xampp/htdocs/www/Remanente-LMS-Re/vendor/laravel/framework/src/Illuminate/Foundation/Http/Middleware/ConvertEmptyStringsToNull.php(31): Illuminate/Foundation/Http/Middleware/TransformsRequest->handle(Object(Illuminate/Http/Request), Object(Closure))
#42 C:/xampp/htdocs/www/Remanente-LMS-Re/vendor/laravel/framework/src/Illuminate/Pipeline/Pipeline.php(183): Illuminate/Foundation/Http/Middleware/ConvertEmptyStringsToNull->handle(Object(Illuminate/Http/Request), Object(Closure))
#43 C:/xampp/htdocs/www/Remanente-LMS-Re/vendor/laravel/framework/src/Illuminate/Foundation/Http/Middleware/TransformsRequest.php(21): Illuminate/Pipeline/Pipeline->Illuminate/Pipeline/{closure}(Object(Illuminate/Http/Request))
#44 C:/xampp/htdocs/www/Remanente-LMS-Re/vendor/laravel/framework/src/Illuminate/Foundation/Http/Middleware/TrimStrings.php(40): Illuminate/Foundation/Http/Middleware/TransformsRequest->handle(Object(Illuminate/Http/Request), Object(Closure))
#45 C:/xampp/htdocs/www/Remanente-LMS-Re/vendor/laravel/framework/src/Illuminate/Pipeline/Pipeline.php(183): Illuminate/Foundation/Http/Middleware/TrimStrings->handle(Object(Illuminate/Http/Request), Object(Closure))
#46 C:/xampp/htdocs/www/Remanente-LMS-Re/vendor/laravel/framework/src/Illuminate/Foundation/Http/Middleware/ValidatePostSize.php(27): Illuminate/Pipeline/Pipeline->Illuminate/Pipeline/{closure}(Object(Illuminate/Http/Request))
#47 C:/xampp/htdocs/www/Remanente-LMS-Re/vendor/laravel/framework/src/Illuminate/Pipeline/Pipeline.php(183): Illuminate/Foundation/Http/Middleware/ValidatePostSize->handle(Object(Illuminate/Http/Request), Object(Closure))
#48 C:/xampp/htdocs/www/Remanente-LMS-Re/vendor/laravel/framework/src/Illuminate/Foundation/Http/Middleware/PreventRequestsDuringMaintenance.php(99): Illuminate/Pipeline/Pipeline->Illuminate/Pipeline/{closure}(Object(Illuminate/Http/Request))
#49 C:/xampp/htdocs/www/Remanente-LMS-Re/vendor/laravel/framework/src/Illuminate/Pipeline/Pipeline.php(183): Illuminate/Foundation/Http/Middleware/PreventRequestsDuringMaintenance->handle(Object(Illuminate/Http/Request), Object(Closure))
#50 C:/xampp/htdocs/www/Remanente-LMS-Re/vendor/laravel/framework/src/Illuminate/Http/Middleware/HandleCors.php(49): Illuminate/Pipeline/Pipeline->Illuminate/Pipeline/{closure}(Object(Illuminate/Http/Request))
#51 C:/xampp/htdocs/www/Remanente-LMS-Re/vendor/laravel/framework/src/Illuminate/Pipeline/Pipeline.php(183): Illuminate/Http/Middleware/HandleCors->handle(Object(Illuminate/Http/Request), Object(Closure))
#52 C:/xampp/htdocs/www/Remanente-LMS-Re/vendor/laravel/framework/src/Illuminate/Http/Middleware/TrustProxies.php(39): Illuminate/Pipeline/Pipeline->Illuminate/Pipeline/{closure}(Object(Illuminate/Http/Request))
#53 C:/xampp/htdocs/www/Remanente-LMS-Re/vendor/laravel/framework/src/Illuminate/Pipeline/Pipeline.php(183): Illuminate/Http/Middleware/TrustProxies->handle(Object(Illuminate/Http/Request), Object(Closure))
#54 C:/xampp/htdocs/www/Remanente-LMS-Re/vendor/laravel/framework/src/Illuminate/Pipeline/Pipeline.php(119): Illuminate/Pipeline/Pipeline->Illuminate/Pipeline/{closure}(Object(Illuminate/Http/Request))
#55 C:/xampp/htdocs/www/Remanente-LMS-Re/vendor/laravel/framework/src/Illuminate/Foundation/Http/Kernel.php(175): Illuminate/Pipeline/Pipeline->then(Object(Closure))
#56 C:/xampp/htdocs/www/Remanente-LMS-Re/vendor/laravel/framework/src/Illuminate/Foundation/Http/Kernel.php(144): Illuminate/Foundation/Http/Kernel->sendRequestThroughRouter(Object(Illuminate/Http/Request))
#57 C:/xampp/htdocs/www/Remanente-LMS-Re/public/index.php(51): Illuminate/Foundation/Http/Kernel->handle(Object(Illuminate/Http/Request))
#58 C:/xampp/htdocs/www/Remanente-LMS-Re/vendor/laravel/framework/src/Illuminate/Foundation/resources/server.php(16): require_once('C://xampp//htdocs...')
#59 {main}
"} 
[2026-08-31 10:26:22] local.ERROR: Class "App\Http\Controllers\Academico\Estudiante\Estudiante" not found {"userId":9,"exception":"[object] (Error(code: 0): Class \"App\\Http\\Controllers\\Academico\\Estudiante\\Estudiante\" not found at C:/xampp/htdocs/www/Remanente-LMS-Re/app/Http/Controllers/Academico/Estudiante/CalificacionController.php:15)
[stacktrace]
#0 C:/xampp/htdocs/www/Remanente-LMS-Re/vendor/laravel/framework/src/Illuminate/Routing/Controller.php(54): App/Http/Controllers/Academico/Estudiante/CalificacionController->index()
#1 C:/xampp/htdocs/www/Remanente-LMS-Re/vendor/laravel/framework/src/Illuminate/Routing/ControllerDispatcher.php(43): Illuminate/Routing/Controller->callAction('index', Array)
#2 C:/xampp/htdocs/www/Remanente-LMS-Re/vendor/laravel/framework/src/Illuminate/Routing/Route.php(259): Illuminate/Routing/ControllerDispatcher->dispatch(Object(Illuminate/Routing/Route), Object(App/Http/Controllers/Academico/Estudiante/CalificacionController), 'index')
#3 C:/xampp/htdocs/www/Remanente-LMS-Re/vendor/laravel/framework/src/Illuminate/Routing/Route.php(205): Illuminate/Routing/Route->runController()
#4 C:/xampp/htdocs/www/Remanente-LMS-Re/vendor/laravel/framework/src/Illuminate/Routing/Router.php(806): Illuminate/Routing/Route->run()
#5 C:/xampp/htdocs/www/Remanente-LMS-Re/vendor/laravel/framework/src/Illuminate/Pipeline/Pipeline.php(144): Illuminate/Routing/Router->Illuminate/Routing/{closure}(Object(Illuminate/Http/Request))
#6 C:/xampp/htdocs/www/Remanente-LMS-Re/vendor/spatie/laravel-permission/src/Middleware/RoleMiddleware.php(37): Illuminate/Pipeline/Pipeline->Illuminate/Pipeline/{closure}(Object(Illuminate/Http/Request))
#7 C:/xampp/htdocs/www/Remanente-LMS-Re/vendor/laravel/framework/src/Illuminate/Pipeline/Pipeline.php(183): Spatie/Permission/Middleware/RoleMiddleware->handle(Object(Illuminate/Http/Request), Object(Closure), 'estudiante')
#8 C:/xampp/htdocs/www/Remanente-LMS-Re/vendor/barryvdh/laravel-debugbar/src/Middleware/InjectDebugbar.php(66): Illuminate/Pipeline/Pipeline->Illuminate/Pipeline/{closure}(Object(Illuminate/Http/Request))
#9 C:/xampp/htdocs/www/Remanente-LMS-Re/vendor/laravel/framework/src/Illuminate/Pipeline/Pipeline.php(183): Barryvdh/Debugbar/Middleware/InjectDebugbar->handle(Object(Illuminate/Http/Request), Object(Closure))
#10 C:/xampp/htdocs/www/Remanente-LMS-Re/app/Http/Middleware/EnsureProfileIsComplete.php(36): Illuminate/Pipeline/Pipeline->Illuminate/Pipeline/{closure}(Object(Illuminate/Http/Request))
#11 C:/xampp/htdocs/www/Remanente-LMS-Re/vendor/laravel/framework/src/Illuminate/Pipeline/Pipeline.php(183): App/Http/Middleware/EnsureProfileIsComplete->handle(Object(Illuminate/Http/Request), Object(Closure))
#12 C:/xampp/htdocs/www/Remanente-LMS-Re/vendor/laravel/framework/src/Illuminate/Routing/Middleware/SubstituteBindings.php(50): Illuminate/Pipeline/Pipeline->Illuminate/Pipeline/{closure}(Object(Illuminate/Http/Request))
#13 C:/xampp/htdocs/www/Remanente-LMS-Re/vendor/laravel/framework/src/Illuminate/Pipeline/Pipeline.php(183): Illuminate/Routing/Middleware/SubstituteBindings->handle(Object(Illuminate/Http/Request), Object(Closure))
#14 C:/xampp/htdocs/www/Remanente-LMS-Re/vendor/laravel/framework/src/Illuminate/Auth/Middleware/Authenticate.php(57): Illuminate/Pipeline/Pipeline->Illuminate/Pipeline/{closure}(Object(Illuminate/Http/Request))
#15 C:/xampp/htdocs/www/Remanente-LMS-Re/vendor/laravel/framework/src/Illuminate/Pipeline/Pipeline.php(183): Illuminate/Auth/Middleware/Authenticate->handle(Object(Illuminate/Http/Request), Object(Closure))
#16 C:/xampp/htdocs/www/Remanente-LMS-Re/vendor/laravel/framework/src/Illuminate/Foundation/Http/Middleware/VerifyCsrfToken.php(78): Illuminate/Pipeline/Pipeline->Illuminate/Pipeline/{closure}(Object(Illuminate/Http/Request))
#17 C:/xampp/htdocs/www/Remanente-LMS-Re/vendor/laravel/framework/src/Illuminate/Pipeline/Pipeline.php(183): Illuminate/Foundation/Http/Middleware/VerifyCsrfToken->handle(Object(Illuminate/Http/Request), Object(Closure))
#18 C:/xampp/htdocs/www/Remanente-LMS-Re/vendor/laravel/framework/src/Illuminate/View/Middleware/ShareErrorsFromSession.php(49): Illuminate/Pipeline/Pipeline->Illuminate/Pipeline/{closure}(Object(Illuminate/Http/Request))
#19 C:/xampp/htdocs/www/Remanente-LMS-Re/vendor/laravel/framework/src/Illuminate/Pipeline/Pipeline.php(183): Illuminate/View/Middleware/ShareErrorsFromSession->handle(Object(Illuminate/Http/Request), Object(Closure))
#20 C:/xampp/htdocs/www/Remanente-LMS-Re/vendor/laravel/framework/src/Illuminate/Session/Middleware/StartSession.php(121): Illuminate/Pipeline/Pipeline->Illuminate/Pipeline/{closure}(Object(Illuminate/Http/Request))
#21 C:/xampp/htdocs/www/Remanente-LMS-Re/vendor/laravel/framework/src/Illuminate/Session/Middleware/StartSession.php(64): Illuminate/Session/Middleware/StartSession->handleStatefulRequest(Object(Illuminate/Http/Request), Object(Illuminate/Session/Store), Object(Closure))
#22 C:/xampp/htdocs/www/Remanente-LMS-Re/vendor/laravel/framework/src/Illuminate/Pipeline/Pipeline.php(183): Illuminate/Session/Middleware/StartSession->handle(Object(Illuminate/Http/Request), Object(Closure))
#23 C:/xampp/htdocs/www/Remanente-LMS-Re/vendor/laravel/framework/src/Illuminate/Cookie/Middleware/AddQueuedCookiesToResponse.php(37): Illuminate/Pipeline/Pipeline->Illuminate/Pipeline/{closure}(Object(Illuminate/Http/Request))
#24 C:/xampp/htdocs/www/Remanente-LMS-Re/vendor/laravel/framework/src/Illuminate/Pipeline/Pipeline.php(183): Illuminate/Cookie/Middleware/AddQueuedCookiesToResponse->handle(Object(Illuminate/Http/Request), Object(Closure))
#25 C:/xampp/htdocs/www/Remanente-LMS-Re/vendor/laravel/framework/src/Illuminate/Cookie/Middleware/EncryptCookies.php(67): Illuminate/Pipeline/Pipeline->Illuminate/Pipeline/{closure}(Object(Illuminate/Http/Request))
#26 C:/xampp/htdocs/www/Remanente-LMS-Re/vendor/laravel/framework/src/Illuminate/Pipeline/Pipeline.php(183): Illuminate/Cookie/Middleware/EncryptCookies->handle(Object(Illuminate/Http/Request), Object(Closure))
#27 C:/xampp/htdocs/www/Remanente-LMS-Re/vendor/laravel/framework/src/Illuminate/Pipeline/Pipeline.php(119): Illuminate/Pipeline/Pipeline->Illuminate/Pipeline/{closure}(Object(Illuminate/Http/Request))
#28 C:/xampp/htdocs/www/Remanente-LMS-Re/vendor/laravel/framework/src/Illuminate/Routing/Router.php(805): Illuminate/Pipeline/Pipeline->then(Object(Closure))
#29 C:/xampp/htdocs/www/Remanente-LMS-Re/vendor/laravel/framework/src/Illuminate/Routing/Router.php(784): Illuminate/Routing/Router->runRouteWithinStack(Object(Illuminate/Routing/Route), Object(Illuminate/Http/Request))
#30 C:/xampp/htdocs/www/Remanente-LMS-Re/vendor/laravel/framework/src/Illuminate/Routing/Router.php(748): Illuminate/Routing/Router->runRoute(Object(Illuminate/Http/Request), Object(Illuminate/Routing/Route))
#31 C:/xampp/htdocs/www/Remanente-LMS-Re/vendor/laravel/framework/src/Illuminate/Routing/Router.php(737): Illuminate/Routing/Router->dispatchToRoute(Object(Illuminate/Http/Request))
#32 C:/xampp/htdocs/www/Remanente-LMS-Re/vendor/laravel/framework/src/Illuminate/Foundation/Http/Kernel.php(200): Illuminate/Routing/Router->dispatch(Object(Illuminate/Http/Request))
#33 C:/xampp/htdocs/www/Remanente-LMS-Re/vendor/laravel/framework/src/Illuminate/Pipeline/Pipeline.php(144): Illuminate/Foundation/Http/Kernel->Illuminate/Foundation/Http/{closure}(Object(Illuminate/Http/Request))
#34 C:/xampp/htdocs/www/Remanente-LMS-Re/vendor/livewire/livewire/src/Features/SupportDisablingBackButtonCache/DisableBackButtonCacheMiddleware.php(19): Illuminate/Pipeline/Pipeline->Illuminate/Pipeline/{closure}(Object(Illuminate/Http/Request))
#35 C:/xampp/htdocs/www/Remanente-LMS-Re/vendor/laravel/framework/src/Illuminate/Pipeline/Pipeline.php(183): Livewire/Features/SupportDisablingBackButtonCache/DisableBackButtonCacheMiddleware->handle(Object(Illuminate/Http/Request), Object(Closure))
#36 C:/xampp/htdocs/www/Remanente-LMS-Re/vendor/barryvdh/laravel-debugbar/src/Middleware/InjectDebugbar.php(66): Illuminate/Pipeline/Pipeline->Illuminate/Pipeline/{closure}(Object(Illuminate/Http/Request))
#37 C:/xampp/htdocs/www/Remanente-LMS-Re/vendor/laravel/framework/src/Illuminate/Pipeline/Pipeline.php(183): Barryvdh/Debugbar/Middleware/InjectDebugbar->handle(Object(Illuminate/Http/Request), Object(Closure))
#38 C:/xampp/htdocs/www/Remanente-LMS-Re/vendor/laravel/framework/src/Illuminate/Foundation/Http/Middleware/TransformsRequest.php(21): Illuminate/Pipeline/Pipeline->Illuminate/Pipeline/{closure}(Object(Illuminate/Http/Request))
#39 C:/xampp/htdocs/www/Remanente-LMS-Re/vendor/laravel/framework/src/Illuminate/Foundation/Http/Middleware/ConvertEmptyStringsToNull.php(31): Illuminate/Foundation/Http/Middleware/TransformsRequest->handle(Object(Illuminate/Http/Request), Object(Closure))
#40 C:/xampp/htdocs/www/Remanente-LMS-Re/vendor/laravel/framework/src/Illuminate/Pipeline/Pipeline.php(183): Illuminate/Foundation/Http/Middleware/ConvertEmptyStringsToNull->handle(Object(Illuminate/Http/Request), Object(Closure))
#41 C:/xampp/htdocs/www/Remanente-LMS-Re/vendor/laravel/framework/src/Illuminate/Foundation/Http/Middleware/TransformsRequest.php(21): Illuminate/Pipeline/Pipeline->Illuminate/Pipeline/{closure}(Object(Illuminate/Http/Request))
#42 C:/xampp/htdocs/www/Remanente-LMS-Re/vendor/laravel/framework/src/Illuminate/Foundation/Http/Middleware/TrimStrings.php(40): Illuminate/Foundation/Http/Middleware/TransformsRequest->handle(Object(Illuminate/Http/Request), Object(Closure))
#43 C:/xampp/htdocs/www/Remanente-LMS-Re/vendor/laravel/framework/src/Illuminate/Pipeline/Pipeline.php(183): Illuminate/Foundation/Http/Middleware/TrimStrings->handle(Object(Illuminate/Http/Request), Object(Closure))
#44 C:/xampp/htdocs/www/Remanente-LMS-Re/vendor/laravel/framework/src/Illuminate/Foundation/Http/Middleware/ValidatePostSize.php(27): Illuminate/Pipeline/Pipeline->Illuminate/Pipeline/{closure}(Object(Illuminate/Http/Request))
#45 C:/xampp/htdocs/www/Remanente-LMS-Re/vendor/laravel/framework/src/Illuminate/Pipeline/Pipeline.php(183): Illuminate/Foundation/Http/Middleware/ValidatePostSize->handle(Object(Illuminate/Http/Request), Object(Closure))
#46 C:/xampp/htdocs/www/Remanente-LMS-Re/vendor/laravel/framework/src/Illuminate/Foundation/Http/Middleware/PreventRequestsDuringMaintenance.php(99): Illuminate/Pipeline/Pipeline->Illuminate/Pipeline/{closure}(Object(Illuminate/Http/Request))
#47 C:/xampp/htdocs/www/Remanente-LMS-Re/vendor/laravel/framework/src/Illuminate/Pipeline/Pipeline.php(183): Illuminate/Foundation/Http/Middleware/PreventRequestsDuringMaintenance->handle(Object(Illuminate/Http/Request), Object(Closure))
#48 C:/xampp/htdocs/www/Remanente-LMS-Re/vendor/laravel/framework/src/Illuminate/Http/Middleware/HandleCors.php(49): Illuminate/Pipeline/Pipeline->Illuminate/Pipeline/{closure}(Object(Illuminate/Http/Request))
#49 C:/xampp/htdocs/www/Remanente-LMS-Re/vendor/laravel/framework/src/Illuminate/Pipeline/Pipeline.php(183): Illuminate/Http/Middleware/HandleCors->handle(Object(Illuminate/Http/Request), Object(Closure))
#50 C:/xampp/htdocs/www/Remanente-LMS-Re/vendor/laravel/framework/src/Illuminate/Http/Middleware/TrustProxies.php(39): Illuminate/Pipeline/Pipeline->Illuminate/Pipeline/{closure}(Object(Illuminate/Http/Request))
#51 C:/xampp/htdocs/www/Remanente-LMS-Re/vendor/laravel/framework/src/Illuminate/Pipeline/Pipeline.php(183): Illuminate/Http/Middleware/TrustProxies->handle(Object(Illuminate/Http/Request), Object(Closure))
#52 C:/xampp/htdocs/www/Remanente-LMS-Re/vendor/laravel/framework/src/Illuminate/Pipeline/Pipeline.php(119): Illuminate/Pipeline/Pipeline->Illuminate/Pipeline/{closure}(Object(Illuminate/Http/Request))
#53 C:/xampp/htdocs/www/Remanente-LMS-Re/vendor/laravel/framework/src/Illuminate/Foundation/Http/Kernel.php(175): Illuminate/Pipeline/Pipeline->then(Object(Closure))
#54 C:/xampp/htdocs/www/Remanente-LMS-Re/vendor/laravel/framework/src/Illuminate/Foundation/Http/Kernel.php(144): Illuminate/Foundation/Http/Kernel->sendRequestThroughRouter(Object(Illuminate/Http/Request))
#55 C:/xampp/htdocs/www/Remanente-LMS-Re/public/index.php(51): Illuminate/Foundation/Http/Kernel->handle(Object(Illuminate/Http/Request))
#56 C:/xampp/htdocs/www/Remanente-LMS-Re/vendor/laravel/framework/src/Illuminate/Foundation/resources/server.php(16): require_once('C://xampp//htdocs...')
#57 {main}
"} 
[2026-08-31 10:27:04] local.ERROR: Class "App\Http\Controllers\Academico\Estudiante\DB" not found {"userId":9,"exception":"[object] (Error(code: 0): Class \"App\\Http\\Controllers\\Academico\\Estudiante\\DB\" not found at C:/xampp/htdocs/www/Remanente-LMS-Re/app/Http/Controllers/Academico/Estudiante/CalificacionController.php:57)
[stacktrace]
#0 C:/xampp/htdocs/www/Remanente-LMS-Re/vendor/laravel/framework/src/Illuminate/Routing/Controller.php(54): App/Http/Controllers/Academico/Estudiante/CalificacionController->index()
#1 C:/xampp/htdocs/www/Remanente-LMS-Re/vendor/laravel/framework/src/Illuminate/Routing/ControllerDispatcher.php(43): Illuminate/Routing/Controller->callAction('index', Array)
#2 C:/xampp/htdocs/www/Remanente-LMS-Re/vendor/laravel/framework/src/Illuminate/Routing/Route.php(259): Illuminate/Routing/ControllerDispatcher->dispatch(Object(Illuminate/Routing/Route), Object(App/Http/Controllers/Academico/Estudiante/CalificacionController), 'index')
#3 C:/xampp/htdocs/www/Remanente-LMS-Re/vendor/laravel/framework/src/Illuminate/Routing/Route.php(205): Illuminate/Routing/Route->runController()
#4 C:/xampp/htdocs/www/Remanente-LMS-Re/vendor/laravel/framework/src/Illuminate/Routing/Router.php(806): Illuminate/Routing/Route->run()
#5 C:/xampp/htdocs/www/Remanente-LMS-Re/vendor/laravel/framework/src/Illuminate/Pipeline/Pipeline.php(144): Illuminate/Routing/Router->Illuminate/Routing/{closure}(Object(Illuminate/Http/Request))
#6 C:/xampp/htdocs/www/Remanente-LMS-Re/vendor/spatie/laravel-permission/src/Middleware/RoleMiddleware.php(37): Illuminate/Pipeline/Pipeline->Illuminate/Pipeline/{closure}(Object(Illuminate/Http/Request))
#7 C:/xampp/htdocs/www/Remanente-LMS-Re/vendor/laravel/framework/src/Illuminate/Pipeline/Pipeline.php(183): Spatie/Permission/Middleware/RoleMiddleware->handle(Object(Illuminate/Http/Request), Object(Closure), 'estudiante')
#8 C:/xampp/htdocs/www/Remanente-LMS-Re/vendor/barryvdh/laravel-debugbar/src/Middleware/InjectDebugbar.php(66): Illuminate/Pipeline/Pipeline->Illuminate/Pipeline/{closure}(Object(Illuminate/Http/Request))
#9 C:/xampp/htdocs/www/Remanente-LMS-Re/vendor/laravel/framework/src/Illuminate/Pipeline/Pipeline.php(183): Barryvdh/Debugbar/Middleware/InjectDebugbar->handle(Object(Illuminate/Http/Request), Object(Closure))
#10 C:/xampp/htdocs/www/Remanente-LMS-Re/app/Http/Middleware/EnsureProfileIsComplete.php(36): Illuminate/Pipeline/Pipeline->Illuminate/Pipeline/{closure}(Object(Illuminate/Http/Request))
#11 C:/xampp/htdocs/www/Remanente-LMS-Re/vendor/laravel/framework/src/Illuminate/Pipeline/Pipeline.php(183): App/Http/Middleware/EnsureProfileIsComplete->handle(Object(Illuminate/Http/Request), Object(Closure))
#12 C:/xampp/htdocs/www/Remanente-LMS-Re/vendor/laravel/framework/src/Illuminate/Routing/Middleware/SubstituteBindings.php(50): Illuminate/Pipeline/Pipeline->Illuminate/Pipeline/{closure}(Object(Illuminate/Http/Request))
#13 C:/xampp/htdocs/www/Remanente-LMS-Re/vendor/laravel/framework/src/Illuminate/Pipeline/Pipeline.php(183): Illuminate/Routing/Middleware/SubstituteBindings->handle(Object(Illuminate/Http/Request), Object(Closure))
#14 C:/xampp/htdocs/www/Remanente-LMS-Re/vendor/laravel/framework/src/Illuminate/Auth/Middleware/Authenticate.php(57): Illuminate/Pipeline/Pipeline->Illuminate/Pipeline/{closure}(Object(Illuminate/Http/Request))
#15 C:/xampp/htdocs/www/Remanente-LMS-Re/vendor/laravel/framework/src/Illuminate/Pipeline/Pipeline.php(183): Illuminate/Auth/Middleware/Authenticate->handle(Object(Illuminate/Http/Request), Object(Closure))
#16 C:/xampp/htdocs/www/Remanente-LMS-Re/vendor/laravel/framework/src/Illuminate/Foundation/Http/Middleware/VerifyCsrfToken.php(78): Illuminate/Pipeline/Pipeline->Illuminate/Pipeline/{closure}(Object(Illuminate/Http/Request))
#17 C:/xampp/htdocs/www/Remanente-LMS-Re/vendor/laravel/framework/src/Illuminate/Pipeline/Pipeline.php(183): Illuminate/Foundation/Http/Middleware/VerifyCsrfToken->handle(Object(Illuminate/Http/Request), Object(Closure))
#18 C:/xampp/htdocs/www/Remanente-LMS-Re/vendor/laravel/framework/src/Illuminate/View/Middleware/ShareErrorsFromSession.php(49): Illuminate/Pipeline/Pipeline->Illuminate/Pipeline/{closure}(Object(Illuminate/Http/Request))
#19 C:/xampp/htdocs/www/Remanente-LMS-Re/vendor/laravel/framework/src/Illuminate/Pipeline/Pipeline.php(183): Illuminate/View/Middleware/ShareErrorsFromSession->handle(Object(Illuminate/Http/Request), Object(Closure))
#20 C:/xampp/htdocs/www/Remanente-LMS-Re/vendor/laravel/framework/src/Illuminate/Session/Middleware/StartSession.php(121): Illuminate/Pipeline/Pipeline->Illuminate/Pipeline/{closure}(Object(Illuminate/Http/Request))
#21 C:/xampp/htdocs/www/Remanente-LMS-Re/vendor/laravel/framework/src/Illuminate/Session/Middleware/StartSession.php(64): Illuminate/Session/Middleware/StartSession->handleStatefulRequest(Object(Illuminate/Http/Request), Object(Illuminate/Session/Store), Object(Closure))
#22 C:/xampp/htdocs/www/Remanente-LMS-Re/vendor/laravel/framework/src/Illuminate/Pipeline/Pipeline.php(183): Illuminate/Session/Middleware/StartSession->handle(Object(Illuminate/Http/Request), Object(Closure))
#23 C:/xampp/htdocs/www/Remanente-LMS-Re/vendor/laravel/framework/src/Illuminate/Cookie/Middleware/AddQueuedCookiesToResponse.php(37): Illuminate/Pipeline/Pipeline->Illuminate/Pipeline/{closure}(Object(Illuminate/Http/Request))
#24 C:/xampp/htdocs/www/Remanente-LMS-Re/vendor/laravel/framework/src/Illuminate/Pipeline/Pipeline.php(183): Illuminate/Cookie/Middleware/AddQueuedCookiesToResponse->handle(Object(Illuminate/Http/Request), Object(Closure))
#25 C:/xampp/htdocs/www/Remanente-LMS-Re/vendor/laravel/framework/src/Illuminate/Cookie/Middleware/EncryptCookies.php(67): Illuminate/Pipeline/Pipeline->Illuminate/Pipeline/{closure}(Object(Illuminate/Http/Request))
#26 C:/xampp/htdocs/www/Remanente-LMS-Re/vendor/laravel/framework/src/Illuminate/Pipeline/Pipeline.php(183): Illuminate/Cookie/Middleware/EncryptCookies->handle(Object(Illuminate/Http/Request), Object(Closure))
#27 C:/xampp/htdocs/www/Remanente-LMS-Re/vendor/laravel/framework/src/Illuminate/Pipeline/Pipeline.php(119): Illuminate/Pipeline/Pipeline->Illuminate/Pipeline/{closure}(Object(Illuminate/Http/Request))
#28 C:/xampp/htdocs/www/Remanente-LMS-Re/vendor/laravel/framework/src/Illuminate/Routing/Router.php(805): Illuminate/Pipeline/Pipeline->then(Object(Closure))
#29 C:/xampp/htdocs/www/Remanente-LMS-Re/vendor/laravel/framework/src/Illuminate/Routing/Router.php(784): Illuminate/Routing/Router->runRouteWithinStack(Object(Illuminate/Routing/Route), Object(Illuminate/Http/Request))
#30 C:/xampp/htdocs/www/Remanente-LMS-Re/vendor/laravel/framework/src/Illuminate/Routing/Router.php(748): Illuminate/Routing/Router->runRoute(Object(Illuminate/Http/Request), Object(Illuminate/Routing/Route))
#31 C:/xampp/htdocs/www/Remanente-LMS-Re/vendor/laravel/framework/src/Illuminate/Routing/Router.php(737): Illuminate/Routing/Router->dispatchToRoute(Object(Illuminate/Http/Request))
#32 C:/xampp/htdocs/www/Remanente-LMS-Re/vendor/laravel/framework/src/Illuminate/Foundation/Http/Kernel.php(200): Illuminate/Routing/Router->dispatch(Object(Illuminate/Http/Request))
#33 C:/xampp/htdocs/www/Remanente-LMS-Re/vendor/laravel/framework/src/Illuminate/Pipeline/Pipeline.php(144): Illuminate/Foundation/Http/Kernel->Illuminate/Foundation/Http/{closure}(Object(Illuminate/Http/Request))
#34 C:/xampp/htdocs/www/Remanente-LMS-Re/vendor/livewire/livewire/src/Features/SupportDisablingBackButtonCache/DisableBackButtonCacheMiddleware.php(19): Illuminate/Pipeline/Pipeline->Illuminate/Pipeline/{closure}(Object(Illuminate/Http/Request))
#35 C:/xampp/htdocs/www/Remanente-LMS-Re/vendor/laravel/framework/src/Illuminate/Pipeline/Pipeline.php(183): Livewire/Features/SupportDisablingBackButtonCache/DisableBackButtonCacheMiddleware->handle(Object(Illuminate/Http/Request), Object(Closure))
#36 C:/xampp/htdocs/www/Remanente-LMS-Re/vendor/barryvdh/laravel-debugbar/src/Middleware/InjectDebugbar.php(66): Illuminate/Pipeline/Pipeline->Illuminate/Pipeline/{closure}(Object(Illuminate/Http/Request))
#37 C:/xampp/htdocs/www/Remanente-LMS-Re/vendor/laravel/framework/src/Illuminate/Pipeline/Pipeline.php(183): Barryvdh/Debugbar/Middleware/InjectDebugbar->handle(Object(Illuminate/Http/Request), Object(Closure))
#38 C:/xampp/htdocs/www/Remanente-LMS-Re/vendor/laravel/framework/src/Illuminate/Foundation/Http/Middleware/TransformsRequest.php(21): Illuminate/Pipeline/Pipeline->Illuminate/Pipeline/{closure}(Object(Illuminate/Http/Request))
#39 C:/xampp/htdocs/www/Remanente-LMS-Re/vendor/laravel/framework/src/Illuminate/Foundation/Http/Middleware/ConvertEmptyStringsToNull.php(31): Illuminate/Foundation/Http/Middleware/TransformsRequest->handle(Object(Illuminate/Http/Request), Object(Closure))
#40 C:/xampp/htdocs/www/Remanente-LMS-Re/vendor/laravel/framework/src/Illuminate/Pipeline/Pipeline.php(183): Illuminate/Foundation/Http/Middleware/ConvertEmptyStringsToNull->handle(Object(Illuminate/Http/Request), Object(Closure))
#41 C:/xampp/htdocs/www/Remanente-LMS-Re/vendor/laravel/framework/src/Illuminate/Foundation/Http/Middleware/TransformsRequest.php(21): Illuminate/Pipeline/Pipeline->Illuminate/Pipeline/{closure}(Object(Illuminate/Http/Request))
#42 C:/xampp/htdocs/www/Remanente-LMS-Re/vendor/laravel/framework/src/Illuminate/Foundation/Http/Middleware/TrimStrings.php(40): Illuminate/Foundation/Http/Middleware/TransformsRequest->handle(Object(Illuminate/Http/Request), Object(Closure))
#43 C:/xampp/htdocs/www/Remanente-LMS-Re/vendor/laravel/framework/src/Illuminate/Pipeline/Pipeline.php(183): Illuminate/Foundation/Http/Middleware/TrimStrings->handle(Object(Illuminate/Http/Request), Object(Closure))
#44 C:/xampp/htdocs/www/Remanente-LMS-Re/vendor/laravel/framework/src/Illuminate/Foundation/Http/Middleware/ValidatePostSize.php(27): Illuminate/Pipeline/Pipeline->Illuminate/Pipeline/{closure}(Object(Illuminate/Http/Request))
#45 C:/xampp/htdocs/www/Remanente-LMS-Re/vendor/laravel/framework/src/Illuminate/Pipeline/Pipeline.php(183): Illuminate/Foundation/Http/Middleware/ValidatePostSize->handle(Object(Illuminate/Http/Request), Object(Closure))
#46 C:/xampp/htdocs/www/Remanente-LMS-Re/vendor/laravel/framework/src/Illuminate/Foundation/Http/Middleware/PreventRequestsDuringMaintenance.php(99): Illuminate/Pipeline/Pipeline->Illuminate/Pipeline/{closure}(Object(Illuminate/Http/Request))
#47 C:/xampp/htdocs/www/Remanente-LMS-Re/vendor/laravel/framework/src/Illuminate/Pipeline/Pipeline.php(183): Illuminate/Foundation/Http/Middleware/PreventRequestsDuringMaintenance->handle(Object(Illuminate/Http/Request), Object(Closure))
#48 C:/xampp/htdocs/www/Remanente-LMS-Re/vendor/laravel/framework/src/Illuminate/Http/Middleware/HandleCors.php(49): Illuminate/Pipeline/Pipeline->Illuminate/Pipeline/{closure}(Object(Illuminate/Http/Request))
#49 C:/xampp/htdocs/www/Remanente-LMS-Re/vendor/laravel/framework/src/Illuminate/Pipeline/Pipeline.php(183): Illuminate/Http/Middleware/HandleCors->handle(Object(Illuminate/Http/Request), Object(Closure))
#50 C:/xampp/htdocs/www/Remanente-LMS-Re/vendor/laravel/framework/src/Illuminate/Http/Middleware/TrustProxies.php(39): Illuminate/Pipeline/Pipeline->Illuminate/Pipeline/{closure}(Object(Illuminate/Http/Request))
#51 C:/xampp/htdocs/www/Remanente-LMS-Re/vendor/laravel/framework/src/Illuminate/Pipeline/Pipeline.php(183): Illuminate/Http/Middleware/TrustProxies->handle(Object(Illuminate/Http/Request), Object(Closure))
#52 C:/xampp/htdocs/www/Remanente-LMS-Re/vendor/laravel/framework/src/Illuminate/Pipeline/Pipeline.php(119): Illuminate/Pipeline/Pipeline->Illuminate/Pipeline/{closure}(Object(Illuminate/Http/Request))
#53 C:/xampp/htdocs/www/Remanente-LMS-Re/vendor/laravel/framework/src/Illuminate/Foundation/Http/Kernel.php(175): Illuminate/Pipeline/Pipeline->then(Object(Closure))
#54 C:/xampp/htdocs/www/Remanente-LMS-Re/vendor/laravel/framework/src/Illuminate/Foundation/Http/Kernel.php(144): Illuminate/Foundation/Http/Kernel->sendRequestThroughRouter(Object(Illuminate/Http/Request))
#55 C:/xampp/htdocs/www/Remanente-LMS-Re/public/index.php(51): Illuminate/Foundation/Http/Kernel->handle(Object(Illuminate/Http/Request))
#56 C:/xampp/htdocs/www/Remanente-LMS-Re/vendor/laravel/framework/src/Illuminate/Foundation/resources/server.php(16): require_once('C://xampp//htdocs...')
#57 {main}
"} 
[2026-08-31 10:27:24] local.ERROR: Class "App\Http\Controllers\Academico\Estudiante\DB" not found {"userId":9,"exception":"[object] (Error(code: 0): Class \"App\\Http\\Controllers\\Academico\\Estudiante\\DB\" not found at C:/xampp/htdocs/www/Remanente-LMS-Re/app/Http/Controllers/Academico/Estudiante/CalificacionController.php:57)
[stacktrace]
#0 C:/xampp/htdocs/www/Remanente-LMS-Re/vendor/laravel/framework/src/Illuminate/Routing/Controller.php(54): App/Http/Controllers/Academico/Estudiante/CalificacionController->index()
#1 C:/xampp/htdocs/www/Remanente-LMS-Re/vendor/laravel/framework/src/Illuminate/Routing/ControllerDispatcher.php(43): Illuminate/Routing/Controller->callAction('index', Array)
#2 C:/xampp/htdocs/www/Remanente-LMS-Re/vendor/laravel/framework/src/Illuminate/Routing/Route.php(259): Illuminate/Routing/ControllerDispatcher->dispatch(Object(Illuminate/Routing/Route), Object(App/Http/Controllers/Academico/Estudiante/CalificacionController), 'index')
#3 C:/xampp/htdocs/www/Remanente-LMS-Re/vendor/laravel/framework/src/Illuminate/Routing/Route.php(205): Illuminate/Routing/Route->runController()
#4 C:/xampp/htdocs/www/Remanente-LMS-Re/vendor/laravel/framework/src/Illuminate/Routing/Router.php(806): Illuminate/Routing/Route->run()
#5 C:/xampp/htdocs/www/Remanente-LMS-Re/vendor/laravel/framework/src/Illuminate/Pipeline/Pipeline.php(144): Illuminate/Routing/Router->Illuminate/Routing/{closure}(Object(Illuminate/Http/Request))
#6 C:/xampp/htdocs/www/Remanente-LMS-Re/vendor/spatie/laravel-permission/src/Middleware/RoleMiddleware.php(37): Illuminate/Pipeline/Pipeline->Illuminate/Pipeline/{closure}(Object(Illuminate/Http/Request))
#7 C:/xampp/htdocs/www/Remanente-LMS-Re/vendor/laravel/framework/src/Illuminate/Pipeline/Pipeline.php(183): Spatie/Permission/Middleware/RoleMiddleware->handle(Object(Illuminate/Http/Request), Object(Closure), 'estudiante')
#8 C:/xampp/htdocs/www/Remanente-LMS-Re/vendor/barryvdh/laravel-debugbar/src/Middleware/InjectDebugbar.php(66): Illuminate/Pipeline/Pipeline->Illuminate/Pipeline/{closure}(Object(Illuminate/Http/Request))
#9 C:/xampp/htdocs/www/Remanente-LMS-Re/vendor/laravel/framework/src/Illuminate/Pipeline/Pipeline.php(183): Barryvdh/Debugbar/Middleware/InjectDebugbar->handle(Object(Illuminate/Http/Request), Object(Closure))
#10 C:/xampp/htdocs/www/Remanente-LMS-Re/app/Http/Middleware/EnsureProfileIsComplete.php(36): Illuminate/Pipeline/Pipeline->Illuminate/Pipeline/{closure}(Object(Illuminate/Http/Request))
#11 C:/xampp/htdocs/www/Remanente-LMS-Re/vendor/laravel/framework/src/Illuminate/Pipeline/Pipeline.php(183): App/Http/Middleware/EnsureProfileIsComplete->handle(Object(Illuminate/Http/Request), Object(Closure))
#12 C:/xampp/htdocs/www/Remanente-LMS-Re/vendor/laravel/framework/src/Illuminate/Routing/Middleware/SubstituteBindings.php(50): Illuminate/Pipeline/Pipeline->Illuminate/Pipeline/{closure}(Object(Illuminate/Http/Request))
#13 C:/xampp/htdocs/www/Remanente-LMS-Re/vendor/laravel/framework/src/Illuminate/Pipeline/Pipeline.php(183): Illuminate/Routing/Middleware/SubstituteBindings->handle(Object(Illuminate/Http/Request), Object(Closure))
#14 C:/xampp/htdocs/www/Remanente-LMS-Re/vendor/laravel/framework/src/Illuminate/Auth/Middleware/Authenticate.php(57): Illuminate/Pipeline/Pipeline->Illuminate/Pipeline/{closure}(Object(Illuminate/Http/Request))
#15 C:/xampp/htdocs/www/Remanente-LMS-Re/vendor/laravel/framework/src/Illuminate/Pipeline/Pipeline.php(183): Illuminate/Auth/Middleware/Authenticate->handle(Object(Illuminate/Http/Request), Object(Closure))
#16 C:/xampp/htdocs/www/Remanente-LMS-Re/vendor/laravel/framework/src/Illuminate/Foundation/Http/Middleware/VerifyCsrfToken.php(78): Illuminate/Pipeline/Pipeline->Illuminate/Pipeline/{closure}(Object(Illuminate/Http/Request))
#17 C:/xampp/htdocs/www/Remanente-LMS-Re/vendor/laravel/framework/src/Illuminate/Pipeline/Pipeline.php(183): Illuminate/Foundation/Http/Middleware/VerifyCsrfToken->handle(Object(Illuminate/Http/Request), Object(Closure))
#18 C:/xampp/htdocs/www/Remanente-LMS-Re/vendor/laravel/framework/src/Illuminate/View/Middleware/ShareErrorsFromSession.php(49): Illuminate/Pipeline/Pipeline->Illuminate/Pipeline/{closure}(Object(Illuminate/Http/Request))
#19 C:/xampp/htdocs/www/Remanente-LMS-Re/vendor/laravel/framework/src/Illuminate/Pipeline/Pipeline.php(183): Illuminate/View/Middleware/ShareErrorsFromSession->handle(Object(Illuminate/Http/Request), Object(Closure))
#20 C:/xampp/htdocs/www/Remanente-LMS-Re/vendor/laravel/framework/src/Illuminate/Session/Middleware/StartSession.php(121): Illuminate/Pipeline/Pipeline->Illuminate/Pipeline/{closure}(Object(Illuminate/Http/Request))
#21 C:/xampp/htdocs/www/Remanente-LMS-Re/vendor/laravel/framework/src/Illuminate/Session/Middleware/StartSession.php(64): Illuminate/Session/Middleware/StartSession->handleStatefulRequest(Object(Illuminate/Http/Request), Object(Illuminate/Session/Store), Object(Closure))
#22 C:/xampp/htdocs/www/Remanente-LMS-Re/vendor/laravel/framework/src/Illuminate/Pipeline/Pipeline.php(183): Illuminate/Session/Middleware/StartSession->handle(Object(Illuminate/Http/Request), Object(Closure))
#23 C:/xampp/htdocs/www/Remanente-LMS-Re/vendor/laravel/framework/src/Illuminate/Cookie/Middleware/AddQueuedCookiesToResponse.php(37): Illuminate/Pipeline/Pipeline->Illuminate/Pipeline/{closure}(Object(Illuminate/Http/Request))
#24 C:/xampp/htdocs/www/Remanente-LMS-Re/vendor/laravel/framework/src/Illuminate/Pipeline/Pipeline.php(183): Illuminate/Cookie/Middleware/AddQueuedCookiesToResponse->handle(Object(Illuminate/Http/Request), Object(Closure))
#25 C:/xampp/htdocs/www/Remanente-LMS-Re/vendor/laravel/framework/src/Illuminate/Cookie/Middleware/EncryptCookies.php(67): Illuminate/Pipeline/Pipeline->Illuminate/Pipeline/{closure}(Object(Illuminate/Http/Request))
#26 C:/xampp/htdocs/www/Remanente-LMS-Re/vendor/laravel/framework/src/Illuminate/Pipeline/Pipeline.php(183): Illuminate/Cookie/Middleware/EncryptCookies->handle(Object(Illuminate/Http/Request), Object(Closure))
#27 C:/xampp/htdocs/www/Remanente-LMS-Re/vendor/laravel/framework/src/Illuminate/Pipeline/Pipeline.php(119): Illuminate/Pipeline/Pipeline->Illuminate/Pipeline/{closure}(Object(Illuminate/Http/Request))
#28 C:/xampp/htdocs/www/Remanente-LMS-Re/vendor/laravel/framework/src/Illuminate/Routing/Router.php(805): Illuminate/Pipeline/Pipeline->then(Object(Closure))
#29 C:/xampp/htdocs/www/Remanente-LMS-Re/vendor/laravel/framework/src/Illuminate/Routing/Router.php(784): Illuminate/Routing/Router->runRouteWithinStack(Object(Illuminate/Routing/Route), Object(Illuminate/Http/Request))
#30 C:/xampp/htdocs/www/Remanente-LMS-Re/vendor/laravel/framework/src/Illuminate/Routing/Router.php(748): Illuminate/Routing/Router->runRoute(Object(Illuminate/Http/Request), Object(Illuminate/Routing/Route))
#31 C:/xampp/htdocs/www/Remanente-LMS-Re/vendor/laravel/framework/src/Illuminate/Routing/Router.php(737): Illuminate/Routing/Router->dispatchToRoute(Object(Illuminate/Http/Request))
#32 C:/xampp/htdocs/www/Remanente-LMS-Re/vendor/laravel/framework/src/Illuminate/Foundation/Http/Kernel.php(200): Illuminate/Routing/Router->dispatch(Object(Illuminate/Http/Request))
#33 C:/xampp/htdocs/www/Remanente-LMS-Re/vendor/laravel/framework/src/Illuminate/Pipeline/Pipeline.php(144): Illuminate/Foundation/Http/Kernel->Illuminate/Foundation/Http/{closure}(Object(Illuminate/Http/Request))
#34 C:/xampp/htdocs/www/Remanente-LMS-Re/vendor/livewire/livewire/src/Features/SupportDisablingBackButtonCache/DisableBackButtonCacheMiddleware.php(19): Illuminate/Pipeline/Pipeline->Illuminate/Pipeline/{closure}(Object(Illuminate/Http/Request))
#35 C:/xampp/htdocs/www/Remanente-LMS-Re/vendor/laravel/framework/src/Illuminate/Pipeline/Pipeline.php(183): Livewire/Features/SupportDisablingBackButtonCache/DisableBackButtonCacheMiddleware->handle(Object(Illuminate/Http/Request), Object(Closure))
#36 C:/xampp/htdocs/www/Remanente-LMS-Re/vendor/barryvdh/laravel-debugbar/src/Middleware/InjectDebugbar.php(66): Illuminate/Pipeline/Pipeline->Illuminate/Pipeline/{closure}(Object(Illuminate/Http/Request))
#37 C:/xampp/htdocs/www/Remanente-LMS-Re/vendor/laravel/framework/src/Illuminate/Pipeline/Pipeline.php(183): Barryvdh/Debugbar/Middleware/InjectDebugbar->handle(Object(Illuminate/Http/Request), Object(Closure))
#38 C:/xampp/htdocs/www/Remanente-LMS-Re/vendor/laravel/framework/src/Illuminate/Foundation/Http/Middleware/TransformsRequest.php(21): Illuminate/Pipeline/Pipeline->Illuminate/Pipeline/{closure}(Object(Illuminate/Http/Request))
#39 C:/xampp/htdocs/www/Remanente-LMS-Re/vendor/laravel/framework/src/Illuminate/Foundation/Http/Middleware/ConvertEmptyStringsToNull.php(31): Illuminate/Foundation/Http/Middleware/TransformsRequest->handle(Object(Illuminate/Http/Request), Object(Closure))
#40 C:/xampp/htdocs/www/Remanente-LMS-Re/vendor/laravel/framework/src/Illuminate/Pipeline/Pipeline.php(183): Illuminate/Foundation/Http/Middleware/ConvertEmptyStringsToNull->handle(Object(Illuminate/Http/Request), Object(Closure))
#41 C:/xampp/htdocs/www/Remanente-LMS-Re/vendor/laravel/framework/src/Illuminate/Foundation/Http/Middleware/TransformsRequest.php(21): Illuminate/Pipeline/Pipeline->Illuminate/Pipeline/{closure}(Object(Illuminate/Http/Request))
#42 C:/xampp/htdocs/www/Remanente-LMS-Re/vendor/laravel/framework/src/Illuminate/Foundation/Http/Middleware/TrimStrings.php(40): Illuminate/Foundation/Http/Middleware/TransformsRequest->handle(Object(Illuminate/Http/Request), Object(Closure))
#43 C:/xampp/htdocs/www/Remanente-LMS-Re/vendor/laravel/framework/src/Illuminate/Pipeline/Pipeline.php(183): Illuminate/Foundation/Http/Middleware/TrimStrings->handle(Object(Illuminate/Http/Request), Object(Closure))
#44 C:/xampp/htdocs/www/Remanente-LMS-Re/vendor/laravel/framework/src/Illuminate/Foundation/Http/Middleware/ValidatePostSize.php(27): Illuminate/Pipeline/Pipeline->Illuminate/Pipeline/{closure}(Object(Illuminate/Http/Request))
#45 C:/xampp/htdocs/www/Remanente-LMS-Re/vendor/laravel/framework/src/Illuminate/Pipeline/Pipeline.php(183): Illuminate/Foundation/Http/Middleware/ValidatePostSize->handle(Object(Illuminate/Http/Request), Object(Closure))
#46 C:/xampp/htdocs/www/Remanente-LMS-Re/vendor/laravel/framework/src/Illuminate/Foundation/Http/Middleware/PreventRequestsDuringMaintenance.php(99): Illuminate/Pipeline/Pipeline->Illuminate/Pipeline/{closure}(Object(Illuminate/Http/Request))
#47 C:/xampp/htdocs/www/Remanente-LMS-Re/vendor/laravel/framework/src/Illuminate/Pipeline/Pipeline.php(183): Illuminate/Foundation/Http/Middleware/PreventRequestsDuringMaintenance->handle(Object(Illuminate/Http/Request), Object(Closure))
#48 C:/xampp/htdocs/www/Remanente-LMS-Re/vendor/laravel/framework/src/Illuminate/Http/Middleware/HandleCors.php(49): Illuminate/Pipeline/Pipeline->Illuminate/Pipeline/{closure}(Object(Illuminate/Http/Request))
#49 C:/xampp/htdocs/www/Remanente-LMS-Re/vendor/laravel/framework/src/Illuminate/Pipeline/Pipeline.php(183): Illuminate/Http/Middleware/HandleCors->handle(Object(Illuminate/Http/Request), Object(Closure))
#50 C:/xampp/htdocs/www/Remanente-LMS-Re/vendor/laravel/framework/src/Illuminate/Http/Middleware/TrustProxies.php(39): Illuminate/Pipeline/Pipeline->Illuminate/Pipeline/{closure}(Object(Illuminate/Http/Request))
#51 C:/xampp/htdocs/www/Remanente-LMS-Re/vendor/laravel/framework/src/Illuminate/Pipeline/Pipeline.php(183): Illuminate/Http/Middleware/TrustProxies->handle(Object(Illuminate/Http/Request), Object(Closure))
#52 C:/xampp/htdocs/www/Remanente-LMS-Re/vendor/laravel/framework/src/Illuminate/Pipeline/Pipeline.php(119): Illuminate/Pipeline/Pipeline->Illuminate/Pipeline/{closure}(Object(Illuminate/Http/Request))
#53 C:/xampp/htdocs/www/Remanente-LMS-Re/vendor/laravel/framework/src/Illuminate/Foundation/Http/Kernel.php(175): Illuminate/Pipeline/Pipeline->then(Object(Closure))
#54 C:/xampp/htdocs/www/Remanente-LMS-Re/vendor/laravel/framework/src/Illuminate/Foundation/Http/Kernel.php(144): Illuminate/Foundation/Http/Kernel->sendRequestThroughRouter(Object(Illuminate/Http/Request))
#55 C:/xampp/htdocs/www/Remanente-LMS-Re/public/index.php(51): Illuminate/Foundation/Http/Kernel->handle(Object(Illuminate/Http/Request))
#56 C:/xampp/htdocs/www/Remanente-LMS-Re/vendor/laravel/framework/src/Illuminate/Foundation/resources/server.php(16): require_once('C://xampp//htdocs...')
#57 {main}
"} 
[2026-08-31 10:28:58] local.ERROR: Class "App\Http\Controllers\Academico\Estudiante\DB" not found {"userId":9,"exception":"[object] (Error(code: 0): Class \"App\\Http\\Controllers\\Academico\\Estudiante\\DB\" not found at C:/xampp/htdocs/www/Remanente-LMS-Re/app/Http/Controllers/Academico/Estudiante/CalificacionController.php:57)
[stacktrace]
#0 C:/xampp/htdocs/www/Remanente-LMS-Re/vendor/laravel/framework/src/Illuminate/Routing/Controller.php(54): App/Http/Controllers/Academico/Estudiante/CalificacionController->index()
#1 C:/xampp/htdocs/www/Remanente-LMS-Re/vendor/laravel/framework/src/Illuminate/Routing/ControllerDispatcher.php(43): Illuminate/Routing/Controller->callAction('index', Array)
#2 C:/xampp/htdocs/www/Remanente-LMS-Re/vendor/laravel/framework/src/Illuminate/Routing/Route.php(259): Illuminate/Routing/ControllerDispatcher->dispatch(Object(Illuminate/Routing/Route), Object(App/Http/Controllers/Academico/Estudiante/CalificacionController), 'index')
#3 C:/xampp/htdocs/www/Remanente-LMS-Re/vendor/laravel/framework/src/Illuminate/Routing/Route.php(205): Illuminate/Routing/Route->runController()
#4 C:/xampp/htdocs/www/Remanente-LMS-Re/vendor/laravel/framework/src/Illuminate/Routing/Router.php(806): Illuminate/Routing/Route->run()
#5 C:/xampp/htdocs/www/Remanente-LMS-Re/vendor/laravel/framework/src/Illuminate/Pipeline/Pipeline.php(144): Illuminate/Routing/Router->Illuminate/Routing/{closure}(Object(Illuminate/Http/Request))
#6 C:/xampp/htdocs/www/Remanente-LMS-Re/vendor/spatie/laravel-permission/src/Middleware/RoleMiddleware.php(37): Illuminate/Pipeline/Pipeline->Illuminate/Pipeline/{closure}(Object(Illuminate/Http/Request))
#7 C:/xampp/htdocs/www/Remanente-LMS-Re/vendor/laravel/framework/src/Illuminate/Pipeline/Pipeline.php(183): Spatie/Permission/Middleware/RoleMiddleware->handle(Object(Illuminate/Http/Request), Object(Closure), 'estudiante')
#8 C:/xampp/htdocs/www/Remanente-LMS-Re/vendor/barryvdh/laravel-debugbar/src/Middleware/InjectDebugbar.php(66): Illuminate/Pipeline/Pipeline->Illuminate/Pipeline/{closure}(Object(Illuminate/Http/Request))
#9 C:/xampp/htdocs/www/Remanente-LMS-Re/vendor/laravel/framework/src/Illuminate/Pipeline/Pipeline.php(183): Barryvdh/Debugbar/Middleware/InjectDebugbar->handle(Object(Illuminate/Http/Request), Object(Closure))
#10 C:/xampp/htdocs/www/Remanente-LMS-Re/app/Http/Middleware/EnsureProfileIsComplete.php(36): Illuminate/Pipeline/Pipeline->Illuminate/Pipeline/{closure}(Object(Illuminate/Http/Request))
#11 C:/xampp/htdocs/www/Remanente-LMS-Re/vendor/laravel/framework/src/Illuminate/Pipeline/Pipeline.php(183): App/Http/Middleware/EnsureProfileIsComplete->handle(Object(Illuminate/Http/Request), Object(Closure))
#12 C:/xampp/htdocs/www/Remanente-LMS-Re/vendor/laravel/framework/src/Illuminate/Routing/Middleware/SubstituteBindings.php(50): Illuminate/Pipeline/Pipeline->Illuminate/Pipeline/{closure}(Object(Illuminate/Http/Request))
#13 C:/xampp/htdocs/www/Remanente-LMS-Re/vendor/laravel/framework/src/Illuminate/Pipeline/Pipeline.php(183): Illuminate/Routing/Middleware/SubstituteBindings->handle(Object(Illuminate/Http/Request), Object(Closure))
#14 C:/xampp/htdocs/www/Remanente-LMS-Re/vendor/laravel/framework/src/Illuminate/Auth/Middleware/Authenticate.php(57): Illuminate/Pipeline/Pipeline->Illuminate/Pipeline/{closure}(Object(Illuminate/Http/Request))
#15 C:/xampp/htdocs/www/Remanente-LMS-Re/vendor/laravel/framework/src/Illuminate/Pipeline/Pipeline.php(183): Illuminate/Auth/Middleware/Authenticate->handle(Object(Illuminate/Http/Request), Object(Closure))
#16 C:/xampp/htdocs/www/Remanente-LMS-Re/vendor/laravel/framework/src/Illuminate/Foundation/Http/Middleware/VerifyCsrfToken.php(78): Illuminate/Pipeline/Pipeline->Illuminate/Pipeline/{closure}(Object(Illuminate/Http/Request))
#17 C:/xampp/htdocs/www/Remanente-LMS-Re/vendor/laravel/framework/src/Illuminate/Pipeline/Pipeline.php(183): Illuminate/Foundation/Http/Middleware/VerifyCsrfToken->handle(Object(Illuminate/Http/Request), Object(Closure))
#18 C:/xampp/htdocs/www/Remanente-LMS-Re/vendor/laravel/framework/src/Illuminate/View/Middleware/ShareErrorsFromSession.php(49): Illuminate/Pipeline/Pipeline->Illuminate/Pipeline/{closure}(Object(Illuminate/Http/Request))
#19 C:/xampp/htdocs/www/Remanente-LMS-Re/vendor/laravel/framework/src/Illuminate/Pipeline/Pipeline.php(183): Illuminate/View/Middleware/ShareErrorsFromSession->handle(Object(Illuminate/Http/Request), Object(Closure))
#20 C:/xampp/htdocs/www/Remanente-LMS-Re/vendor/laravel/framework/src/Illuminate/Session/Middleware/StartSession.php(121): Illuminate/Pipeline/Pipeline->Illuminate/Pipeline/{closure}(Object(Illuminate/Http/Request))
#21 C:/xampp/htdocs/www/Remanente-LMS-Re/vendor/laravel/framework/src/Illuminate/Session/Middleware/StartSession.php(64): Illuminate/Session/Middleware/StartSession->handleStatefulRequest(Object(Illuminate/Http/Request), Object(Illuminate/Session/Store), Object(Closure))
#22 C:/xampp/htdocs/www/Remanente-LMS-Re/vendor/laravel/framework/src/Illuminate/Pipeline/Pipeline.php(183): Illuminate/Session/Middleware/StartSession->handle(Object(Illuminate/Http/Request), Object(Closure))
#23 C:/xampp/htdocs/www/Remanente-LMS-Re/vendor/laravel/framework/src/Illuminate/Cookie/Middleware/AddQueuedCookiesToResponse.php(37): Illuminate/Pipeline/Pipeline->Illuminate/Pipeline/{closure}(Object(Illuminate/Http/Request))
#24 C:/xampp/htdocs/www/Remanente-LMS-Re/vendor/laravel/framework/src/Illuminate/Pipeline/Pipeline.php(183): Illuminate/Cookie/Middleware/AddQueuedCookiesToResponse->handle(Object(Illuminate/Http/Request), Object(Closure))
#25 C:/xampp/htdocs/www/Remanente-LMS-Re/vendor/laravel/framework/src/Illuminate/Cookie/Middleware/EncryptCookies.php(67): Illuminate/Pipeline/Pipeline->Illuminate/Pipeline/{closure}(Object(Illuminate/Http/Request))
#26 C:/xampp/htdocs/www/Remanente-LMS-Re/vendor/laravel/framework/src/Illuminate/Pipeline/Pipeline.php(183): Illuminate/Cookie/Middleware/EncryptCookies->handle(Object(Illuminate/Http/Request), Object(Closure))
#27 C:/xampp/htdocs/www/Remanente-LMS-Re/vendor/laravel/framework/src/Illuminate/Pipeline/Pipeline.php(119): Illuminate/Pipeline/Pipeline->Illuminate/Pipeline/{closure}(Object(Illuminate/Http/Request))
#28 C:/xampp/htdocs/www/Remanente-LMS-Re/vendor/laravel/framework/src/Illuminate/Routing/Router.php(805): Illuminate/Pipeline/Pipeline->then(Object(Closure))
#29 C:/xampp/htdocs/www/Remanente-LMS-Re/vendor/laravel/framework/src/Illuminate/Routing/Router.php(784): Illuminate/Routing/Router->runRouteWithinStack(Object(Illuminate/Routing/Route), Object(Illuminate/Http/Request))
#30 C:/xampp/htdocs/www/Remanente-LMS-Re/vendor/laravel/framework/src/Illuminate/Routing/Router.php(748): Illuminate/Routing/Router->runRoute(Object(Illuminate/Http/Request), Object(Illuminate/Routing/Route))
#31 C:/xampp/htdocs/www/Remanente-LMS-Re/vendor/laravel/framework/src/Illuminate/Routing/Router.php(737): Illuminate/Routing/Router->dispatchToRoute(Object(Illuminate/Http/Request))
#32 C:/xampp/htdocs/www/Remanente-LMS-Re/vendor/laravel/framework/src/Illuminate/Foundation/Http/Kernel.php(200): Illuminate/Routing/Router->dispatch(Object(Illuminate/Http/Request))
#33 C:/xampp/htdocs/www/Remanente-LMS-Re/vendor/laravel/framework/src/Illuminate/Pipeline/Pipeline.php(144): Illuminate/Foundation/Http/Kernel->Illuminate/Foundation/Http/{closure}(Object(Illuminate/Http/Request))
#34 C:/xampp/htdocs/www/Remanente-LMS-Re/vendor/livewire/livewire/src/Features/SupportDisablingBackButtonCache/DisableBackButtonCacheMiddleware.php(19): Illuminate/Pipeline/Pipeline->Illuminate/Pipeline/{closure}(Object(Illuminate/Http/Request))
#35 C:/xampp/htdocs/www/Remanente-LMS-Re/vendor/laravel/framework/src/Illuminate/Pipeline/Pipeline.php(183): Livewire/Features/SupportDisablingBackButtonCache/DisableBackButtonCacheMiddleware->handle(Object(Illuminate/Http/Request), Object(Closure))
#36 C:/xampp/htdocs/www/Remanente-LMS-Re/vendor/barryvdh/laravel-debugbar/src/Middleware/InjectDebugbar.php(66): Illuminate/Pipeline/Pipeline->Illuminate/Pipeline/{closure}(Object(Illuminate/Http/Request))
#37 C:/xampp/htdocs/www/Remanente-LMS-Re/vendor/laravel/framework/src/Illuminate/Pipeline/Pipeline.php(183): Barryvdh/Debugbar/Middleware/InjectDebugbar->handle(Object(Illuminate/Http/Request), Object(Closure))
#38 C:/xampp/htdocs/www/Remanente-LMS-Re/vendor/laravel/framework/src/Illuminate/Foundation/Http/Middleware/TransformsRequest.php(21): Illuminate/Pipeline/Pipeline->Illuminate/Pipeline/{closure}(Object(Illuminate/Http/Request))
#39 C:/xampp/htdocs/www/Remanente-LMS-Re/vendor/laravel/framework/src/Illuminate/Foundation/Http/Middleware/ConvertEmptyStringsToNull.php(31): Illuminate/Foundation/Http/Middleware/TransformsRequest->handle(Object(Illuminate/Http/Request), Object(Closure))
#40 C:/xampp/htdocs/www/Remanente-LMS-Re/vendor/laravel/framework/src/Illuminate/Pipeline/Pipeline.php(183): Illuminate/Foundation/Http/Middleware/ConvertEmptyStringsToNull->handle(Object(Illuminate/Http/Request), Object(Closure))
#41 C:/xampp/htdocs/www/Remanente-LMS-Re/vendor/laravel/framework/src/Illuminate/Foundation/Http/Middleware/TransformsRequest.php(21): Illuminate/Pipeline/Pipeline->Illuminate/Pipeline/{closure}(Object(Illuminate/Http/Request))
#42 C:/xampp/htdocs/www/Remanente-LMS-Re/vendor/laravel/framework/src/Illuminate/Foundation/Http/Middleware/TrimStrings.php(40): Illuminate/Foundation/Http/Middleware/TransformsRequest->handle(Object(Illuminate/Http/Request), Object(Closure))
#43 C:/xampp/htdocs/www/Remanente-LMS-Re/vendor/laravel/framework/src/Illuminate/Pipeline/Pipeline.php(183): Illuminate/Foundation/Http/Middleware/TrimStrings->handle(Object(Illuminate/Http/Request), Object(Closure))
#44 C:/xampp/htdocs/www/Remanente-LMS-Re/vendor/laravel/framework/src/Illuminate/Foundation/Http/Middleware/ValidatePostSize.php(27): Illuminate/Pipeline/Pipeline->Illuminate/Pipeline/{closure}(Object(Illuminate/Http/Request))
#45 C:/xampp/htdocs/www/Remanente-LMS-Re/vendor/laravel/framework/src/Illuminate/Pipeline/Pipeline.php(183): Illuminate/Foundation/Http/Middleware/ValidatePostSize->handle(Object(Illuminate/Http/Request), Object(Closure))
#46 C:/xampp/htdocs/www/Remanente-LMS-Re/vendor/laravel/framework/src/Illuminate/Foundation/Http/Middleware/PreventRequestsDuringMaintenance.php(99): Illuminate/Pipeline/Pipeline->Illuminate/Pipeline/{closure}(Object(Illuminate/Http/Request))
#47 C:/xampp/htdocs/www/Remanente-LMS-Re/vendor/laravel/framework/src/Illuminate/Pipeline/Pipeline.php(183): Illuminate/Foundation/Http/Middleware/PreventRequestsDuringMaintenance->handle(Object(Illuminate/Http/Request), Object(Closure))
#48 C:/xampp/htdocs/www/Remanente-LMS-Re/vendor/laravel/framework/src/Illuminate/Http/Middleware/HandleCors.php(49): Illuminate/Pipeline/Pipeline->Illuminate/Pipeline/{closure}(Object(Illuminate/Http/Request))
#49 C:/xampp/htdocs/www/Remanente-LMS-Re/vendor/laravel/framework/src/Illuminate/Pipeline/Pipeline.php(183): Illuminate/Http/Middleware/HandleCors->handle(Object(Illuminate/Http/Request), Object(Closure))
#50 C:/xampp/htdocs/www/Remanente-LMS-Re/vendor/laravel/framework/src/Illuminate/Http/Middleware/TrustProxies.php(39): Illuminate/Pipeline/Pipeline->Illuminate/Pipeline/{closure}(Object(Illuminate/Http/Request))
#51 C:/xampp/htdocs/www/Remanente-LMS-Re/vendor/laravel/framework/src/Illuminate/Pipeline/Pipeline.php(183): Illuminate/Http/Middleware/TrustProxies->handle(Object(Illuminate/Http/Request), Object(Closure))
#52 C:/xampp/htdocs/www/Remanente-LMS-Re/vendor/laravel/framework/src/Illuminate/Pipeline/Pipeline.php(119): Illuminate/Pipeline/Pipeline->Illuminate/Pipeline/{closure}(Object(Illuminate/Http/Request))
#53 C:/xampp/htdocs/www/Remanente-LMS-Re/vendor/laravel/framework/src/Illuminate/Foundation/Http/Kernel.php(175): Illuminate/Pipeline/Pipeline->then(Object(Closure))
#54 C:/xampp/htdocs/www/Remanente-LMS-Re/vendor/laravel/framework/src/Illuminate/Foundation/Http/Kernel.php(144): Illuminate/Foundation/Http/Kernel->sendRequestThroughRouter(Object(Illuminate/Http/Request))
#55 C:/xampp/htdocs/www/Remanente-LMS-Re/public/index.php(51): Illuminate/Foundation/Http/Kernel->handle(Object(Illuminate/Http/Request))
#56 C:/xampp/htdocs/www/Remanente-LMS-Re/vendor/laravel/framework/src/Illuminate/Foundation/resources/server.php(16): require_once('C://xampp//htdocs...')
#57 {main}
"} 
[2026-08-31 10:31:33] local.ERROR: SQLSTATE[42S02]: Base table or view not found: 1146 Table 'canvas.calificaciones' doesn't exist (Connection: mysql, SQL: select avg(`nota`) as aggregate from `calificaciones` where (`curso_id` = 1 or `tarea_id` in (1, 2, 3, 4, 5, 6, 7, 8) or `concepto` in (Análisis del relato de la Creación (Génesis 1-2), Resumen de la vida de los Patriarcas, Quiz: El Pentateuco, El Éxodo y la Ley Mosaica, Quiz: Libros Históricos, Parcial I: Pentateuco y Libros Históricos, Parcial II: Literatura Poética y Profetas, Proyecto: Línea de tiempo del Antiguo Testamento)) and `nota` is not null) {"userId":9,"exception":"[object] (Illuminate\\Database\\QueryException(code: 42S02): SQLSTATE[42S02]: Base table or view not found: 1146 Table 'canvas.calificaciones' doesn't exist (Connection: mysql, SQL: select avg(`nota`) as aggregate from `calificaciones` where (`curso_id` = 1 or `tarea_id` in (1, 2, 3, 4, 5, 6, 7, 8) or `concepto` in (Análisis del relato de la Creación (Génesis 1-2), Resumen de la vida de los Patriarcas, Quiz: El Pentateuco, El Éxodo y la Ley Mosaica, Quiz: Libros Históricos, Parcial I: Pentateuco y Libros Históricos, Parcial II: Literatura Poética y Profetas, Proyecto: Línea de tiempo del Antiguo Testamento)) and `nota` is not null) at C:/xampp/htdocs/www/Remanente-LMS-Re/vendor/laravel/framework/src/Illuminate/Database/Connection.php:829)
[stacktrace]
#0 C:/xampp/htdocs/www/Remanente-LMS-Re/vendor/laravel/framework/src/Illuminate/Database/Connection.php(783): Illuminate/Database/Connection->runQueryCallback('select avg(`not...', Array, Object(Closure))
#1 C:/xampp/htdocs/www/Remanente-LMS-Re/vendor/laravel/framework/src/Illuminate/Database/Connection.php(414): Illuminate/Database/Connection->run('select avg(`not...', Array, Object(Closure))
#2 C:/xampp/htdocs/www/Remanente-LMS-Re/vendor/laravel/framework/src/Illuminate/Database/Query/Builder.php(2913): Illuminate/Database/Connection->select('select avg(`not...', Array, true)
#3 C:/xampp/htdocs/www/Remanente-LMS-Re/vendor/laravel/framework/src/Illuminate/Database/Query/Builder.php(2902): Illuminate/Database/Query/Builder->runSelect()
#4 C:/xampp/htdocs/www/Remanente-LMS-Re/vendor/laravel/framework/src/Illuminate/Database/Query/Builder.php(3456): Illuminate/Database/Query/Builder->Illuminate/Database/Query/{closure}()
#5 C:/xampp/htdocs/www/Remanente-LMS-Re/vendor/laravel/framework/src/Illuminate/Database/Query/Builder.php(2901): Illuminate/Database/Query/Builder->onceWithColumns(Array, Object(Closure))
#6 C:/xampp/htdocs/www/Remanente-LMS-Re/vendor/laravel/framework/src/Illuminate/Database/Query/Builder.php(3383): Illuminate/Database/Query/Builder->get(Array)
#7 C:/xampp/htdocs/www/Remanente-LMS-Re/vendor/laravel/framework/src/Illuminate/Database/Query/Builder.php(3357): Illuminate/Database/Query/Builder->aggregate('avg', Array)
#8 C:/xampp/htdocs/www/Remanente-LMS-Re/app/Http/Controllers/Academico/Estudiante/CalificacionController.php(65): Illuminate/Database/Query/Builder->avg('nota')
#9 C:/xampp/htdocs/www/Remanente-LMS-Re/vendor/laravel/framework/src/Illuminate/Routing/Controller.php(54): App/Http/Controllers/Academico/Estudiante/CalificacionController->index()
#10 C:/xampp/htdocs/www/Remanente-LMS-Re/vendor/laravel/framework/src/Illuminate/Routing/ControllerDispatcher.php(43): Illuminate/Routing/Controller->callAction('index', Array)
#11 C:/xampp/htdocs/www/Remanente-LMS-Re/vendor/laravel/framework/src/Illuminate/Routing/Route.php(259): Illuminate/Routing/ControllerDispatcher->dispatch(Object(Illuminate/Routing/Route), Object(App/Http/Controllers/Academico/Estudiante/CalificacionController), 'index')
#12 C:/xampp/htdocs/www/Remanente-LMS-Re/vendor/laravel/framework/src/Illuminate/Routing/Route.php(205): Illuminate/Routing/Route->runController()
#13 C:/xampp/htdocs/www/Remanente-LMS-Re/vendor/laravel/framework/src/Illuminate/Routing/Router.php(806): Illuminate/Routing/Route->run()
#14 C:/xampp/htdocs/www/Remanente-LMS-Re/vendor/laravel/framework/src/Illuminate/Pipeline/Pipeline.php(144): Illuminate/Routing/Router->Illuminate/Routing/{closure}(Object(Illuminate/Http/Request))
#15 C:/xampp/htdocs/www/Remanente-LMS-Re/vendor/spatie/laravel-permission/src/Middleware/RoleMiddleware.php(37): Illuminate/Pipeline/Pipeline->Illuminate/Pipeline/{closure}(Object(Illuminate/Http/Request))
#16 C:/xampp/htdocs/www/Remanente-LMS-Re/vendor/laravel/framework/src/Illuminate/Pipeline/Pipeline.php(183): Spatie/Permission/Middleware/RoleMiddleware->handle(Object(Illuminate/Http/Request), Object(Closure), 'estudiante')
#17 C:/xampp/htdocs/www/Remanente-LMS-Re/vendor/barryvdh/laravel-debugbar/src/Middleware/InjectDebugbar.php(66): Illuminate/Pipeline/Pipeline->Illuminate/Pipeline/{closure}(Object(Illuminate/Http/Request))
#18 C:/xampp/htdocs/www/Remanente-LMS-Re/vendor/laravel/framework/src/Illuminate/Pipeline/Pipeline.php(183): Barryvdh/Debugbar/Middleware/InjectDebugbar->handle(Object(Illuminate/Http/Request), Object(Closure))
#19 C:/xampp/htdocs/www/Remanente-LMS-Re/app/Http/Middleware/EnsureProfileIsComplete.php(36): Illuminate/Pipeline/Pipeline->Illuminate/Pipeline/{closure}(Object(Illuminate/Http/Request))
#20 C:/xampp/htdocs/www/Remanente-LMS-Re/vendor/laravel/framework/src/Illuminate/Pipeline/Pipeline.php(183): App/Http/Middleware/EnsureProfileIsComplete->handle(Object(Illuminate/Http/Request), Object(Closure))
#21 C:/xampp/htdocs/www/Remanente-LMS-Re/vendor/laravel/framework/src/Illuminate/Routing/Middleware/SubstituteBindings.php(50): Illuminate/Pipeline/Pipeline->Illuminate/Pipeline/{closure}(Object(Illuminate/Http/Request))
#22 C:/xampp/htdocs/www/Remanente-LMS-Re/vendor/laravel/framework/src/Illuminate/Pipeline/Pipeline.php(183): Illuminate/Routing/Middleware/SubstituteBindings->handle(Object(Illuminate/Http/Request), Object(Closure))
#23 C:/xampp/htdocs/www/Remanente-LMS-Re/vendor/laravel/framework/src/Illuminate/Auth/Middleware/Authenticate.php(57): Illuminate/Pipeline/Pipeline->Illuminate/Pipeline/{closure}(Object(Illuminate/Http/Request))
#24 C:/xampp/htdocs/www/Remanente-LMS-Re/vendor/laravel/framework/src/Illuminate/Pipeline/Pipeline.php(183): Illuminate/Auth/Middleware/Authenticate->handle(Object(Illuminate/Http/Request), Object(Closure))
#25 C:/xampp/htdocs/www/Remanente-LMS-Re/vendor/laravel/framework/src/Illuminate/Foundation/Http/Middleware/VerifyCsrfToken.php(78): Illuminate/Pipeline/Pipeline->Illuminate/Pipeline/{closure}(Object(Illuminate/Http/Request))
#26 C:/xampp/htdocs/www/Remanente-LMS-Re/vendor/laravel/framework/src/Illuminate/Pipeline/Pipeline.php(183): Illuminate/Foundation/Http/Middleware/VerifyCsrfToken->handle(Object(Illuminate/Http/Request), Object(Closure))
#27 C:/xampp/htdocs/www/Remanente-LMS-Re/vendor/laravel/framework/src/Illuminate/View/Middleware/ShareErrorsFromSession.php(49): Illuminate/Pipeline/Pipeline->Illuminate/Pipeline/{closure}(Object(Illuminate/Http/Request))
#28 C:/xampp/htdocs/www/Remanente-LMS-Re/vendor/laravel/framework/src/Illuminate/Pipeline/Pipeline.php(183): Illuminate/View/Middleware/ShareErrorsFromSession->handle(Object(Illuminate/Http/Request), Object(Closure))
#29 C:/xampp/htdocs/www/Remanente-LMS-Re/vendor/laravel/framework/src/Illuminate/Session/Middleware/StartSession.php(121): Illuminate/Pipeline/Pipeline->Illuminate/Pipeline/{closure}(Object(Illuminate/Http/Request))
#30 C:/xampp/htdocs/www/Remanente-LMS-Re/vendor/laravel/framework/src/Illuminate/Session/Middleware/StartSession.php(64): Illuminate/Session/Middleware/StartSession->handleStatefulRequest(Object(Illuminate/Http/Request), Object(Illuminate/Session/Store), Object(Closure))
#31 C:/xampp/htdocs/www/Remanente-LMS-Re/vendor/laravel/framework/src/Illuminate/Pipeline/Pipeline.php(183): Illuminate/Session/Middleware/StartSession->handle(Object(Illuminate/Http/Request), Object(Closure))
#32 C:/xampp/htdocs/www/Remanente-LMS-Re/vendor/laravel/framework/src/Illuminate/Cookie/Middleware/AddQueuedCookiesToResponse.php(37): Illuminate/Pipeline/Pipeline->Illuminate/Pipeline/{closure}(Object(Illuminate/Http/Request))
#33 C:/xampp/htdocs/www/Remanente-LMS-Re/vendor/laravel/framework/src/Illuminate/Pipeline/Pipeline.php(183): Illuminate/Cookie/Middleware/AddQueuedCookiesToResponse->handle(Object(Illuminate/Http/Request), Object(Closure))
#34 C:/xampp/htdocs/www/Remanente-LMS-Re/vendor/laravel/framework/src/Illuminate/Cookie/Middleware/EncryptCookies.php(67): Illuminate/Pipeline/Pipeline->Illuminate/Pipeline/{closure}(Object(Illuminate/Http/Request))
#35 C:/xampp/htdocs/www/Remanente-LMS-Re/vendor/laravel/framework/src/Illuminate/Pipeline/Pipeline.php(183): Illuminate/Cookie/Middleware/EncryptCookies->handle(Object(Illuminate/Http/Request), Object(Closure))
#36 C:/xampp/htdocs/www/Remanente-LMS-Re/vendor/laravel/framework/src/Illuminate/Pipeline/Pipeline.php(119): Illuminate/Pipeline/Pipeline->Illuminate/Pipeline/{closure}(Object(Illuminate/Http/Request))
#37 C:/xampp/htdocs/www/Remanente-LMS-Re/vendor/laravel/framework/src/Illuminate/Routing/Router.php(805): Illuminate/Pipeline/Pipeline->then(Object(Closure))
#38 C:/xampp/htdocs/www/Remanente-LMS-Re/vendor/laravel/framework/src/Illuminate/Routing/Router.php(784): Illuminate/Routing/Router->runRouteWithinStack(Object(Illuminate/Routing/Route), Object(Illuminate/Http/Request))
#39 C:/xampp/htdocs/www/Remanente-LMS-Re/vendor/laravel/framework/src/Illuminate/Routing/Router.php(748): Illuminate/Routing/Router->runRoute(Object(Illuminate/Http/Request), Object(Illuminate/Routing/Route))
#40 C:/xampp/htdocs/www/Remanente-LMS-Re/vendor/laravel/framework/src/Illuminate/Routing/Router.php(737): Illuminate/Routing/Router->dispatchToRoute(Object(Illuminate/Http/Request))
#41 C:/xampp/htdocs/www/Remanente-LMS-Re/vendor/laravel/framework/src/Illuminate/Foundation/Http/Kernel.php(200): Illuminate/Routing/Router->dispatch(Object(Illuminate/Http/Request))
#42 C:/xampp/htdocs/www/Remanente-LMS-Re/vendor/laravel/framework/src/Illuminate/Pipeline/Pipeline.php(144): Illuminate/Foundation/Http/Kernel->Illuminate/Foundation/Http/{closure}(Object(Illuminate/Http/Request))
#43 C:/xampp/htdocs/www/Remanente-LMS-Re/vendor/livewire/livewire/src/Features/SupportDisablingBackButtonCache/DisableBackButtonCacheMiddleware.php(19): Illuminate/Pipeline/Pipeline->Illuminate/Pipeline/{closure}(Object(Illuminate/Http/Request))
#44 C:/xampp/htdocs/www/Remanente-LMS-Re/vendor/laravel/framework/src/Illuminate/Pipeline/Pipeline.php(183): Livewire/Features/SupportDisablingBackButtonCache/DisableBackButtonCacheMiddleware->handle(Object(Illuminate/Http/Request), Object(Closure))
#45 C:/xampp/htdocs/www/Remanente-LMS-Re/vendor/barryvdh/laravel-debugbar/src/Middleware/InjectDebugbar.php(66): Illuminate/Pipeline/Pipeline->Illuminate/Pipeline/{closure}(Object(Illuminate/Http/Request))
#46 C:/xampp/htdocs/www/Remanente-LMS-Re/vendor/laravel/framework/src/Illuminate/Pipeline/Pipeline.php(183): Barryvdh/Debugbar/Middleware/InjectDebugbar->handle(Object(Illuminate/Http/Request), Object(Closure))
#47 C:/xampp/htdocs/www/Remanente-LMS-Re/vendor/laravel/framework/src/Illuminate/Foundation/Http/Middleware/TransformsRequest.php(21): Illuminate/Pipeline/Pipeline->Illuminate/Pipeline/{closure}(Object(Illuminate/Http/Request))
#48 C:/xampp/htdocs/www/Remanente-LMS-Re/vendor/laravel/framework/src/Illuminate/Foundation/Http/Middleware/ConvertEmptyStringsToNull.php(31): Illuminate/Foundation/Http/Middleware/TransformsRequest->handle(Object(Illuminate/Http/Request), Object(Closure))
#49 C:/xampp/htdocs/www/Remanente-LMS-Re/vendor/laravel/framework/src/Illuminate/Pipeline/Pipeline.php(183): Illuminate/Foundation/Http/Middleware/ConvertEmptyStringsToNull->handle(Object(Illuminate/Http/Request), Object(Closure))
#50 C:/xampp/htdocs/www/Remanente-LMS-Re/vendor/laravel/framework/src/Illuminate/Foundation/Http/Middleware/TransformsRequest.php(21): Illuminate/Pipeline/Pipeline->Illuminate/Pipeline/{closure}(Object(Illuminate/Http/Request))
#51 C:/xampp/htdocs/www/Remanente-LMS-Re/vendor/laravel/framework/src/Illuminate/Foundation/Http/Middleware/TrimStrings.php(40): Illuminate/Foundation/Http/Middleware/TransformsRequest->handle(Object(Illuminate/Http/Request), Object(Closure))
#52 C:/xampp/htdocs/www/Remanente-LMS-Re/vendor/laravel/framework/src/Illuminate/Pipeline/Pipeline.php(183): Illuminate/Foundation/Http/Middleware/TrimStrings->handle(Object(Illuminate/Http/Request), Object(Closure))
#53 C:/xampp/htdocs/www/Remanente-LMS-Re/vendor/laravel/framework/src/Illuminate/Foundation/Http/Middleware/ValidatePostSize.php(27): Illuminate/Pipeline/Pipeline->Illuminate/Pipeline/{closure}(Object(Illuminate/Http/Request))
#54 C:/xampp/htdocs/www/Remanente-LMS-Re/vendor/laravel/framework/src/Illuminate/Pipeline/Pipeline.php(183): Illuminate/Foundation/Http/Middleware/ValidatePostSize->handle(Object(Illuminate/Http/Request), Object(Closure))
#55 C:/xampp/htdocs/www/Remanente-LMS-Re/vendor/laravel/framework/src/Illuminate/Foundation/Http/Middleware/PreventRequestsDuringMaintenance.php(99): Illuminate/Pipeline/Pipeline->Illuminate/Pipeline/{closure}(Object(Illuminate/Http/Request))
#56 C:/xampp/htdocs/www/Remanente-LMS-Re/vendor/laravel/framework/src/Illuminate/Pipeline/Pipeline.php(183): Illuminate/Foundation/Http/Middleware/PreventRequestsDuringMaintenance->handle(Object(Illuminate/Http/Request), Object(Closure))
#57 C:/xampp/htdocs/www/Remanente-LMS-Re/vendor/laravel/framework/src/Illuminate/Http/Middleware/HandleCors.php(49): Illuminate/Pipeline/Pipeline->Illuminate/Pipeline/{closure}(Object(Illuminate/Http/Request))
#58 C:/xampp/htdocs/www/Remanente-LMS-Re/vendor/laravel/framework/src/Illuminate/Pipeline/Pipeline.php(183): Illuminate/Http/Middleware/HandleCors->handle(Object(Illuminate/Http/Request), Object(Closure))
#59 C:/xampp/htdocs/www/Remanente-LMS-Re/vendor/laravel/framework/src/Illuminate/Http/Middleware/TrustProxies.php(39): Illuminate/Pipeline/Pipeline->Illuminate/Pipeline/{closure}(Object(Illuminate/Http/Request))
#60 C:/xampp/htdocs/www/Remanente-LMS-Re/vendor/laravel/framework/src/Illuminate/Pipeline/Pipeline.php(183): Illuminate/Http/Middleware/TrustProxies->handle(Object(Illuminate/Http/Request), Object(Closure))
#61 C:/xampp/htdocs/www/Remanente-LMS-Re/vendor/laravel/framework/src/Illuminate/Pipeline/Pipeline.php(119): Illuminate/Pipeline/Pipeline->Illuminate/Pipeline/{closure}(Object(Illuminate/Http/Request))
#62 C:/xampp/htdocs/www/Remanente-LMS-Re/vendor/laravel/framework/src/Illuminate/Foundation/Http/Kernel.php(175): Illuminate/Pipeline/Pipeline->then(Object(Closure))
#63 C:/xampp/htdocs/www/Remanente-LMS-Re/vendor/laravel/framework/src/Illuminate/Foundation/Http/Kernel.php(144): Illuminate/Foundation/Http/Kernel->sendRequestThroughRouter(Object(Illuminate/Http/Request))
#64 C:/xampp/htdocs/www/Remanente-LMS-Re/public/index.php(51): Illuminate/Foundation/Http/Kernel->handle(Object(Illuminate/Http/Request))
#65 C:/xampp/htdocs/www/Remanente-LMS-Re/vendor/laravel/framework/src/Illuminate/Foundation/resources/server.php(16): require_once('C://xampp//htdocs...')
#66 {main}

[previous exception] [object] (PDOException(code: 42S02): SQLSTATE[42S02]: Base table or view not found: 1146 Table 'canvas.calificaciones' doesn't exist at C:/xampp/htdocs/www/Remanente-LMS-Re/vendor/laravel/framework/src/Illuminate/Database/Connection.php:423)
[stacktrace]
#0 C:/xampp/htdocs/www/Remanente-LMS-Re/vendor/laravel/framework/src/Illuminate/Database/Connection.php(423): PDO->prepare('select avg(`not...')
#1 C:/xampp/htdocs/www/Remanente-LMS-Re/vendor/laravel/framework/src/Illuminate/Database/Connection.php(816): Illuminate/Database/Connection->Illuminate/Database/{closure}('select avg(`not...', Array)
#2 C:/xampp/htdocs/www/Remanente-LMS-Re/vendor/laravel/framework/src/Illuminate/Database/Connection.php(783): Illuminate/Database/Connection->runQueryCallback('select avg(`not...', Array, Object(Closure))
#3 C:/xampp/htdocs/www/Remanente-LMS-Re/vendor/laravel/framework/src/Illuminate/Database/Connection.php(414): Illuminate/Database/Connection->run('select avg(`not...', Array, Object(Closure))
#4 C:/xampp/htdocs/www/Remanente-LMS-Re/vendor/laravel/framework/src/Illuminate/Database/Query/Builder.php(2913): Illuminate/Database/Connection->select('select avg(`not...', Array, true)
#5 C:/xampp/htdocs/www/Remanente-LMS-Re/vendor/laravel/framework/src/Illuminate/Database/Query/Builder.php(2902): Illuminate/Database/Query/Builder->runSelect()
#6 C:/xampp/htdocs/www/Remanente-LMS-Re/vendor/laravel/framework/src/Illuminate/Database/Query/Builder.php(3456): Illuminate/Database/Query/Builder->Illuminate/Database/Query/{closure}()
#7 C:/xampp/htdocs/www/Remanente-LMS-Re/vendor/laravel/framework/src/Illuminate/Database/Query/Builder.php(2901): Illuminate/Database/Query/Builder->onceWithColumns(Array, Object(Closure))
#8 C:/xampp/htdocs/www/Remanente-LMS-Re/vendor/laravel/framework/src/Illuminate/Database/Query/Builder.php(3383): Illuminate/Database/Query/Builder->get(Array)
#9 C:/xampp/htdocs/www/Remanente-LMS-Re/vendor/laravel/framework/src/Illuminate/Database/Query/Builder.php(3357): Illuminate/Database/Query/Builder->aggregate('avg', Array)
#10 C:/xampp/htdocs/www/Remanente-LMS-Re/app/Http/Controllers/Academico/Estudiante/CalificacionController.php(65): Illuminate/Database/Query/Builder->avg('nota')
#11 C:/xampp/htdocs/www/Remanente-LMS-Re/vendor/laravel/framework/src/Illuminate/Routing/Controller.php(54): App/Http/Controllers/Academico/Estudiante/CalificacionController->index()
#12 C:/xampp/htdocs/www/Remanente-LMS-Re/vendor/laravel/framework/src/Illuminate/Routing/ControllerDispatcher.php(43): Illuminate/Routing/Controller->callAction('index', Array)
#13 C:/xampp/htdocs/www/Remanente-LMS-Re/vendor/laravel/framework/src/Illuminate/Routing/Route.php(259): Illuminate/Routing/ControllerDispatcher->dispatch(Object(Illuminate/Routing/Route), Object(App/Http/Controllers/Academico/Estudiante/CalificacionController), 'index')
#14 C:/xampp/htdocs/www/Remanente-LMS-Re/vendor/laravel/framework/src/Illuminate/Routing/Route.php(205): Illuminate/Routing/Route->runController()
#15 C:/xampp/htdocs/www/Remanente-LMS-Re/vendor/laravel/framework/src/Illuminate/Routing/Router.php(806): Illuminate/Routing/Route->run()
#16 C:/xampp/htdocs/www/Remanente-LMS-Re/vendor/laravel/framework/src/Illuminate/Pipeline/Pipeline.php(144): Illuminate/Routing/Router->Illuminate/Routing/{closure}(Object(Illuminate/Http/Request))
#17 C:/xampp/htdocs/www/Remanente-LMS-Re/vendor/spatie/laravel-permission/src/Middleware/RoleMiddleware.php(37): Illuminate/Pipeline/Pipeline->Illuminate/Pipeline/{closure}(Object(Illuminate/Http/Request))
#18 C:/xampp/htdocs/www/Remanente-LMS-Re/vendor/laravel/framework/src/Illuminate/Pipeline/Pipeline.php(183): Spatie/Permission/Middleware/RoleMiddleware->handle(Object(Illuminate/Http/Request), Object(Closure), 'estudiante')
#19 C:/xampp/htdocs/www/Remanente-LMS-Re/vendor/barryvdh/laravel-debugbar/src/Middleware/InjectDebugbar.php(66): Illuminate/Pipeline/Pipeline->Illuminate/Pipeline/{closure}(Object(Illuminate/Http/Request))
#20 C:/xampp/htdocs/www/Remanente-LMS-Re/vendor/laravel/framework/src/Illuminate/Pipeline/Pipeline.php(183): Barryvdh/Debugbar/Middleware/InjectDebugbar->handle(Object(Illuminate/Http/Request), Object(Closure))
#21 C:/xampp/htdocs/www/Remanente-LMS-Re/app/Http/Middleware/EnsureProfileIsComplete.php(36): Illuminate/Pipeline/Pipeline->Illuminate/Pipeline/{closure}(Object(Illuminate/Http/Request))
#22 C:/xampp/htdocs/www/Remanente-LMS-Re/vendor/laravel/framework/src/Illuminate/Pipeline/Pipeline.php(183): App/Http/Middleware/EnsureProfileIsComplete->handle(Object(Illuminate/Http/Request), Object(Closure))
#23 C:/xampp/htdocs/www/Remanente-LMS-Re/vendor/laravel/framework/src/Illuminate/Routing/Middleware/SubstituteBindings.php(50): Illuminate/Pipeline/Pipeline->Illuminate/Pipeline/{closure}(Object(Illuminate/Http/Request))
#24 C:/xampp/htdocs/www/Remanente-LMS-Re/vendor/laravel/framework/src/Illuminate/Pipeline/Pipeline.php(183): Illuminate/Routing/Middleware/SubstituteBindings->handle(Object(Illuminate/Http/Request), Object(Closure))
#25 C:/xampp/htdocs/www/Remanente-LMS-Re/vendor/laravel/framework/src/Illuminate/Auth/Middleware/Authenticate.php(57): Illuminate/Pipeline/Pipeline->Illuminate/Pipeline/{closure}(Object(Illuminate/Http/Request))
#26 C:/xampp/htdocs/www/Remanente-LMS-Re/vendor/laravel/framework/src/Illuminate/Pipeline/Pipeline.php(183): Illuminate/Auth/Middleware/Authenticate->handle(Object(Illuminate/Http/Request), Object(Closure))
#27 C:/xampp/htdocs/www/Remanente-LMS-Re/vendor/laravel/framework/src/Illuminate/Foundation/Http/Middleware/VerifyCsrfToken.php(78): Illuminate/Pipeline/Pipeline->Illuminate/Pipeline/{closure}(Object(Illuminate/Http/Request))
#28 C:/xampp/htdocs/www/Remanente-LMS-Re/vendor/laravel/framework/src/Illuminate/Pipeline/Pipeline.php(183): Illuminate/Foundation/Http/Middleware/VerifyCsrfToken->handle(Object(Illuminate/Http/Request), Object(Closure))
#29 C:/xampp/htdocs/www/Remanente-LMS-Re/vendor/laravel/framework/src/Illuminate/View/Middleware/ShareErrorsFromSession.php(49): Illuminate/Pipeline/Pipeline->Illuminate/Pipeline/{closure}(Object(Illuminate/Http/Request))
#30 C:/xampp/htdocs/www/Remanente-LMS-Re/vendor/laravel/framework/src/Illuminate/Pipeline/Pipeline.php(183): Illuminate/View/Middleware/ShareErrorsFromSession->handle(Object(Illuminate/Http/Request), Object(Closure))
#31 C:/xampp/htdocs/www/Remanente-LMS-Re/vendor/laravel/framework/src/Illuminate/Session/Middleware/StartSession.php(121): Illuminate/Pipeline/Pipeline->Illuminate/Pipeline/{closure}(Object(Illuminate/Http/Request))
#32 C:/xampp/htdocs/www/Remanente-LMS-Re/vendor/laravel/framework/src/Illuminate/Session/Middleware/StartSession.php(64): Illuminate/Session/Middleware/StartSession->handleStatefulRequest(Object(Illuminate/Http/Request), Object(Illuminate/Session/Store), Object(Closure))
#33 C:/xampp/htdocs/www/Remanente-LMS-Re/vendor/laravel/framework/src/Illuminate/Pipeline/Pipeline.php(183): Illuminate/Session/Middleware/StartSession->handle(Object(Illuminate/Http/Request), Object(Closure))
#34 C:/xampp/htdocs/www/Remanente-LMS-Re/vendor/laravel/framework/src/Illuminate/Cookie/Middleware/AddQueuedCookiesToResponse.php(37): Illuminate/Pipeline/Pipeline->Illuminate/Pipeline/{closure}(Object(Illuminate/Http/Request))
#35 C:/xampp/htdocs/www/Remanente-LMS-Re/vendor/laravel/framework/src/Illuminate/Pipeline/Pipeline.php(183): Illuminate/Cookie/Middleware/AddQueuedCookiesToResponse->handle(Object(Illuminate/Http/Request), Object(Closure))
#36 C:/xampp/htdocs/www/Remanente-LMS-Re/vendor/laravel/framework/src/Illuminate/Cookie/Middleware/EncryptCookies.php(67): Illuminate/Pipeline/Pipeline->Illuminate/Pipeline/{closure}(Object(Illuminate/Http/Request))
#37 C:/xampp/htdocs/www/Remanente-LMS-Re/vendor/laravel/framework/src/Illuminate/Pipeline/Pipeline.php(183): Illuminate/Cookie/Middleware/EncryptCookies->handle(Object(Illuminate/Http/Request), Object(Closure))
#38 C:/xampp/htdocs/www/Remanente-LMS-Re/vendor/laravel/framework/src/Illuminate/Pipeline/Pipeline.php(119): Illuminate/Pipeline/Pipeline->Illuminate/Pipeline/{closure}(Object(Illuminate/Http/Request))
#39 C:/xampp/htdocs/www/Remanente-LMS-Re/vendor/laravel/framework/src/Illuminate/Routing/Router.php(805): Illuminate/Pipeline/Pipeline->then(Object(Closure))
#40 C:/xampp/htdocs/www/Remanente-LMS-Re/vendor/laravel/framework/src/Illuminate/Routing/Router.php(784): Illuminate/Routing/Router->runRouteWithinStack(Object(Illuminate/Routing/Route), Object(Illuminate/Http/Request))
#41 C:/xampp/htdocs/www/Remanente-LMS-Re/vendor/laravel/framework/src/Illuminate/Routing/Router.php(748): Illuminate/Routing/Router->runRoute(Object(Illuminate/Http/Request), Object(Illuminate/Routing/Route))
#42 C:/xampp/htdocs/www/Remanente-LMS-Re/vendor/laravel/framework/src/Illuminate/Routing/Router.php(737): Illuminate/Routing/Router->dispatchToRoute(Object(Illuminate/Http/Request))
#43 C:/xampp/htdocs/www/Remanente-LMS-Re/vendor/laravel/framework/src/Illuminate/Foundation/Http/Kernel.php(200): Illuminate/Routing/Router->dispatch(Object(Illuminate/Http/Request))
#44 C:/xampp/htdocs/www/Remanente-LMS-Re/vendor/laravel/framework/src/Illuminate/Pipeline/Pipeline.php(144): Illuminate/Foundation/Http/Kernel->Illuminate/Foundation/Http/{closure}(Object(Illuminate/Http/Request))
#45 C:/xampp/htdocs/www/Remanente-LMS-Re/vendor/livewire/livewire/src/Features/SupportDisablingBackButtonCache/DisableBackButtonCacheMiddleware.php(19): Illuminate/Pipeline/Pipeline->Illuminate/Pipeline/{closure}(Object(Illuminate/Http/Request))
#46 C:/xampp/htdocs/www/Remanente-LMS-Re/vendor/laravel/framework/src/Illuminate/Pipeline/Pipeline.php(183): Livewire/Features/SupportDisablingBackButtonCache/DisableBackButtonCacheMiddleware->handle(Object(Illuminate/Http/Request), Object(Closure))
#47 C:/xampp/htdocs/www/Remanente-LMS-Re/vendor/barryvdh/laravel-debugbar/src/Middleware/InjectDebugbar.php(66): Illuminate/Pipeline/Pipeline->Illuminate/Pipeline/{closure}(Object(Illuminate/Http/Request))
#48 C:/xampp/htdocs/www/Remanente-LMS-Re/vendor/laravel/framework/src/Illuminate/Pipeline/Pipeline.php(183): Barryvdh/Debugbar/Middleware/InjectDebugbar->handle(Object(Illuminate/Http/Request), Object(Closure))
#49 C:/xampp/htdocs/www/Remanente-LMS-Re/vendor/laravel/framework/src/Illuminate/Foundation/Http/Middleware/TransformsRequest.php(21): Illuminate/Pipeline/Pipeline->Illuminate/Pipeline/{closure}(Object(Illuminate/Http/Request))
#50 C:/xampp/htdocs/www/Remanente-LMS-Re/vendor/laravel/framework/src/Illuminate/Foundation/Http/Middleware/ConvertEmptyStringsToNull.php(31): Illuminate/Foundation/Http/Middleware/TransformsRequest->handle(Object(Illuminate/Http/Request), Object(Closure))
#51 C:/xampp/htdocs/www/Remanente-LMS-Re/vendor/laravel/framework/src/Illuminate/Pipeline/Pipeline.php(183): Illuminate/Foundation/Http/Middleware/ConvertEmptyStringsToNull->handle(Object(Illuminate/Http/Request), Object(Closure))
#52 C:/xampp/htdocs/www/Remanente-LMS-Re/vendor/laravel/framework/src/Illuminate/Foundation/Http/Middleware/TransformsRequest.php(21): Illuminate/Pipeline/Pipeline->Illuminate/Pipeline/{closure}(Object(Illuminate/Http/Request))
#53 C:/xampp/htdocs/www/Remanente-LMS-Re/vendor/laravel/framework/src/Illuminate/Foundation/Http/Middleware/TrimStrings.php(40): Illuminate/Foundation/Http/Middleware/TransformsRequest->handle(Object(Illuminate/Http/Request), Object(Closure))
#54 C:/xampp/htdocs/www/Remanente-LMS-Re/vendor/laravel/framework/src/Illuminate/Pipeline/Pipeline.php(183): Illuminate/Foundation/Http/Middleware/TrimStrings->handle(Object(Illuminate/Http/Request), Object(Closure))
#55 C:/xampp/htdocs/www/Remanente-LMS-Re/vendor/laravel/framework/src/Illuminate/Foundation/Http/Middleware/ValidatePostSize.php(27): Illuminate/Pipeline/Pipeline->Illuminate/Pipeline/{closure}(Object(Illuminate/Http/Request))
#56 C:/xampp/htdocs/www/Remanente-LMS-Re/vendor/laravel/framework/src/Illuminate/Pipeline/Pipeline.php(183): Illuminate/Foundation/Http/Middleware/ValidatePostSize->handle(Object(Illuminate/Http/Request), Object(Closure))
#57 C:/xampp/htdocs/www/Remanente-LMS-Re/vendor/laravel/framework/src/Illuminate/Foundation/Http/Middleware/PreventRequestsDuringMaintenance.php(99): Illuminate/Pipeline/Pipeline->Illuminate/Pipeline/{closure}(Object(Illuminate/Http/Request))
#58 C:/xampp/htdocs/www/Remanente-LMS-Re/vendor/laravel/framework/src/Illuminate/Pipeline/Pipeline.php(183): Illuminate/Foundation/Http/Middleware/PreventRequestsDuringMaintenance->handle(Object(Illuminate/Http/Request), Object(Closure))
#59 C:/xampp/htdocs/www/Remanente-LMS-Re/vendor/laravel/framework/src/Illuminate/Http/Middleware/HandleCors.php(49): Illuminate/Pipeline/Pipeline->Illuminate/Pipeline/{closure}(Object(Illuminate/Http/Request))
#60 C:/xampp/htdocs/www/Remanente-LMS-Re/vendor/laravel/framework/src/Illuminate/Pipeline/Pipeline.php(183): Illuminate/Http/Middleware/HandleCors->handle(Object(Illuminate/Http/Request), Object(Closure))
#61 C:/xampp/htdocs/www/Remanente-LMS-Re/vendor/laravel/framework/src/Illuminate/Http/Middleware/TrustProxies.php(39): Illuminate/Pipeline/Pipeline->Illuminate/Pipeline/{closure}(Object(Illuminate/Http/Request))
#62 C:/xampp/htdocs/www/Remanente-LMS-Re/vendor/laravel/framework/src/Illuminate/Pipeline/Pipeline.php(183): Illuminate/Http/Middleware/TrustProxies->handle(Object(Illuminate/Http/Request), Object(Closure))
#63 C:/xampp/htdocs/www/Remanente-LMS-Re/vendor/laravel/framework/src/Illuminate/Pipeline/Pipeline.php(119): Illuminate/Pipeline/Pipeline->Illuminate/Pipeline/{closure}(Object(Illuminate/Http/Request))
#64 C:/xampp/htdocs/www/Remanente-LMS-Re/vendor/laravel/framework/src/Illuminate/Foundation/Http/Kernel.php(175): Illuminate/Pipeline/Pipeline->then(Object(Closure))
#65 C:/xampp/htdocs/www/Remanente-LMS-Re/vendor/laravel/framework/src/Illuminate/Foundation/Http/Kernel.php(144): Illuminate/Foundation/Http/Kernel->sendRequestThroughRouter(Object(Illuminate/Http/Request))
#66 C:/xampp/htdocs/www/Remanente-LMS-Re/public/index.php(51): Illuminate/Foundation/Http/Kernel->handle(Object(Illuminate/Http/Request))
#67 C:/xampp/htdocs/www/Remanente-LMS-Re/vendor/laravel/framework/src/Illuminate/Foundation/resources/server.php(16): require_once('C://xampp//htdocs...')
#68 {main}
"} 
[2026-08-31 10:34:22] local.ERROR: Call to undefined relationship [calificacions] on model [App\Models\Estudiante]. {"userId":9,"exception":"[object] (Illuminate\\Database\\Eloquent\\RelationNotFoundException(code: 0): Call to undefined relationship [calificacions] on model [App\\Models\\Estudiante]. at C:/xampp/htdocs/www/Remanente-LMS-Re/vendor/laravel/framework/src/Illuminate/Database/Eloquent/RelationNotFoundException.php:35)
[stacktrace]
#0 C:/xampp/htdocs/www/Remanente-LMS-Re/vendor/laravel/framework/src/Illuminate/Database/Eloquent/Builder.php(806): Illuminate/Database/Eloquent/RelationNotFoundException::make(Object(App/Models/Estudiante), 'calificacions')
#1 C:/xampp/htdocs/www/Remanente-LMS-Re/vendor/laravel/framework/src/Illuminate/Database/Eloquent/Relations/Relation.php(110): Illuminate/Database/Eloquent/Builder->Illuminate/Database/Eloquent/{closure}()
#2 C:/xampp/htdocs/www/Remanente-LMS-Re/vendor/laravel/framework/src/Illuminate/Database/Eloquent/Builder.php(802): Illuminate/Database/Eloquent/Relations/Relation::noConstraints(Object(Closure))
#3 C:/xampp/htdocs/www/Remanente-LMS-Re/vendor/laravel/framework/src/Illuminate/Database/Eloquent/Builder.php(776): Illuminate/Database/Eloquent/Builder->getRelation('calificacions')
#4 C:/xampp/htdocs/www/Remanente-LMS-Re/vendor/laravel/framework/src/Illuminate/Database/Eloquent/Builder.php(756): Illuminate/Database/Eloquent/Builder->eagerLoadRelation(Array, 'calificacions', Object(Closure))
#5 C:/xampp/htdocs/www/Remanente-LMS-Re/vendor/laravel/framework/src/Illuminate/Database/Eloquent/Builder.php(724): Illuminate/Database/Eloquent/Builder->eagerLoadRelations(Array)
#6 C:/xampp/htdocs/www/Remanente-LMS-Re/vendor/laravel/framework/src/Illuminate/Database/Concerns/BuildsQueries.php(333): Illuminate/Database/Eloquent/Builder->get(Array)
#7 C:/xampp/htdocs/www/Remanente-LMS-Re/app/Http/Controllers/Academico/Estudiante/CalificacionController.php(19): Illuminate/Database/Eloquent/Builder->first()
#8 C:/xampp/htdocs/www/Remanente-LMS-Re/vendor/laravel/framework/src/Illuminate/Routing/Controller.php(54): App/Http/Controllers/Academico/Estudiante/CalificacionController->index()
#9 C:/xampp/htdocs/www/Remanente-LMS-Re/vendor/laravel/framework/src/Illuminate/Routing/ControllerDispatcher.php(43): Illuminate/Routing/Controller->callAction('index', Array)
#10 C:/xampp/htdocs/www/Remanente-LMS-Re/vendor/laravel/framework/src/Illuminate/Routing/Route.php(259): Illuminate/Routing/ControllerDispatcher->dispatch(Object(Illuminate/Routing/Route), Object(App/Http/Controllers/Academico/Estudiante/CalificacionController), 'index')
#11 C:/xampp/htdocs/www/Remanente-LMS-Re/vendor/laravel/framework/src/Illuminate/Routing/Route.php(205): Illuminate/Routing/Route->runController()
#12 C:/xampp/htdocs/www/Remanente-LMS-Re/vendor/laravel/framework/src/Illuminate/Routing/Router.php(806): Illuminate/Routing/Route->run()
#13 C:/xampp/htdocs/www/Remanente-LMS-Re/vendor/laravel/framework/src/Illuminate/Pipeline/Pipeline.php(144): Illuminate/Routing/Router->Illuminate/Routing/{closure}(Object(Illuminate/Http/Request))
#14 C:/xampp/htdocs/www/Remanente-LMS-Re/vendor/spatie/laravel-permission/src/Middleware/RoleMiddleware.php(37): Illuminate/Pipeline/Pipeline->Illuminate/Pipeline/{closure}(Object(Illuminate/Http/Request))
#15 C:/xampp/htdocs/www/Remanente-LMS-Re/vendor/laravel/framework/src/Illuminate/Pipeline/Pipeline.php(183): Spatie/Permission/Middleware/RoleMiddleware->handle(Object(Illuminate/Http/Request), Object(Closure), 'estudiante')
#16 C:/xampp/htdocs/www/Remanente-LMS-Re/vendor/barryvdh/laravel-debugbar/src/Middleware/InjectDebugbar.php(66): Illuminate/Pipeline/Pipeline->Illuminate/Pipeline/{closure}(Object(Illuminate/Http/Request))
#17 C:/xampp/htdocs/www/Remanente-LMS-Re/vendor/laravel/framework/src/Illuminate/Pipeline/Pipeline.php(183): Barryvdh/Debugbar/Middleware/InjectDebugbar->handle(Object(Illuminate/Http/Request), Object(Closure))
#18 C:/xampp/htdocs/www/Remanente-LMS-Re/app/Http/Middleware/EnsureProfileIsComplete.php(36): Illuminate/Pipeline/Pipeline->Illuminate/Pipeline/{closure}(Object(Illuminate/Http/Request))
#19 C:/xampp/htdocs/www/Remanente-LMS-Re/vendor/laravel/framework/src/Illuminate/Pipeline/Pipeline.php(183): App/Http/Middleware/EnsureProfileIsComplete->handle(Object(Illuminate/Http/Request), Object(Closure))
#20 C:/xampp/htdocs/www/Remanente-LMS-Re/vendor/laravel/framework/src/Illuminate/Routing/Middleware/SubstituteBindings.php(50): Illuminate/Pipeline/Pipeline->Illuminate/Pipeline/{closure}(Object(Illuminate/Http/Request))
#21 C:/xampp/htdocs/www/Remanente-LMS-Re/vendor/laravel/framework/src/Illuminate/Pipeline/Pipeline.php(183): Illuminate/Routing/Middleware/SubstituteBindings->handle(Object(Illuminate/Http/Request), Object(Closure))
#22 C:/xampp/htdocs/www/Remanente-LMS-Re/vendor/laravel/framework/src/Illuminate/Auth/Middleware/Authenticate.php(57): Illuminate/Pipeline/Pipeline->Illuminate/Pipeline/{closure}(Object(Illuminate/Http/Request))
#23 C:/xampp/htdocs/www/Remanente-LMS-Re/vendor/laravel/framework/src/Illuminate/Pipeline/Pipeline.php(183): Illuminate/Auth/Middleware/Authenticate->handle(Object(Illuminate/Http/Request), Object(Closure))
#24 C:/xampp/htdocs/www/Remanente-LMS-Re/vendor/laravel/framework/src/Illuminate/Foundation/Http/Middleware/VerifyCsrfToken.php(78): Illuminate/Pipeline/Pipeline->Illuminate/Pipeline/{closure}(Object(Illuminate/Http/Request))
#25 C:/xampp/htdocs/www/Remanente-LMS-Re/vendor/laravel/framework/src/Illuminate/Pipeline/Pipeline.php(183): Illuminate/Foundation/Http/Middleware/VerifyCsrfToken->handle(Object(Illuminate/Http/Request), Object(Closure))
#26 C:/xampp/htdocs/www/Remanente-LMS-Re/vendor/laravel/framework/src/Illuminate/View/Middleware/ShareErrorsFromSession.php(49): Illuminate/Pipeline/Pipeline->Illuminate/Pipeline/{closure}(Object(Illuminate/Http/Request))
#27 C:/xampp/htdocs/www/Remanente-LMS-Re/vendor/laravel/framework/src/Illuminate/Pipeline/Pipeline.php(183): Illuminate/View/Middleware/ShareErrorsFromSession->handle(Object(Illuminate/Http/Request), Object(Closure))
#28 C:/xampp/htdocs/www/Remanente-LMS-Re/vendor/laravel/framework/src/Illuminate/Session/Middleware/StartSession.php(121): Illuminate/Pipeline/Pipeline->Illuminate/Pipeline/{closure}(Object(Illuminate/Http/Request))
#29 C:/xampp/htdocs/www/Remanente-LMS-Re/vendor/laravel/framework/src/Illuminate/Session/Middleware/StartSession.php(64): Illuminate/Session/Middleware/StartSession->handleStatefulRequest(Object(Illuminate/Http/Request), Object(Illuminate/Session/Store), Object(Closure))
#30 C:/xampp/htdocs/www/Remanente-LMS-Re/vendor/laravel/framework/src/Illuminate/Pipeline/Pipeline.php(183): Illuminate/Session/Middleware/StartSession->handle(Object(Illuminate/Http/Request), Object(Closure))
#31 C:/xampp/htdocs/www/Remanente-LMS-Re/vendor/laravel/framework/src/Illuminate/Cookie/Middleware/AddQueuedCookiesToResponse.php(37): Illuminate/Pipeline/Pipeline->Illuminate/Pipeline/{closure}(Object(Illuminate/Http/Request))
#32 C:/xampp/htdocs/www/Remanente-LMS-Re/vendor/laravel/framework/src/Illuminate/Pipeline/Pipeline.php(183): Illuminate/Cookie/Middleware/AddQueuedCookiesToResponse->handle(Object(Illuminate/Http/Request), Object(Closure))
#33 C:/xampp/htdocs/www/Remanente-LMS-Re/vendor/laravel/framework/src/Illuminate/Cookie/Middleware/EncryptCookies.php(67): Illuminate/Pipeline/Pipeline->Illuminate/Pipeline/{closure}(Object(Illuminate/Http/Request))
#34 C:/xampp/htdocs/www/Remanente-LMS-Re/vendor/laravel/framework/src/Illuminate/Pipeline/Pipeline.php(183): Illuminate/Cookie/Middleware/EncryptCookies->handle(Object(Illuminate/Http/Request), Object(Closure))
#35 C:/xampp/htdocs/www/Remanente-LMS-Re/vendor/laravel/framework/src/Illuminate/Pipeline/Pipeline.php(119): Illuminate/Pipeline/Pipeline->Illuminate/Pipeline/{closure}(Object(Illuminate/Http/Request))
#36 C:/xampp/htdocs/www/Remanente-LMS-Re/vendor/laravel/framework/src/Illuminate/Routing/Router.php(805): Illuminate/Pipeline/Pipeline->then(Object(Closure))
#37 C:/xampp/htdocs/www/Remanente-LMS-Re/vendor/laravel/framework/src/Illuminate/Routing/Router.php(784): Illuminate/Routing/Router->runRouteWithinStack(Object(Illuminate/Routing/Route), Object(Illuminate/Http/Request))
#38 C:/xampp/htdocs/www/Remanente-LMS-Re/vendor/laravel/framework/src/Illuminate/Routing/Router.php(748): Illuminate/Routing/Router->runRoute(Object(Illuminate/Http/Request), Object(Illuminate/Routing/Route))
#39 C:/xampp/htdocs/www/Remanente-LMS-Re/vendor/laravel/framework/src/Illuminate/Routing/Router.php(737): Illuminate/Routing/Router->dispatchToRoute(Object(Illuminate/Http/Request))
#40 C:/xampp/htdocs/www/Remanente-LMS-Re/vendor/laravel/framework/src/Illuminate/Foundation/Http/Kernel.php(200): Illuminate/Routing/Router->dispatch(Object(Illuminate/Http/Request))
#41 C:/xampp/htdocs/www/Remanente-LMS-Re/vendor/laravel/framework/src/Illuminate/Pipeline/Pipeline.php(144): Illuminate/Foundation/Http/Kernel->Illuminate/Foundation/Http/{closure}(Object(Illuminate/Http/Request))
#42 C:/xampp/htdocs/www/Remanente-LMS-Re/vendor/livewire/livewire/src/Features/SupportDisablingBackButtonCache/DisableBackButtonCacheMiddleware.php(19): Illuminate/Pipeline/Pipeline->Illuminate/Pipeline/{closure}(Object(Illuminate/Http/Request))
#43 C:/xampp/htdocs/www/Remanente-LMS-Re/vendor/laravel/framework/src/Illuminate/Pipeline/Pipeline.php(183): Livewire/Features/SupportDisablingBackButtonCache/DisableBackButtonCacheMiddleware->handle(Object(Illuminate/Http/Request), Object(Closure))
#44 C:/xampp/htdocs/www/Remanente-LMS-Re/vendor/barryvdh/laravel-debugbar/src/Middleware/InjectDebugbar.php(66): Illuminate/Pipeline/Pipeline->Illuminate/Pipeline/{closure}(Object(Illuminate/Http/Request))
#45 C:/xampp/htdocs/www/Remanente-LMS-Re/vendor/laravel/framework/src/Illuminate/Pipeline/Pipeline.php(183): Barryvdh/Debugbar/Middleware/InjectDebugbar->handle(Object(Illuminate/Http/Request), Object(Closure))
#46 C:/xampp/htdocs/www/Remanente-LMS-Re/vendor/laravel/framework/src/Illuminate/Foundation/Http/Middleware/TransformsRequest.php(21): Illuminate/Pipeline/Pipeline->Illuminate/Pipeline/{closure}(Object(Illuminate/Http/Request))
#47 C:/xampp/htdocs/www/Remanente-LMS-Re/vendor/laravel/framework/src/Illuminate/Foundation/Http/Middleware/ConvertEmptyStringsToNull.php(31): Illuminate/Foundation/Http/Middleware/TransformsRequest->handle(Object(Illuminate/Http/Request), Object(Closure))
#48 C:/xampp/htdocs/www/Remanente-LMS-Re/vendor/laravel/framework/src/Illuminate/Pipeline/Pipeline.php(183): Illuminate/Foundation/Http/Middleware/ConvertEmptyStringsToNull->handle(Object(Illuminate/Http/Request), Object(Closure))
#49 C:/xampp/htdocs/www/Remanente-LMS-Re/vendor/laravel/framework/src/Illuminate/Foundation/Http/Middleware/TransformsRequest.php(21): Illuminate/Pipeline/Pipeline->Illuminate/Pipeline/{closure}(Object(Illuminate/Http/Request))
#50 C:/xampp/htdocs/www/Remanente-LMS-Re/vendor/laravel/framework/src/Illuminate/Foundation/Http/Middleware/TrimStrings.php(40): Illuminate/Foundation/Http/Middleware/TransformsRequest->handle(Object(Illuminate/Http/Request), Object(Closure))
#51 C:/xampp/htdocs/www/Remanente-LMS-Re/vendor/laravel/framework/src/Illuminate/Pipeline/Pipeline.php(183): Illuminate/Foundation/Http/Middleware/TrimStrings->handle(Object(Illuminate/Http/Request), Object(Closure))
#52 C:/xampp/htdocs/www/Remanente-LMS-Re/vendor/laravel/framework/src/Illuminate/Foundation/Http/Middleware/ValidatePostSize.php(27): Illuminate/Pipeline/Pipeline->Illuminate/Pipeline/{closure}(Object(Illuminate/Http/Request))
#53 C:/xampp/htdocs/www/Remanente-LMS-Re/vendor/laravel/framework/src/Illuminate/Pipeline/Pipeline.php(183): Illuminate/Foundation/Http/Middleware/ValidatePostSize->handle(Object(Illuminate/Http/Request), Object(Closure))
#54 C:/xampp/htdocs/www/Remanente-LMS-Re/vendor/laravel/framework/src/Illuminate/Foundation/Http/Middleware/PreventRequestsDuringMaintenance.php(99): Illuminate/Pipeline/Pipeline->Illuminate/Pipeline/{closure}(Object(Illuminate/Http/Request))
#55 C:/xampp/htdocs/www/Remanente-LMS-Re/vendor/laravel/framework/src/Illuminate/Pipeline/Pipeline.php(183): Illuminate/Foundation/Http/Middleware/PreventRequestsDuringMaintenance->handle(Object(Illuminate/Http/Request), Object(Closure))
#56 C:/xampp/htdocs/www/Remanente-LMS-Re/vendor/laravel/framework/src/Illuminate/Http/Middleware/HandleCors.php(49): Illuminate/Pipeline/Pipeline->Illuminate/Pipeline/{closure}(Object(Illuminate/Http/Request))
#57 C:/xampp/htdocs/www/Remanente-LMS-Re/vendor/laravel/framework/src/Illuminate/Pipeline/Pipeline.php(183): Illuminate/Http/Middleware/HandleCors->handle(Object(Illuminate/Http/Request), Object(Closure))
#58 C:/xampp/htdocs/www/Remanente-LMS-Re/vendor/laravel/framework/src/Illuminate/Http/Middleware/TrustProxies.php(39): Illuminate/Pipeline/Pipeline->Illuminate/Pipeline/{closure}(Object(Illuminate/Http/Request))
#59 C:/xampp/htdocs/www/Remanente-LMS-Re/vendor/laravel/framework/src/Illuminate/Pipeline/Pipeline.php(183): Illuminate/Http/Middleware/TrustProxies->handle(Object(Illuminate/Http/Request), Object(Closure))
#60 C:/xampp/htdocs/www/Remanente-LMS-Re/vendor/laravel/framework/src/Illuminate/Pipeline/Pipeline.php(119): Illuminate/Pipeline/Pipeline->Illuminate/Pipeline/{closure}(Object(Illuminate/Http/Request))
#61 C:/xampp/htdocs/www/Remanente-LMS-Re/vendor/laravel/framework/src/Illuminate/Foundation/Http/Kernel.php(175): Illuminate/Pipeline/Pipeline->then(Object(Closure))
#62 C:/xampp/htdocs/www/Remanente-LMS-Re/vendor/laravel/framework/src/Illuminate/Foundation/Http/Kernel.php(144): Illuminate/Foundation/Http/Kernel->sendRequestThroughRouter(Object(Illuminate/Http/Request))
#63 C:/xampp/htdocs/www/Remanente-LMS-Re/public/index.php(51): Illuminate/Foundation/Http/Kernel->handle(Object(Illuminate/Http/Request))
#64 C:/xampp/htdocs/www/Remanente-LMS-Re/vendor/laravel/framework/src/Illuminate/Foundation/resources/server.php(16): require_once('C://xampp//htdocs...')
#65 {main}
"} 
[2026-08-31 10:34:48] local.ERROR: SQLSTATE[42S02]: Base table or view not found: 1146 Table 'canvas.calificaciones' doesn't exist (Connection: mysql, SQL: select avg(`nota`) as aggregate from `calificaciones` where (`curso_id` = 1 or `tarea_id` in (1, 2, 3, 4, 5, 6, 7, 8) or `concepto` in (Análisis del relato de la Creación (Génesis 1-2), Resumen de la vida de los Patriarcas, Quiz: El Pentateuco, El Éxodo y la Ley Mosaica, Quiz: Libros Históricos, Parcial I: Pentateuco y Libros Históricos, Parcial II: Literatura Poética y Profetas, Proyecto: Línea de tiempo del Antiguo Testamento)) and `nota` is not null) {"userId":9,"exception":"[object] (Illuminate\\Database\\QueryException(code: 42S02): SQLSTATE[42S02]: Base table or view not found: 1146 Table 'canvas.calificaciones' doesn't exist (Connection: mysql, SQL: select avg(`nota`) as aggregate from `calificaciones` where (`curso_id` = 1 or `tarea_id` in (1, 2, 3, 4, 5, 6, 7, 8) or `concepto` in (Análisis del relato de la Creación (Génesis 1-2), Resumen de la vida de los Patriarcas, Quiz: El Pentateuco, El Éxodo y la Ley Mosaica, Quiz: Libros Históricos, Parcial I: Pentateuco y Libros Históricos, Parcial II: Literatura Poética y Profetas, Proyecto: Línea de tiempo del Antiguo Testamento)) and `nota` is not null) at C:/xampp/htdocs/www/Remanente-LMS-Re/vendor/laravel/framework/src/Illuminate/Database/Connection.php:829)
[stacktrace]
#0 C:/xampp/htdocs/www/Remanente-LMS-Re/vendor/laravel/framework/src/Illuminate/Database/Connection.php(783): Illuminate/Database/Connection->runQueryCallback('select avg(`not...', Array, Object(Closure))
#1 C:/xampp/htdocs/www/Remanente-LMS-Re/vendor/laravel/framework/src/Illuminate/Database/Connection.php(414): Illuminate/Database/Connection->run('select avg(`not...', Array, Object(Closure))
#2 C:/xampp/htdocs/www/Remanente-LMS-Re/vendor/laravel/framework/src/Illuminate/Database/Query/Builder.php(2913): Illuminate/Database/Connection->select('select avg(`not...', Array, true)
#3 C:/xampp/htdocs/www/Remanente-LMS-Re/vendor/laravel/framework/src/Illuminate/Database/Query/Builder.php(2902): Illuminate/Database/Query/Builder->runSelect()
#4 C:/xampp/htdocs/www/Remanente-LMS-Re/vendor/laravel/framework/src/Illuminate/Database/Query/Builder.php(3456): Illuminate/Database/Query/Builder->Illuminate/Database/Query/{closure}()
#5 C:/xampp/htdocs/www/Remanente-LMS-Re/vendor/laravel/framework/src/Illuminate/Database/Query/Builder.php(2901): Illuminate/Database/Query/Builder->onceWithColumns(Array, Object(Closure))
#6 C:/xampp/htdocs/www/Remanente-LMS-Re/vendor/laravel/framework/src/Illuminate/Database/Query/Builder.php(3383): Illuminate/Database/Query/Builder->get(Array)
#7 C:/xampp/htdocs/www/Remanente-LMS-Re/vendor/laravel/framework/src/Illuminate/Database/Query/Builder.php(3357): Illuminate/Database/Query/Builder->aggregate('avg', Array)
#8 C:/xampp/htdocs/www/Remanente-LMS-Re/app/Http/Controllers/Academico/Estudiante/CalificacionController.php(65): Illuminate/Database/Query/Builder->avg('nota')
#9 C:/xampp/htdocs/www/Remanente-LMS-Re/vendor/laravel/framework/src/Illuminate/Routing/Controller.php(54): App/Http/Controllers/Academico/Estudiante/CalificacionController->index()
#10 C:/xampp/htdocs/www/Remanente-LMS-Re/vendor/laravel/framework/src/Illuminate/Routing/ControllerDispatcher.php(43): Illuminate/Routing/Controller->callAction('index', Array)
#11 C:/xampp/htdocs/www/Remanente-LMS-Re/vendor/laravel/framework/src/Illuminate/Routing/Route.php(259): Illuminate/Routing/ControllerDispatcher->dispatch(Object(Illuminate/Routing/Route), Object(App/Http/Controllers/Academico/Estudiante/CalificacionController), 'index')
#12 C:/xampp/htdocs/www/Remanente-LMS-Re/vendor/laravel/framework/src/Illuminate/Routing/Route.php(205): Illuminate/Routing/Route->runController()
#13 C:/xampp/htdocs/www/Remanente-LMS-Re/vendor/laravel/framework/src/Illuminate/Routing/Router.php(806): Illuminate/Routing/Route->run()
#14 C:/xampp/htdocs/www/Remanente-LMS-Re/vendor/laravel/framework/src/Illuminate/Pipeline/Pipeline.php(144): Illuminate/Routing/Router->Illuminate/Routing/{closure}(Object(Illuminate/Http/Request))
#15 C:/xampp/htdocs/www/Remanente-LMS-Re/vendor/spatie/laravel-permission/src/Middleware/RoleMiddleware.php(37): Illuminate/Pipeline/Pipeline->Illuminate/Pipeline/{closure}(Object(Illuminate/Http/Request))
#16 C:/xampp/htdocs/www/Remanente-LMS-Re/vendor/laravel/framework/src/Illuminate/Pipeline/Pipeline.php(183): Spatie/Permission/Middleware/RoleMiddleware->handle(Object(Illuminate/Http/Request), Object(Closure), 'estudiante')
#17 C:/xampp/htdocs/www/Remanente-LMS-Re/vendor/barryvdh/laravel-debugbar/src/Middleware/InjectDebugbar.php(66): Illuminate/Pipeline/Pipeline->Illuminate/Pipeline/{closure}(Object(Illuminate/Http/Request))
#18 C:/xampp/htdocs/www/Remanente-LMS-Re/vendor/laravel/framework/src/Illuminate/Pipeline/Pipeline.php(183): Barryvdh/Debugbar/Middleware/InjectDebugbar->handle(Object(Illuminate/Http/Request), Object(Closure))
#19 C:/xampp/htdocs/www/Remanente-LMS-Re/app/Http/Middleware/EnsureProfileIsComplete.php(36): Illuminate/Pipeline/Pipeline->Illuminate/Pipeline/{closure}(Object(Illuminate/Http/Request))
#20 C:/xampp/htdocs/www/Remanente-LMS-Re/vendor/laravel/framework/src/Illuminate/Pipeline/Pipeline.php(183): App/Http/Middleware/EnsureProfileIsComplete->handle(Object(Illuminate/Http/Request), Object(Closure))
#21 C:/xampp/htdocs/www/Remanente-LMS-Re/vendor/laravel/framework/src/Illuminate/Routing/Middleware/SubstituteBindings.php(50): Illuminate/Pipeline/Pipeline->Illuminate/Pipeline/{closure}(Object(Illuminate/Http/Request))
#22 C:/xampp/htdocs/www/Remanente-LMS-Re/vendor/laravel/framework/src/Illuminate/Pipeline/Pipeline.php(183): Illuminate/Routing/Middleware/SubstituteBindings->handle(Object(Illuminate/Http/Request), Object(Closure))
#23 C:/xampp/htdocs/www/Remanente-LMS-Re/vendor/laravel/framework/src/Illuminate/Auth/Middleware/Authenticate.php(57): Illuminate/Pipeline/Pipeline->Illuminate/Pipeline/{closure}(Object(Illuminate/Http/Request))
#24 C:/xampp/htdocs/www/Remanente-LMS-Re/vendor/laravel/framework/src/Illuminate/Pipeline/Pipeline.php(183): Illuminate/Auth/Middleware/Authenticate->handle(Object(Illuminate/Http/Request), Object(Closure))
#25 C:/xampp/htdocs/www/Remanente-LMS-Re/vendor/laravel/framework/src/Illuminate/Foundation/Http/Middleware/VerifyCsrfToken.php(78): Illuminate/Pipeline/Pipeline->Illuminate/Pipeline/{closure}(Object(Illuminate/Http/Request))
#26 C:/xampp/htdocs/www/Remanente-LMS-Re/vendor/laravel/framework/src/Illuminate/Pipeline/Pipeline.php(183): Illuminate/Foundation/Http/Middleware/VerifyCsrfToken->handle(Object(Illuminate/Http/Request), Object(Closure))
#27 C:/xampp/htdocs/www/Remanente-LMS-Re/vendor/laravel/framework/src/Illuminate/View/Middleware/ShareErrorsFromSession.php(49): Illuminate/Pipeline/Pipeline->Illuminate/Pipeline/{closure}(Object(Illuminate/Http/Request))
#28 C:/xampp/htdocs/www/Remanente-LMS-Re/vendor/laravel/framework/src/Illuminate/Pipeline/Pipeline.php(183): Illuminate/View/Middleware/ShareErrorsFromSession->handle(Object(Illuminate/Http/Request), Object(Closure))
#29 C:/xampp/htdocs/www/Remanente-LMS-Re/vendor/laravel/framework/src/Illuminate/Session/Middleware/StartSession.php(121): Illuminate/Pipeline/Pipeline->Illuminate/Pipeline/{closure}(Object(Illuminate/Http/Request))
#30 C:/xampp/htdocs/www/Remanente-LMS-Re/vendor/laravel/framework/src/Illuminate/Session/Middleware/StartSession.php(64): Illuminate/Session/Middleware/StartSession->handleStatefulRequest(Object(Illuminate/Http/Request), Object(Illuminate/Session/Store), Object(Closure))
#31 C:/xampp/htdocs/www/Remanente-LMS-Re/vendor/laravel/framework/src/Illuminate/Pipeline/Pipeline.php(183): Illuminate/Session/Middleware/StartSession->handle(Object(Illuminate/Http/Request), Object(Closure))
#32 C:/xampp/htdocs/www/Remanente-LMS-Re/vendor/laravel/framework/src/Illuminate/Cookie/Middleware/AddQueuedCookiesToResponse.php(37): Illuminate/Pipeline/Pipeline->Illuminate/Pipeline/{closure}(Object(Illuminate/Http/Request))
#33 C:/xampp/htdocs/www/Remanente-LMS-Re/vendor/laravel/framework/src/Illuminate/Pipeline/Pipeline.php(183): Illuminate/Cookie/Middleware/AddQueuedCookiesToResponse->handle(Object(Illuminate/Http/Request), Object(Closure))
#34 C:/xampp/htdocs/www/Remanente-LMS-Re/vendor/laravel/framework/src/Illuminate/Cookie/Middleware/EncryptCookies.php(67): Illuminate/Pipeline/Pipeline->Illuminate/Pipeline/{closure}(Object(Illuminate/Http/Request))
#35 C:/xampp/htdocs/www/Remanente-LMS-Re/vendor/laravel/framework/src/Illuminate/Pipeline/Pipeline.php(183): Illuminate/Cookie/Middleware/EncryptCookies->handle(Object(Illuminate/Http/Request), Object(Closure))
#36 C:/xampp/htdocs/www/Remanente-LMS-Re/vendor/laravel/framework/src/Illuminate/Pipeline/Pipeline.php(119): Illuminate/Pipeline/Pipeline->Illuminate/Pipeline/{closure}(Object(Illuminate/Http/Request))
#37 C:/xampp/htdocs/www/Remanente-LMS-Re/vendor/laravel/framework/src/Illuminate/Routing/Router.php(805): Illuminate/Pipeline/Pipeline->then(Object(Closure))
#38 C:/xampp/htdocs/www/Remanente-LMS-Re/vendor/laravel/framework/src/Illuminate/Routing/Router.php(784): Illuminate/Routing/Router->runRouteWithinStack(Object(Illuminate/Routing/Route), Object(Illuminate/Http/Request))
#39 C:/xampp/htdocs/www/Remanente-LMS-Re/vendor/laravel/framework/src/Illuminate/Routing/Router.php(748): Illuminate/Routing/Router->runRoute(Object(Illuminate/Http/Request), Object(Illuminate/Routing/Route))
#40 C:/xampp/htdocs/www/Remanente-LMS-Re/vendor/laravel/framework/src/Illuminate/Routing/Router.php(737): Illuminate/Routing/Router->dispatchToRoute(Object(Illuminate/Http/Request))
#41 C:/xampp/htdocs/www/Remanente-LMS-Re/vendor/laravel/framework/src/Illuminate/Foundation/Http/Kernel.php(200): Illuminate/Routing/Router->dispatch(Object(Illuminate/Http/Request))
#42 C:/xampp/htdocs/www/Remanente-LMS-Re/vendor/laravel/framework/src/Illuminate/Pipeline/Pipeline.php(144): Illuminate/Foundation/Http/Kernel->Illuminate/Foundation/Http/{closure}(Object(Illuminate/Http/Request))
#43 C:/xampp/htdocs/www/Remanente-LMS-Re/vendor/livewire/livewire/src/Features/SupportDisablingBackButtonCache/DisableBackButtonCacheMiddleware.php(19): Illuminate/Pipeline/Pipeline->Illuminate/Pipeline/{closure}(Object(Illuminate/Http/Request))
#44 C:/xampp/htdocs/www/Remanente-LMS-Re/vendor/laravel/framework/src/Illuminate/Pipeline/Pipeline.php(183): Livewire/Features/SupportDisablingBackButtonCache/DisableBackButtonCacheMiddleware->handle(Object(Illuminate/Http/Request), Object(Closure))
#45 C:/xampp/htdocs/www/Remanente-LMS-Re/vendor/barryvdh/laravel-debugbar/src/Middleware/InjectDebugbar.php(66): Illuminate/Pipeline/Pipeline->Illuminate/Pipeline/{closure}(Object(Illuminate/Http/Request))
#46 C:/xampp/htdocs/www/Remanente-LMS-Re/vendor/laravel/framework/src/Illuminate/Pipeline/Pipeline.php(183): Barryvdh/Debugbar/Middleware/InjectDebugbar->handle(Object(Illuminate/Http/Request), Object(Closure))
#47 C:/xampp/htdocs/www/Remanente-LMS-Re/vendor/laravel/framework/src/Illuminate/Foundation/Http/Middleware/TransformsRequest.php(21): Illuminate/Pipeline/Pipeline->Illuminate/Pipeline/{closure}(Object(Illuminate/Http/Request))
#48 C:/xampp/htdocs/www/Remanente-LMS-Re/vendor/laravel/framework/src/Illuminate/Foundation/Http/Middleware/ConvertEmptyStringsToNull.php(31): Illuminate/Foundation/Http/Middleware/TransformsRequest->handle(Object(Illuminate/Http/Request), Object(Closure))
#49 C:/xampp/htdocs/www/Remanente-LMS-Re/vendor/laravel/framework/src/Illuminate/Pipeline/Pipeline.php(183): Illuminate/Foundation/Http/Middleware/ConvertEmptyStringsToNull->handle(Object(Illuminate/Http/Request), Object(Closure))
#50 C:/xampp/htdocs/www/Remanente-LMS-Re/vendor/laravel/framework/src/Illuminate/Foundation/Http/Middleware/TransformsRequest.php(21): Illuminate/Pipeline/Pipeline->Illuminate/Pipeline/{closure}(Object(Illuminate/Http/Request))
#51 C:/xampp/htdocs/www/Remanente-LMS-Re/vendor/laravel/framework/src/Illuminate/Foundation/Http/Middleware/TrimStrings.php(40): Illuminate/Foundation/Http/Middleware/TransformsRequest->handle(Object(Illuminate/Http/Request), Object(Closure))
#52 C:/xampp/htdocs/www/Remanente-LMS-Re/vendor/laravel/framework/src/Illuminate/Pipeline/Pipeline.php(183): Illuminate/Foundation/Http/Middleware/TrimStrings->handle(Object(Illuminate/Http/Request), Object(Closure))
#53 C:/xampp/htdocs/www/Remanente-LMS-Re/vendor/laravel/framework/src/Illuminate/Foundation/Http/Middleware/ValidatePostSize.php(27): Illuminate/Pipeline/Pipeline->Illuminate/Pipeline/{closure}(Object(Illuminate/Http/Request))
#54 C:/xampp/htdocs/www/Remanente-LMS-Re/vendor/laravel/framework/src/Illuminate/Pipeline/Pipeline.php(183): Illuminate/Foundation/Http/Middleware/ValidatePostSize->handle(Object(Illuminate/Http/Request), Object(Closure))
#55 C:/xampp/htdocs/www/Remanente-LMS-Re/vendor/laravel/framework/src/Illuminate/Foundation/Http/Middleware/PreventRequestsDuringMaintenance.php(99): Illuminate/Pipeline/Pipeline->Illuminate/Pipeline/{closure}(Object(Illuminate/Http/Request))
#56 C:/xampp/htdocs/www/Remanente-LMS-Re/vendor/laravel/framework/src/Illuminate/Pipeline/Pipeline.php(183): Illuminate/Foundation/Http/Middleware/PreventRequestsDuringMaintenance->handle(Object(Illuminate/Http/Request), Object(Closure))
#57 C:/xampp/htdocs/www/Remanente-LMS-Re/vendor/laravel/framework/src/Illuminate/Http/Middleware/HandleCors.php(49): Illuminate/Pipeline/Pipeline->Illuminate/Pipeline/{closure}(Object(Illuminate/Http/Request))
#58 C:/xampp/htdocs/www/Remanente-LMS-Re/vendor/laravel/framework/src/Illuminate/Pipeline/Pipeline.php(183): Illuminate/Http/Middleware/HandleCors->handle(Object(Illuminate/Http/Request), Object(Closure))
#59 C:/xampp/htdocs/www/Remanente-LMS-Re/vendor/laravel/framework/src/Illuminate/Http/Middleware/TrustProxies.php(39): Illuminate/Pipeline/Pipeline->Illuminate/Pipeline/{closure}(Object(Illuminate/Http/Request))
#60 C:/xampp/htdocs/www/Remanente-LMS-Re/vendor/laravel/framework/src/Illuminate/Pipeline/Pipeline.php(183): Illuminate/Http/Middleware/TrustProxies->handle(Object(Illuminate/Http/Request), Object(Closure))
#61 C:/xampp/htdocs/www/Remanente-LMS-Re/vendor/laravel/framework/src/Illuminate/Pipeline/Pipeline.php(119): Illuminate/Pipeline/Pipeline->Illuminate/Pipeline/{closure}(Object(Illuminate/Http/Request))
#62 C:/xampp/htdocs/www/Remanente-LMS-Re/vendor/laravel/framework/src/Illuminate/Foundation/Http/Kernel.php(175): Illuminate/Pipeline/Pipeline->then(Object(Closure))
#63 C:/xampp/htdocs/www/Remanente-LMS-Re/vendor/laravel/framework/src/Illuminate/Foundation/Http/Kernel.php(144): Illuminate/Foundation/Http/Kernel->sendRequestThroughRouter(Object(Illuminate/Http/Request))
#64 C:/xampp/htdocs/www/Remanente-LMS-Re/public/index.php(51): Illuminate/Foundation/Http/Kernel->handle(Object(Illuminate/Http/Request))
#65 C:/xampp/htdocs/www/Remanente-LMS-Re/vendor/laravel/framework/src/Illuminate/Foundation/resources/server.php(16): require_once('C://xampp//htdocs...')
#66 {main}

[previous exception] [object] (PDOException(code: 42S02): SQLSTATE[42S02]: Base table or view not found: 1146 Table 'canvas.calificaciones' doesn't exist at C:/xampp/htdocs/www/Remanente-LMS-Re/vendor/laravel/framework/src/Illuminate/Database/Connection.php:423)
[stacktrace]
#0 C:/xampp/htdocs/www/Remanente-LMS-Re/vendor/laravel/framework/src/Illuminate/Database/Connection.php(423): PDO->prepare('select avg(`not...')
#1 C:/xampp/htdocs/www/Remanente-LMS-Re/vendor/laravel/framework/src/Illuminate/Database/Connection.php(816): Illuminate/Database/Connection->Illuminate/Database/{closure}('select avg(`not...', Array)
#2 C:/xampp/htdocs/www/Remanente-LMS-Re/vendor/laravel/framework/src/Illuminate/Database/Connection.php(783): Illuminate/Database/Connection->runQueryCallback('select avg(`not...', Array, Object(Closure))
#3 C:/xampp/htdocs/www/Remanente-LMS-Re/vendor/laravel/framework/src/Illuminate/Database/Connection.php(414): Illuminate/Database/Connection->run('select avg(`not...', Array, Object(Closure))
#4 C:/xampp/htdocs/www/Remanente-LMS-Re/vendor/laravel/framework/src/Illuminate/Database/Query/Builder.php(2913): Illuminate/Database/Connection->select('select avg(`not...', Array, true)
#5 C:/xampp/htdocs/www/Remanente-LMS-Re/vendor/laravel/framework/src/Illuminate/Database/Query/Builder.php(2902): Illuminate/Database/Query/Builder->runSelect()
#6 C:/xampp/htdocs/www/Remanente-LMS-Re/vendor/laravel/framework/src/Illuminate/Database/Query/Builder.php(3456): Illuminate/Database/Query/Builder->Illuminate/Database/Query/{closure}()
#7 C:/xampp/htdocs/www/Remanente-LMS-Re/vendor/laravel/framework/src/Illuminate/Database/Query/Builder.php(2901): Illuminate/Database/Query/Builder->onceWithColumns(Array, Object(Closure))
#8 C:/xampp/htdocs/www/Remanente-LMS-Re/vendor/laravel/framework/src/Illuminate/Database/Query/Builder.php(3383): Illuminate/Database/Query/Builder->get(Array)
#9 C:/xampp/htdocs/www/Remanente-LMS-Re/vendor/laravel/framework/src/Illuminate/Database/Query/Builder.php(3357): Illuminate/Database/Query/Builder->aggregate('avg', Array)
#10 C:/xampp/htdocs/www/Remanente-LMS-Re/app/Http/Controllers/Academico/Estudiante/CalificacionController.php(65): Illuminate/Database/Query/Builder->avg('nota')
#11 C:/xampp/htdocs/www/Remanente-LMS-Re/vendor/laravel/framework/src/Illuminate/Routing/Controller.php(54): App/Http/Controllers/Academico/Estudiante/CalificacionController->index()
#12 C:/xampp/htdocs/www/Remanente-LMS-Re/vendor/laravel/framework/src/Illuminate/Routing/ControllerDispatcher.php(43): Illuminate/Routing/Controller->callAction('index', Array)
#13 C:/xampp/htdocs/www/Remanente-LMS-Re/vendor/laravel/framework/src/Illuminate/Routing/Route.php(259): Illuminate/Routing/ControllerDispatcher->dispatch(Object(Illuminate/Routing/Route), Object(App/Http/Controllers/Academico/Estudiante/CalificacionController), 'index')
#14 C:/xampp/htdocs/www/Remanente-LMS-Re/vendor/laravel/framework/src/Illuminate/Routing/Route.php(205): Illuminate/Routing/Route->runController()
#15 C:/xampp/htdocs/www/Remanente-LMS-Re/vendor/laravel/framework/src/Illuminate/Routing/Router.php(806): Illuminate/Routing/Route->run()
#16 C:/xampp/htdocs/www/Remanente-LMS-Re/vendor/laravel/framework/src/Illuminate/Pipeline/Pipeline.php(144): Illuminate/Routing/Router->Illuminate/Routing/{closure}(Object(Illuminate/Http/Request))
#17 C:/xampp/htdocs/www/Remanente-LMS-Re/vendor/spatie/laravel-permission/src/Middleware/RoleMiddleware.php(37): Illuminate/Pipeline/Pipeline->Illuminate/Pipeline/{closure}(Object(Illuminate/Http/Request))
#18 C:/xampp/htdocs/www/Remanente-LMS-Re/vendor/laravel/framework/src/Illuminate/Pipeline/Pipeline.php(183): Spatie/Permission/Middleware/RoleMiddleware->handle(Object(Illuminate/Http/Request), Object(Closure), 'estudiante')
#19 C:/xampp/htdocs/www/Remanente-LMS-Re/vendor/barryvdh/laravel-debugbar/src/Middleware/InjectDebugbar.php(66): Illuminate/Pipeline/Pipeline->Illuminate/Pipeline/{closure}(Object(Illuminate/Http/Request))
#20 C:/xampp/htdocs/www/Remanente-LMS-Re/vendor/laravel/framework/src/Illuminate/Pipeline/Pipeline.php(183): Barryvdh/Debugbar/Middleware/InjectDebugbar->handle(Object(Illuminate/Http/Request), Object(Closure))
#21 C:/xampp/htdocs/www/Remanente-LMS-Re/app/Http/Middleware/EnsureProfileIsComplete.php(36): Illuminate/Pipeline/Pipeline->Illuminate/Pipeline/{closure}(Object(Illuminate/Http/Request))
#22 C:/xampp/htdocs/www/Remanente-LMS-Re/vendor/laravel/framework/src/Illuminate/Pipeline/Pipeline.php(183): App/Http/Middleware/EnsureProfileIsComplete->handle(Object(Illuminate/Http/Request), Object(Closure))
#23 C:/xampp/htdocs/www/Remanente-LMS-Re/vendor/laravel/framework/src/Illuminate/Routing/Middleware/SubstituteBindings.php(50): Illuminate/Pipeline/Pipeline->Illuminate/Pipeline/{closure}(Object(Illuminate/Http/Request))
#24 C:/xampp/htdocs/www/Remanente-LMS-Re/vendor/laravel/framework/src/Illuminate/Pipeline/Pipeline.php(183): Illuminate/Routing/Middleware/SubstituteBindings->handle(Object(Illuminate/Http/Request), Object(Closure))
#25 C:/xampp/htdocs/www/Remanente-LMS-Re/vendor/laravel/framework/src/Illuminate/Auth/Middleware/Authenticate.php(57): Illuminate/Pipeline/Pipeline->Illuminate/Pipeline/{closure}(Object(Illuminate/Http/Request))
#26 C:/xampp/htdocs/www/Remanente-LMS-Re/vendor/laravel/framework/src/Illuminate/Pipeline/Pipeline.php(183): Illuminate/Auth/Middleware/Authenticate->handle(Object(Illuminate/Http/Request), Object(Closure))
#27 C:/xampp/htdocs/www/Remanente-LMS-Re/vendor/laravel/framework/src/Illuminate/Foundation/Http/Middleware/VerifyCsrfToken.php(78): Illuminate/Pipeline/Pipeline->Illuminate/Pipeline/{closure}(Object(Illuminate/Http/Request))
#28 C:/xampp/htdocs/www/Remanente-LMS-Re/vendor/laravel/framework/src/Illuminate/Pipeline/Pipeline.php(183): Illuminate/Foundation/Http/Middleware/VerifyCsrfToken->handle(Object(Illuminate/Http/Request), Object(Closure))
#29 C:/xampp/htdocs/www/Remanente-LMS-Re/vendor/laravel/framework/src/Illuminate/View/Middleware/ShareErrorsFromSession.php(49): Illuminate/Pipeline/Pipeline->Illuminate/Pipeline/{closure}(Object(Illuminate/Http/Request))
#30 C:/xampp/htdocs/www/Remanente-LMS-Re/vendor/laravel/framework/src/Illuminate/Pipeline/Pipeline.php(183): Illuminate/View/Middleware/ShareErrorsFromSession->handle(Object(Illuminate/Http/Request), Object(Closure))
#31 C:/xampp/htdocs/www/Remanente-LMS-Re/vendor/laravel/framework/src/Illuminate/Session/Middleware/StartSession.php(121): Illuminate/Pipeline/Pipeline->Illuminate/Pipeline/{closure}(Object(Illuminate/Http/Request))
#32 C:/xampp/htdocs/www/Remanente-LMS-Re/vendor/laravel/framework/src/Illuminate/Session/Middleware/StartSession.php(64): Illuminate/Session/Middleware/StartSession->handleStatefulRequest(Object(Illuminate/Http/Request), Object(Illuminate/Session/Store), Object(Closure))
#33 C:/xampp/htdocs/www/Remanente-LMS-Re/vendor/laravel/framework/src/Illuminate/Pipeline/Pipeline.php(183): Illuminate/Session/Middleware/StartSession->handle(Object(Illuminate/Http/Request), Object(Closure))
#34 C:/xampp/htdocs/www/Remanente-LMS-Re/vendor/laravel/framework/src/Illuminate/Cookie/Middleware/AddQueuedCookiesToResponse.php(37): Illuminate/Pipeline/Pipeline->Illuminate/Pipeline/{closure}(Object(Illuminate/Http/Request))
#35 C:/xampp/htdocs/www/Remanente-LMS-Re/vendor/laravel/framework/src/Illuminate/Pipeline/Pipeline.php(183): Illuminate/Cookie/Middleware/AddQueuedCookiesToResponse->handle(Object(Illuminate/Http/Request), Object(Closure))
#36 C:/xampp/htdocs/www/Remanente-LMS-Re/vendor/laravel/framework/src/Illuminate/Cookie/Middleware/EncryptCookies.php(67): Illuminate/Pipeline/Pipeline->Illuminate/Pipeline/{closure}(Object(Illuminate/Http/Request))
#37 C:/xampp/htdocs/www/Remanente-LMS-Re/vendor/laravel/framework/src/Illuminate/Pipeline/Pipeline.php(183): Illuminate/Cookie/Middleware/EncryptCookies->handle(Object(Illuminate/Http/Request), Object(Closure))
#38 C:/xampp/htdocs/www/Remanente-LMS-Re/vendor/laravel/framework/src/Illuminate/Pipeline/Pipeline.php(119): Illuminate/Pipeline/Pipeline->Illuminate/Pipeline/{closure}(Object(Illuminate/Http/Request))
#39 C:/xampp/htdocs/www/Remanente-LMS-Re/vendor/laravel/framework/src/Illuminate/Routing/Router.php(805): Illuminate/Pipeline/Pipeline->then(Object(Closure))
#40 C:/xampp/htdocs/www/Remanente-LMS-Re/vendor/laravel/framework/src/Illuminate/Routing/Router.php(784): Illuminate/Routing/Router->runRouteWithinStack(Object(Illuminate/Routing/Route), Object(Illuminate/Http/Request))
#41 C:/xampp/htdocs/www/Remanente-LMS-Re/vendor/laravel/framework/src/Illuminate/Routing/Router.php(748): Illuminate/Routing/Router->runRoute(Object(Illuminate/Http/Request), Object(Illuminate/Routing/Route))
#42 C:/xampp/htdocs/www/Remanente-LMS-Re/vendor/laravel/framework/src/Illuminate/Routing/Router.php(737): Illuminate/Routing/Router->dispatchToRoute(Object(Illuminate/Http/Request))
#43 C:/xampp/htdocs/www/Remanente-LMS-Re/vendor/laravel/framework/src/Illuminate/Foundation/Http/Kernel.php(200): Illuminate/Routing/Router->dispatch(Object(Illuminate/Http/Request))
#44 C:/xampp/htdocs/www/Remanente-LMS-Re/vendor/laravel/framework/src/Illuminate/Pipeline/Pipeline.php(144): Illuminate/Foundation/Http/Kernel->Illuminate/Foundation/Http/{closure}(Object(Illuminate/Http/Request))
#45 C:/xampp/htdocs/www/Remanente-LMS-Re/vendor/livewire/livewire/src/Features/SupportDisablingBackButtonCache/DisableBackButtonCacheMiddleware.php(19): Illuminate/Pipeline/Pipeline->Illuminate/Pipeline/{closure}(Object(Illuminate/Http/Request))
#46 C:/xampp/htdocs/www/Remanente-LMS-Re/vendor/laravel/framework/src/Illuminate/Pipeline/Pipeline.php(183): Livewire/Features/SupportDisablingBackButtonCache/DisableBackButtonCacheMiddleware->handle(Object(Illuminate/Http/Request), Object(Closure))
#47 C:/xampp/htdocs/www/Remanente-LMS-Re/vendor/barryvdh/laravel-debugbar/src/Middleware/InjectDebugbar.php(66): Illuminate/Pipeline/Pipeline->Illuminate/Pipeline/{closure}(Object(Illuminate/Http/Request))
#48 C:/xampp/htdocs/www/Remanente-LMS-Re/vendor/laravel/framework/src/Illuminate/Pipeline/Pipeline.php(183): Barryvdh/Debugbar/Middleware/InjectDebugbar->handle(Object(Illuminate/Http/Request), Object(Closure))
#49 C:/xampp/htdocs/www/Remanente-LMS-Re/vendor/laravel/framework/src/Illuminate/Foundation/Http/Middleware/TransformsRequest.php(21): Illuminate/Pipeline/Pipeline->Illuminate/Pipeline/{closure}(Object(Illuminate/Http/Request))
#50 C:/xampp/htdocs/www/Remanente-LMS-Re/vendor/laravel/framework/src/Illuminate/Foundation/Http/Middleware/ConvertEmptyStringsToNull.php(31): Illuminate/Foundation/Http/Middleware/TransformsRequest->handle(Object(Illuminate/Http/Request), Object(Closure))
#51 C:/xampp/htdocs/www/Remanente-LMS-Re/vendor/laravel/framework/src/Illuminate/Pipeline/Pipeline.php(183): Illuminate/Foundation/Http/Middleware/ConvertEmptyStringsToNull->handle(Object(Illuminate/Http/Request), Object(Closure))
#52 C:/xampp/htdocs/www/Remanente-LMS-Re/vendor/laravel/framework/src/Illuminate/Foundation/Http/Middleware/TransformsRequest.php(21): Illuminate/Pipeline/Pipeline->Illuminate/Pipeline/{closure}(Object(Illuminate/Http/Request))
#53 C:/xampp/htdocs/www/Remanente-LMS-Re/vendor/laravel/framework/src/Illuminate/Foundation/Http/Middleware/TrimStrings.php(40): Illuminate/Foundation/Http/Middleware/TransformsRequest->handle(Object(Illuminate/Http/Request), Object(Closure))
#54 C:/xampp/htdocs/www/Remanente-LMS-Re/vendor/laravel/framework/src/Illuminate/Pipeline/Pipeline.php(183): Illuminate/Foundation/Http/Middleware/TrimStrings->handle(Object(Illuminate/Http/Request), Object(Closure))
#55 C:/xampp/htdocs/www/Remanente-LMS-Re/vendor/laravel/framework/src/Illuminate/Foundation/Http/Middleware/ValidatePostSize.php(27): Illuminate/Pipeline/Pipeline->Illuminate/Pipeline/{closure}(Object(Illuminate/Http/Request))
#56 C:/xampp/htdocs/www/Remanente-LMS-Re/vendor/laravel/framework/src/Illuminate/Pipeline/Pipeline.php(183): Illuminate/Foundation/Http/Middleware/ValidatePostSize->handle(Object(Illuminate/Http/Request), Object(Closure))
#57 C:/xampp/htdocs/www/Remanente-LMS-Re/vendor/laravel/framework/src/Illuminate/Foundation/Http/Middleware/PreventRequestsDuringMaintenance.php(99): Illuminate/Pipeline/Pipeline->Illuminate/Pipeline/{closure}(Object(Illuminate/Http/Request))
#58 C:/xampp/htdocs/www/Remanente-LMS-Re/vendor/laravel/framework/src/Illuminate/Pipeline/Pipeline.php(183): Illuminate/Foundation/Http/Middleware/PreventRequestsDuringMaintenance->handle(Object(Illuminate/Http/Request), Object(Closure))
#59 C:/xampp/htdocs/www/Remanente-LMS-Re/vendor/laravel/framework/src/Illuminate/Http/Middleware/HandleCors.php(49): Illuminate/Pipeline/Pipeline->Illuminate/Pipeline/{closure}(Object(Illuminate/Http/Request))
#60 C:/xampp/htdocs/www/Remanente-LMS-Re/vendor/laravel/framework/src/Illuminate/Pipeline/Pipeline.php(183): Illuminate/Http/Middleware/HandleCors->handle(Object(Illuminate/Http/Request), Object(Closure))
#61 C:/xampp/htdocs/www/Remanente-LMS-Re/vendor/laravel/framework/src/Illuminate/Http/Middleware/TrustProxies.php(39): Illuminate/Pipeline/Pipeline->Illuminate/Pipeline/{closure}(Object(Illuminate/Http/Request))
#62 C:/xampp/htdocs/www/Remanente-LMS-Re/vendor/laravel/framework/src/Illuminate/Pipeline/Pipeline.php(183): Illuminate/Http/Middleware/TrustProxies->handle(Object(Illuminate/Http/Request), Object(Closure))
#63 C:/xampp/htdocs/www/Remanente-LMS-Re/vendor/laravel/framework/src/Illuminate/Pipeline/Pipeline.php(119): Illuminate/Pipeline/Pipeline->Illuminate/Pipeline/{closure}(Object(Illuminate/Http/Request))
#64 C:/xampp/htdocs/www/Remanente-LMS-Re/vendor/laravel/framework/src/Illuminate/Foundation/Http/Kernel.php(175): Illuminate/Pipeline/Pipeline->then(Object(Closure))
#65 C:/xampp/htdocs/www/Remanente-LMS-Re/vendor/laravel/framework/src/Illuminate/Foundation/Http/Kernel.php(144): Illuminate/Foundation/Http/Kernel->sendRequestThroughRouter(Object(Illuminate/Http/Request))
#66 C:/xampp/htdocs/www/Remanente-LMS-Re/public/index.php(51): Illuminate/Foundation/Http/Kernel->handle(Object(Illuminate/Http/Request))
#67 C:/xampp/htdocs/www/Remanente-LMS-Re/vendor/laravel/framework/src/Illuminate/Foundation/resources/server.php(16): require_once('C://xampp//htdocs...')
#68 {main}
"} 
[2026-08-31 10:40:15] local.ERROR: Undefined variable $calificaciones {"view":{"view":"C:\\xampp\\htdocs\\www\\Remanente-LMS-Re\\resources\\views\\estudiante\\index.blade.php","data":{"errors":"<pre class=sf-dump id=sf-dump-1309104315 data-indent-pad=\"  \"><span class=sf-dump-note>Illuminate\\Support\\ViewErrorBag</span> {<a class=sf-dump-ref>#1766</a><samp data-depth=1 class=sf-dump-expanded>
  #<span class=sf-dump-protected title=\"Protected property\">bags</span>: []
</samp>}
</pre><script>Sfdump(\"sf-dump-1309104315\", {\"maxDepth\":3,\"maxStringLength\":160})</script>
","promedios":"<pre class=sf-dump id=sf-dump-629755662 data-indent-pad=\"  \"><span class=sf-dump-note>array:1</span> [<samp data-depth=1 class=sf-dump-expanded>
  <span class=sf-dump-key>1</span> => <span class=sf-dump-note>array:9</span> [<samp data-depth=2 class=sf-dump-compact>
    \"<span class=sf-dump-key>curso</span>\" => <span class=\"sf-dump-note sf-dump-ellipsization\" title=\"App\\Models\\Curso
\"><span class=\"sf-dump-ellipsis sf-dump-ellipsis-note\">App\\Models</span><span class=\"sf-dump-ellipsis sf-dump-ellipsis-note\">\\</span><span class=\"sf-dump-ellipsis-tail\">Curso</span></span> {<a class=sf-dump-ref>#1869</a><samp data-depth=3 class=sf-dump-compact>
      #<span class=sf-dump-protected title=\"Protected property\">connection</span>: \"<span class=sf-dump-str title=\"5 characters\">mysql</span>\"
      #<span class=sf-dump-protected title=\"Protected property\">table</span>: \"<span class=sf-dump-str title=\"6 characters\">cursos</span>\"
      #<span class=sf-dump-protected title=\"Protected property\">primaryKey</span>: \"<span class=sf-dump-str title=\"2 characters\">id</span>\"
      #<span class=sf-dump-protected title=\"Protected property\">keyType</span>: \"<span class=sf-dump-str title=\"3 characters\">int</span>\"
      +<span class=sf-dump-public title=\"Public property\">incrementing</span>: <span class=sf-dump-const>true</span>
      #<span class=sf-dump-protected title=\"Protected property\">with</span>: []
      #<span class=sf-dump-protected title=\"Protected property\">withCount</span>: []
      +<span class=sf-dump-public title=\"Public property\">preventsLazyLoading</span>: <span class=sf-dump-const>false</span>
      #<span class=sf-dump-protected title=\"Protected property\">perPage</span>: <span class=sf-dump-num>15</span>
      +<span class=sf-dump-public title=\"Public property\">exists</span>: <span class=sf-dump-const>true</span>
      +<span class=sf-dump-public title=\"Public property\">wasRecentlyCreated</span>: <span class=sf-dump-const>false</span>
      #<span class=sf-dump-protected title=\"Protected property\">escapeWhenCastingToString</span>: <span class=sf-dump-const>false</span>
      #<span class=sf-dump-protected title=\"Protected property\">attributes</span>: <span class=sf-dump-note>array:10</span> [ &#8230;10]
      #<span class=sf-dump-protected title=\"Protected property\">original</span>: <span class=sf-dump-note>array:14</span> [ &#8230;14]
      #<span class=sf-dump-protected title=\"Protected property\">changes</span>: []
      #<span class=sf-dump-protected title=\"Protected property\">casts</span>: <span class=sf-dump-note>array:2</span> [ &#8230;2]
      #<span class=sf-dump-protected title=\"Protected property\">classCastCache</span>: []
      #<span class=sf-dump-protected title=\"Protected property\">attributeCastCache</span>: []
      #<span class=sf-dump-protected title=\"Protected property\">dateFormat</span>: <span class=sf-dump-const>null</span>
      #<span class=sf-dump-protected title=\"Protected property\">appends</span>: []
      #<span class=sf-dump-protected title=\"Protected property\">dispatchesEvents</span>: []
      #<span class=sf-dump-protected title=\"Protected property\">observables</span>: []
      #<span class=sf-dump-protected title=\"Protected property\">relations</span>: <span class=sf-dump-note>array:2</span> [ &#8230;2]
      #<span class=sf-dump-protected title=\"Protected property\">touches</span>: []
      +<span class=sf-dump-public title=\"Public property\">timestamps</span>: <span class=sf-dump-const>true</span>
      +<span class=sf-dump-public title=\"Public property\">usesUniqueIds</span>: <span class=sf-dump-const>false</span>
      #<span class=sf-dump-protected title=\"Protected property\">hidden</span>: []
      #<span class=sf-dump-protected title=\"Protected property\">visible</span>: []
      #<span class=sf-dump-protected title=\"Protected property\">fillable</span>: <span class=sf-dump-note>array:7</span> [ &#8230;7]
      #<span class=sf-dump-protected title=\"Protected property\">guarded</span>: <span class=sf-dump-note>array:1</span> [ &#8230;1]
    </samp>}
    \"<span class=sf-dump-key>promedio</span>\" => <span class=sf-dump-num>3.4</span>
    \"<span class=sf-dump-key>promedio_curso</span>\" => <span class=sf-dump-num>3.1</span>
    \"<span class=sf-dump-key>total_calificaciones</span>\" => <span class=sf-dump-num>7</span>
    \"<span class=sf-dump-key>total_tareas_curso</span>\" => <span class=sf-dump-num>8</span>
    \"<span class=sf-dump-key>porcentaje_completado</span>\" => <span class=sf-dump-num>88.0</span>
    \"<span class=sf-dump-key>aprobado</span>\" => <span class=sf-dump-const>true</span>
    \"<span class=sf-dump-key>puede_descargar</span>\" => <span class=sf-dump-const>false</span>
    \"<span class=sf-dump-key>razon_bloqueo</span>\" => \"<span class=sf-dump-str title=\"40 characters\">A&#250;n tienes tareas pendientes por evaluar</span>\"
  </samp>]
</samp>]
</pre><script>Sfdump(\"sf-dump-629755662\", {\"maxDepth\":3,\"maxStringLength\":160})</script>
","estudiante":"<pre class=sf-dump id=sf-dump-1380158013 data-indent-pad=\"  \"><span class=sf-dump-note>App\\Models\\Estudiante</span> {<a class=sf-dump-ref>#1782</a><samp data-depth=1 class=sf-dump-expanded>
  #<span class=sf-dump-protected title=\"Protected property\">connection</span>: \"<span class=sf-dump-str title=\"5 characters\">mysql</span>\"
  #<span class=sf-dump-protected title=\"Protected property\">table</span>: \"<span class=sf-dump-str title=\"11 characters\">estudiantes</span>\"
  #<span class=sf-dump-protected title=\"Protected property\">primaryKey</span>: \"<span class=sf-dump-str title=\"2 characters\">id</span>\"
  #<span class=sf-dump-protected title=\"Protected property\">keyType</span>: \"<span class=sf-dump-str title=\"3 characters\">int</span>\"
  +<span class=sf-dump-public title=\"Public property\">incrementing</span>: <span class=sf-dump-const>true</span>
  #<span class=sf-dump-protected title=\"Protected property\">with</span>: []
  #<span class=sf-dump-protected title=\"Protected property\">withCount</span>: []
  +<span class=sf-dump-public title=\"Public property\">preventsLazyLoading</span>: <span class=sf-dump-const>false</span>
  #<span class=sf-dump-protected title=\"Protected property\">perPage</span>: <span class=sf-dump-num>15</span>
  +<span class=sf-dump-public title=\"Public property\">exists</span>: <span class=sf-dump-const>true</span>
  +<span class=sf-dump-public title=\"Public property\">wasRecentlyCreated</span>: <span class=sf-dump-const>false</span>
  #<span class=sf-dump-protected title=\"Protected property\">escapeWhenCastingToString</span>: <span class=sf-dump-const>false</span>
  #<span class=sf-dump-protected title=\"Protected property\">attributes</span>: <span class=sf-dump-note>array:10</span> [<samp data-depth=2 class=sf-dump-compact>
    \"<span class=sf-dump-key>id</span>\" => <span class=sf-dump-num>1</span>
    \"<span class=sf-dump-key>cc</span>\" => \"<span class=sf-dump-str title=\"8 characters\">12312753</span>\"
    \"<span class=sf-dump-key>genero</span>\" => \"<span class=sf-dump-str>M</span>\"
    \"<span class=sf-dump-key>telefono</span>\" => \"<span class=sf-dump-str title=\"8 characters\">12395113</span>\"
    \"<span class=sf-dump-key>direccion</span>\" => \"<span class=sf-dump-str title=\"11 characters\">Cll 9 oeste</span>\"
    \"<span class=sf-dump-key>contacto_emergencia</span>\" => \"<span class=sf-dump-str title=\"8 characters\">65495113</span>\"
    \"<span class=sf-dump-key>observaciones</span>\" => \"<span class=sf-dump-str title=\"30 characters\">le irrita estar cerca del povo</span>\"
    \"<span class=sf-dump-key>user_id</span>\" => <span class=sf-dump-num>9</span>
    \"<span class=sf-dump-key>created_at</span>\" => \"<span class=sf-dump-str title=\"19 characters\">2026-08-31 10:00:14</span>\"
    \"<span class=sf-dump-key>updated_at</span>\" => \"<span class=sf-dump-str title=\"19 characters\">2026-08-31 10:00:14</span>\"
  </samp>]
  #<span class=sf-dump-protected title=\"Protected property\">original</span>: <span class=sf-dump-note>array:10</span> [<samp data-depth=2 class=sf-dump-compact>
    \"<span class=sf-dump-key>id</span>\" => <span class=sf-dump-num>1</span>
    \"<span class=sf-dump-key>cc</span>\" => \"<span class=sf-dump-str title=\"8 characters\">12312753</span>\"
    \"<span class=sf-dump-key>genero</span>\" => \"<span class=sf-dump-str>M</span>\"
    \"<span class=sf-dump-key>telefono</span>\" => \"<span class=sf-dump-str title=\"8 characters\">12395113</span>\"
    \"<span class=sf-dump-key>direccion</span>\" => \"<span class=sf-dump-str title=\"11 characters\">Cll 9 oeste</span>\"
    \"<span class=sf-dump-key>contacto_emergencia</span>\" => \"<span class=sf-dump-str title=\"8 characters\">65495113</span>\"
    \"<span class=sf-dump-key>observaciones</span>\" => \"<span class=sf-dump-str title=\"30 characters\">le irrita estar cerca del povo</span>\"
    \"<span class=sf-dump-key>user_id</span>\" => <span class=sf-dump-num>9</span>
    \"<span class=sf-dump-key>created_at</span>\" => \"<span class=sf-dump-str title=\"19 characters\">2026-08-31 10:00:14</span>\"
    \"<span class=sf-dump-key>updated_at</span>\" => \"<span class=sf-dump-str title=\"19 characters\">2026-08-31 10:00:14</span>\"
  </samp>]
  #<span class=sf-dump-protected title=\"Protected property\">changes</span>: []
  #<span class=sf-dump-protected title=\"Protected property\">casts</span>: []
  #<span class=sf-dump-protected title=\"Protected property\">classCastCache</span>: []
  #<span class=sf-dump-protected title=\"Protected property\">attributeCastCache</span>: []
  #<span class=sf-dump-protected title=\"Protected property\">dateFormat</span>: <span class=sf-dump-const>null</span>
  #<span class=sf-dump-protected title=\"Protected property\">appends</span>: <span class=sf-dump-note>array:2</span> [<samp data-depth=2 class=sf-dump-compact>
    <span class=sf-dump-index>0</span> => \"<span class=sf-dump-str title=\"7 characters\">nombres</span>\"
    <span class=sf-dump-index>1</span> => \"<span class=sf-dump-str title=\"9 characters\">apellidos</span>\"
  </samp>]
  #<span class=sf-dump-protected title=\"Protected property\">dispatchesEvents</span>: []
  #<span class=sf-dump-protected title=\"Protected property\">observables</span>: []
  #<span class=sf-dump-protected title=\"Protected property\">relations</span>: <span class=sf-dump-note>array:2</span> [<samp data-depth=2 class=sf-dump-compact>
    \"<span class=sf-dump-key>calificaciones</span>\" => <span class=\"sf-dump-note sf-dump-ellipsization\" title=\"Illuminate\\Database\\Eloquent\\Collection
\"><span class=\"sf-dump-ellipsis sf-dump-ellipsis-note\">Illuminate\\Database\\Eloquent</span><span class=\"sf-dump-ellipsis sf-dump-ellipsis-note\">\\</span><span class=\"sf-dump-ellipsis-tail\">Collection</span></span> {<a class=sf-dump-ref>#1865</a><samp data-depth=3 class=sf-dump-compact>
      #<span class=sf-dump-protected title=\"Protected property\">items</span>: <span class=sf-dump-note>array:7</span> [ &#8230;7]
      #<span class=sf-dump-protected title=\"Protected property\">escapeWhenCastingToString</span>: <span class=sf-dump-const>false</span>
    </samp>}
    \"<span class=sf-dump-key>cursos</span>\" => <span class=\"sf-dump-note sf-dump-ellipsization\" title=\"Illuminate\\Database\\Eloquent\\Collection
\"><span class=\"sf-dump-ellipsis sf-dump-ellipsis-note\">Illuminate\\Database\\Eloquent</span><span class=\"sf-dump-ellipsis sf-dump-ellipsis-note\">\\</span><span class=\"sf-dump-ellipsis-tail\">Collection</span></span> {<a class=sf-dump-ref>#1868</a><samp data-depth=3 class=sf-dump-compact>
      #<span class=sf-dump-protected title=\"Protected property\">items</span>: <span class=sf-dump-note>array:1</span> [ &#8230;1]
      #<span class=sf-dump-protected title=\"Protected property\">escapeWhenCastingToString</span>: <span class=sf-dump-const>false</span>
    </samp>}
  </samp>]
  #<span class=sf-dump-protected title=\"Protected property\">touches</span>: []
  +<span class=sf-dump-public title=\"Public property\">timestamps</span>: <span class=sf-dump-const>true</span>
  +<span class=sf-dump-public title=\"Public property\">usesUniqueIds</span>: <span class=sf-dump-const>false</span>
  #<span class=sf-dump-protected title=\"Protected property\">hidden</span>: []
  #<span class=sf-dump-protected title=\"Protected property\">visible</span>: []
  #<span class=sf-dump-protected title=\"Protected property\">fillable</span>: <span class=sf-dump-note>array:8</span> [<samp data-depth=2 class=sf-dump-compact>
    <span class=sf-dump-index>0</span> => \"<span class=sf-dump-str title=\"2 characters\">cc</span>\"
    <span class=sf-dump-index>1</span> => \"<span class=sf-dump-str title=\"6 characters\">genero</span>\"
    <span class=sf-dump-index>2</span> => \"<span class=sf-dump-str title=\"8 characters\">telefono</span>\"
    <span class=sf-dump-index>3</span> => \"<span class=sf-dump-str title=\"5 characters\">email</span>\"
    <span class=sf-dump-index>4</span> => \"<span class=sf-dump-str title=\"9 characters\">direccion</span>\"
    <span class=sf-dump-index>5</span> => \"<span class=sf-dump-str title=\"19 characters\">contacto_emergencia</span>\"
    <span class=sf-dump-index>6</span> => \"<span class=sf-dump-str title=\"13 characters\">observaciones</span>\"
    <span class=sf-dump-index>7</span> => \"<span class=sf-dump-str title=\"7 characters\">user_id</span>\"
  </samp>]
  #<span class=sf-dump-protected title=\"Protected property\">guarded</span>: <span class=sf-dump-note>array:1</span> [<samp data-depth=2 class=sf-dump-compact>
    <span class=sf-dump-index>0</span> => \"<span class=sf-dump-str>*</span>\"
  </samp>]
  #<span class=sf-dump-protected title=\"Protected property\">guard_name</span>: \"<span class=sf-dump-str title=\"3 characters\">web</span>\"
  -<span class=sf-dump-private title=\"Private property defined in class:&#10;`App\\Models\\Estudiante`\">roleClass</span>: <span class=sf-dump-const>null</span>
  -<span class=sf-dump-private title=\"Private property defined in class:&#10;`App\\Models\\Estudiante`\">permissionClass</span>: <span class=sf-dump-const>null</span>
  -<span class=sf-dump-private title=\"Private property defined in class:&#10;`App\\Models\\Estudiante`\">wildcardClass</span>: <span class=sf-dump-const>null</span>
  -<span class=sf-dump-private title=\"Private property defined in class:&#10;`App\\Models\\Estudiante`\">wildcardPermissionsIndex</span>: <span class=sf-dump-const title=\"Uninitialized property\">? array</span>
</samp>}
</pre><script>Sfdump(\"sf-dump-1380158013\", {\"maxDepth\":3,\"maxStringLength\":160})</script>
"}},"userId":9,"exception":"[object] (Spatie\\LaravelIgnition\\Exceptions\\ViewException(code: 0): Undefined variable $calificaciones at C:/xampp/htdocs/www/Remanente-LMS-Re/resources/views/estudiante/index.blade.php:63)
[stacktrace]
#0 C:/xampp/htdocs/www/Remanente-LMS-Re/vendor/laravel/framework/src/Illuminate/Filesystem/Filesystem.php(123): require('C://xampp//htdocs...')
#1 C:/xampp/htdocs/www/Remanente-LMS-Re/vendor/laravel/framework/src/Illuminate/Filesystem/Filesystem.php(124): Illuminate/Filesystem/Filesystem::Illuminate/Filesystem/{closure}()
#2 C:/xampp/htdocs/www/Remanente-LMS-Re/vendor/laravel/framework/src/Illuminate/View/Engines/PhpEngine.php(58): Illuminate/Filesystem/Filesystem->getRequire('C://xampp//htdocs...', Array)
#3 C:/xampp/htdocs/www/Remanente-LMS-Re/vendor/livewire/livewire/src/Mechanisms/ExtendBlade/ExtendedCompilerEngine.php(22): Illuminate/View/Engines/PhpEngine->evaluatePath('C://xampp//htdocs...', Array)
#4 C:/xampp/htdocs/www/Remanente-LMS-Re/vendor/laravel/framework/src/Illuminate/View/Engines/CompilerEngine.php(72): Livewire/Mechanisms/ExtendBlade/ExtendedCompilerEngine->evaluatePath('C://xampp//htdocs...', Array)
#5 C:/xampp/htdocs/www/Remanente-LMS-Re/vendor/livewire/livewire/src/Mechanisms/ExtendBlade/ExtendedCompilerEngine.php(10): Illuminate/View/Engines/CompilerEngine->get('C://xampp//htdocs...', Array)
#6 C:/xampp/htdocs/www/Remanente-LMS-Re/vendor/laravel/framework/src/Illuminate/View/View.php(207): Livewire/Mechanisms/ExtendBlade/ExtendedCompilerEngine->get('C://xampp//htdocs...', Array)
#7 C:/xampp/htdocs/www/Remanente-LMS-Re/vendor/laravel/framework/src/Illuminate/View/View.php(190): Illuminate/View/View->getContents()
#8 C:/xampp/htdocs/www/Remanente-LMS-Re/vendor/laravel/framework/src/Illuminate/View/View.php(159): Illuminate/View/View->renderContents()
#9 C:/xampp/htdocs/www/Remanente-LMS-Re/vendor/laravel/framework/src/Illuminate/Http/Response.php(69): Illuminate/View/View->render()
#10 C:/xampp/htdocs/www/Remanente-LMS-Re/vendor/laravel/framework/src/Illuminate/Http/Response.php(35): Illuminate/Http/Response->setContent(Object(Illuminate/View/View))
#11 C:/xampp/htdocs/www/Remanente-LMS-Re/vendor/laravel/framework/src/Illuminate/Routing/Router.php(918): Illuminate/Http/Response->__construct(Object(Illuminate/View/View), 200, Array)
#12 C:/xampp/htdocs/www/Remanente-LMS-Re/vendor/laravel/framework/src/Illuminate/Routing/Router.php(885): Illuminate/Routing/Router::toResponse(Object(Illuminate/Http/Request), Object(Illuminate/View/View))
#13 C:/xampp/htdocs/www/Remanente-LMS-Re/vendor/laravel/framework/src/Illuminate/Routing/Router.php(805): Illuminate/Routing/Router->prepareResponse(Object(Illuminate/Http/Request), Object(Illuminate/View/View))
#14 C:/xampp/htdocs/www/Remanente-LMS-Re/vendor/laravel/framework/src/Illuminate/Pipeline/Pipeline.php(144): Illuminate/Routing/Router->Illuminate/Routing/{closure}(Object(Illuminate/Http/Request))
#15 C:/xampp/htdocs/www/Remanente-LMS-Re/vendor/spatie/laravel-permission/src/Middleware/RoleMiddleware.php(37): Illuminate/Pipeline/Pipeline->Illuminate/Pipeline/{closure}(Object(Illuminate/Http/Request))
#16 C:/xampp/htdocs/www/Remanente-LMS-Re/vendor/laravel/framework/src/Illuminate/Pipeline/Pipeline.php(183): Spatie/Permission/Middleware/RoleMiddleware->handle(Object(Illuminate/Http/Request), Object(Closure), 'estudiante')
#17 C:/xampp/htdocs/www/Remanente-LMS-Re/vendor/barryvdh/laravel-debugbar/src/Middleware/InjectDebugbar.php(66): Illuminate/Pipeline/Pipeline->Illuminate/Pipeline/{closure}(Object(Illuminate/Http/Request))
#18 C:/xampp/htdocs/www/Remanente-LMS-Re/vendor/laravel/framework/src/Illuminate/Pipeline/Pipeline.php(183): Barryvdh/Debugbar/Middleware/InjectDebugbar->handle(Object(Illuminate/Http/Request), Object(Closure))
#19 C:/xampp/htdocs/www/Remanente-LMS-Re/app/Http/Middleware/EnsureProfileIsComplete.php(36): Illuminate/Pipeline/Pipeline->Illuminate/Pipeline/{closure}(Object(Illuminate/Http/Request))
#20 C:/xampp/htdocs/www/Remanente-LMS-Re/vendor/laravel/framework/src/Illuminate/Pipeline/Pipeline.php(183): App/Http/Middleware/EnsureProfileIsComplete->handle(Object(Illuminate/Http/Request), Object(Closure))
#21 C:/xampp/htdocs/www/Remanente-LMS-Re/vendor/laravel/framework/src/Illuminate/Routing/Middleware/SubstituteBindings.php(50): Illuminate/Pipeline/Pipeline->Illuminate/Pipeline/{closure}(Object(Illuminate/Http/Request))
#22 C:/xampp/htdocs/www/Remanente-LMS-Re/vendor/laravel/framework/src/Illuminate/Pipeline/Pipeline.php(183): Illuminate/Routing/Middleware/SubstituteBindings->handle(Object(Illuminate/Http/Request), Object(Closure))
#23 C:/xampp/htdocs/www/Remanente-LMS-Re/vendor/laravel/framework/src/Illuminate/Auth/Middleware/Authenticate.php(57): Illuminate/Pipeline/Pipeline->Illuminate/Pipeline/{closure}(Object(Illuminate/Http/Request))
#24 C:/xampp/htdocs/www/Remanente-LMS-Re/vendor/laravel/framework/src/Illuminate/Pipeline/Pipeline.php(183): Illuminate/Auth/Middleware/Authenticate->handle(Object(Illuminate/Http/Request), Object(Closure))
#25 C:/xampp/htdocs/www/Remanente-LMS-Re/vendor/laravel/framework/src/Illuminate/Foundation/Http/Middleware/VerifyCsrfToken.php(78): Illuminate/Pipeline/Pipeline->Illuminate/Pipeline/{closure}(Object(Illuminate/Http/Request))
#26 C:/xampp/htdocs/www/Remanente-LMS-Re/vendor/laravel/framework/src/Illuminate/Pipeline/Pipeline.php(183): Illuminate/Foundation/Http/Middleware/VerifyCsrfToken->handle(Object(Illuminate/Http/Request), Object(Closure))
#27 C:/xampp/htdocs/www/Remanente-LMS-Re/vendor/laravel/framework/src/Illuminate/View/Middleware/ShareErrorsFromSession.php(49): Illuminate/Pipeline/Pipeline->Illuminate/Pipeline/{closure}(Object(Illuminate/Http/Request))
#28 C:/xampp/htdocs/www/Remanente-LMS-Re/vendor/laravel/framework/src/Illuminate/Pipeline/Pipeline.php(183): Illuminate/View/Middleware/ShareErrorsFromSession->handle(Object(Illuminate/Http/Request), Object(Closure))
#29 C:/xampp/htdocs/www/Remanente-LMS-Re/vendor/laravel/framework/src/Illuminate/Session/Middleware/StartSession.php(121): Illuminate/Pipeline/Pipeline->Illuminate/Pipeline/{closure}(Object(Illuminate/Http/Request))
#30 C:/xampp/htdocs/www/Remanente-LMS-Re/vendor/laravel/framework/src/Illuminate/Session/Middleware/StartSession.php(64): Illuminate/Session/Middleware/StartSession->handleStatefulRequest(Object(Illuminate/Http/Request), Object(Illuminate/Session/Store), Object(Closure))
#31 C:/xampp/htdocs/www/Remanente-LMS-Re/vendor/laravel/framework/src/Illuminate/Pipeline/Pipeline.php(183): Illuminate/Session/Middleware/StartSession->handle(Object(Illuminate/Http/Request), Object(Closure))
#32 C:/xampp/htdocs/www/Remanente-LMS-Re/vendor/laravel/framework/src/Illuminate/Cookie/Middleware/AddQueuedCookiesToResponse.php(37): Illuminate/Pipeline/Pipeline->Illuminate/Pipeline/{closure}(Object(Illuminate/Http/Request))
#33 C:/xampp/htdocs/www/Remanente-LMS-Re/vendor/laravel/framework/src/Illuminate/Pipeline/Pipeline.php(183): Illuminate/Cookie/Middleware/AddQueuedCookiesToResponse->handle(Object(Illuminate/Http/Request), Object(Closure))
#34 C:/xampp/htdocs/www/Remanente-LMS-Re/vendor/laravel/framework/src/Illuminate/Cookie/Middleware/EncryptCookies.php(67): Illuminate/Pipeline/Pipeline->Illuminate/Pipeline/{closure}(Object(Illuminate/Http/Request))
#35 C:/xampp/htdocs/www/Remanente-LMS-Re/vendor/laravel/framework/src/Illuminate/Pipeline/Pipeline.php(183): Illuminate/Cookie/Middleware/EncryptCookies->handle(Object(Illuminate/Http/Request), Object(Closure))
#36 C:/xampp/htdocs/www/Remanente-LMS-Re/vendor/laravel/framework/src/Illuminate/Pipeline/Pipeline.php(119): Illuminate/Pipeline/Pipeline->Illuminate/Pipeline/{closure}(Object(Illuminate/Http/Request))
#37 C:/xampp/htdocs/www/Remanente-LMS-Re/vendor/laravel/framework/src/Illuminate/Routing/Router.php(805): Illuminate/Pipeline/Pipeline->then(Object(Closure))
#38 C:/xampp/htdocs/www/Remanente-LMS-Re/vendor/laravel/framework/src/Illuminate/Routing/Router.php(784): Illuminate/Routing/Router->runRouteWithinStack(Object(Illuminate/Routing/Route), Object(Illuminate/Http/Request))
#39 C:/xampp/htdocs/www/Remanente-LMS-Re/vendor/laravel/framework/src/Illuminate/Routing/Router.php(748): Illuminate/Routing/Router->runRoute(Object(Illuminate/Http/Request), Object(Illuminate/Routing/Route))
#40 C:/xampp/htdocs/www/Remanente-LMS-Re/vendor/laravel/framework/src/Illuminate/Routing/Router.php(737): Illuminate/Routing/Router->dispatchToRoute(Object(Illuminate/Http/Request))
#41 C:/xampp/htdocs/www/Remanente-LMS-Re/vendor/laravel/framework/src/Illuminate/Foundation/Http/Kernel.php(200): Illuminate/Routing/Router->dispatch(Object(Illuminate/Http/Request))
#42 C:/xampp/htdocs/www/Remanente-LMS-Re/vendor/laravel/framework/src/Illuminate/Pipeline/Pipeline.php(144): Illuminate/Foundation/Http/Kernel->Illuminate/Foundation/Http/{closure}(Object(Illuminate/Http/Request))
#43 C:/xampp/htdocs/www/Remanente-LMS-Re/vendor/livewire/livewire/src/Features/SupportDisablingBackButtonCache/DisableBackButtonCacheMiddleware.php(19): Illuminate/Pipeline/Pipeline->Illuminate/Pipeline/{closure}(Object(Illuminate/Http/Request))
#44 C:/xampp/htdocs/www/Remanente-LMS-Re/vendor/laravel/framework/src/Illuminate/Pipeline/Pipeline.php(183): Livewire/Features/SupportDisablingBackButtonCache/DisableBackButtonCacheMiddleware->handle(Object(Illuminate/Http/Request), Object(Closure))
#45 C:/xampp/htdocs/www/Remanente-LMS-Re/vendor/barryvdh/laravel-debugbar/src/Middleware/InjectDebugbar.php(66): Illuminate/Pipeline/Pipeline->Illuminate/Pipeline/{closure}(Object(Illuminate/Http/Request))
#46 C:/xampp/htdocs/www/Remanente-LMS-Re/vendor/laravel/framework/src/Illuminate/Pipeline/Pipeline.php(183): Barryvdh/Debugbar/Middleware/InjectDebugbar->handle(Object(Illuminate/Http/Request), Object(Closure))
#47 C:/xampp/htdocs/www/Remanente-LMS-Re/vendor/laravel/framework/src/Illuminate/Foundation/Http/Middleware/TransformsRequest.php(21): Illuminate/Pipeline/Pipeline->Illuminate/Pipeline/{closure}(Object(Illuminate/Http/Request))
#48 C:/xampp/htdocs/www/Remanente-LMS-Re/vendor/laravel/framework/src/Illuminate/Foundation/Http/Middleware/ConvertEmptyStringsToNull.php(31): Illuminate/Foundation/Http/Middleware/TransformsRequest->handle(Object(Illuminate/Http/Request), Object(Closure))
#49 C:/xampp/htdocs/www/Remanente-LMS-Re/vendor/laravel/framework/src/Illuminate/Pipeline/Pipeline.php(183): Illuminate/Foundation/Http/Middleware/ConvertEmptyStringsToNull->handle(Object(Illuminate/Http/Request), Object(Closure))
#50 C:/xampp/htdocs/www/Remanente-LMS-Re/vendor/laravel/framework/src/Illuminate/Foundation/Http/Middleware/TransformsRequest.php(21): Illuminate/Pipeline/Pipeline->Illuminate/Pipeline/{closure}(Object(Illuminate/Http/Request))
#51 C:/xampp/htdocs/www/Remanente-LMS-Re/vendor/laravel/framework/src/Illuminate/Foundation/Http/Middleware/TrimStrings.php(40): Illuminate/Foundation/Http/Middleware/TransformsRequest->handle(Object(Illuminate/Http/Request), Object(Closure))
#52 C:/xampp/htdocs/www/Remanente-LMS-Re/vendor/laravel/framework/src/Illuminate/Pipeline/Pipeline.php(183): Illuminate/Foundation/Http/Middleware/TrimStrings->handle(Object(Illuminate/Http/Request), Object(Closure))
#53 C:/xampp/htdocs/www/Remanente-LMS-Re/vendor/laravel/framework/src/Illuminate/Foundation/Http/Middleware/ValidatePostSize.php(27): Illuminate/Pipeline/Pipeline->Illuminate/Pipeline/{closure}(Object(Illuminate/Http/Request))
#54 C:/xampp/htdocs/www/Remanente-LMS-Re/vendor/laravel/framework/src/Illuminate/Pipeline/Pipeline.php(183): Illuminate/Foundation/Http/Middleware/ValidatePostSize->handle(Object(Illuminate/Http/Request), Object(Closure))
#55 C:/xampp/htdocs/www/Remanente-LMS-Re/vendor/laravel/framework/src/Illuminate/Foundation/Http/Middleware/PreventRequestsDuringMaintenance.php(99): Illuminate/Pipeline/Pipeline->Illuminate/Pipeline/{closure}(Object(Illuminate/Http/Request))
#56 C:/xampp/htdocs/www/Remanente-LMS-Re/vendor/laravel/framework/src/Illuminate/Pipeline/Pipeline.php(183): Illuminate/Foundation/Http/Middleware/PreventRequestsDuringMaintenance->handle(Object(Illuminate/Http/Request), Object(Closure))
#57 C:/xampp/htdocs/www/Remanente-LMS-Re/vendor/laravel/framework/src/Illuminate/Http/Middleware/HandleCors.php(49): Illuminate/Pipeline/Pipeline->Illuminate/Pipeline/{closure}(Object(Illuminate/Http/Request))
#58 C:/xampp/htdocs/www/Remanente-LMS-Re/vendor/laravel/framework/src/Illuminate/Pipeline/Pipeline.php(183): Illuminate/Http/Middleware/HandleCors->handle(Object(Illuminate/Http/Request), Object(Closure))
#59 C:/xampp/htdocs/www/Remanente-LMS-Re/vendor/laravel/framework/src/Illuminate/Http/Middleware/TrustProxies.php(39): Illuminate/Pipeline/Pipeline->Illuminate/Pipeline/{closure}(Object(Illuminate/Http/Request))
#60 C:/xampp/htdocs/www/Remanente-LMS-Re/vendor/laravel/framework/src/Illuminate/Pipeline/Pipeline.php(183): Illuminate/Http/Middleware/TrustProxies->handle(Object(Illuminate/Http/Request), Object(Closure))
#61 C:/xampp/htdocs/www/Remanente-LMS-Re/vendor/laravel/framework/src/Illuminate/Pipeline/Pipeline.php(119): Illuminate/Pipeline/Pipeline->Illuminate/Pipeline/{closure}(Object(Illuminate/Http/Request))
#62 C:/xampp/htdocs/www/Remanente-LMS-Re/vendor/laravel/framework/src/Illuminate/Foundation/Http/Kernel.php(175): Illuminate/Pipeline/Pipeline->then(Object(Closure))
#63 C:/xampp/htdocs/www/Remanente-LMS-Re/vendor/laravel/framework/src/Illuminate/Foundation/Http/Kernel.php(144): Illuminate/Foundation/Http/Kernel->sendRequestThroughRouter(Object(Illuminate/Http/Request))
#64 C:/xampp/htdocs/www/Remanente-LMS-Re/public/index.php(51): Illuminate/Foundation/Http/Kernel->handle(Object(Illuminate/Http/Request))
#65 C:/xampp/htdocs/www/Remanente-LMS-Re/vendor/laravel/framework/src/Illuminate/Foundation/resources/server.php(16): require_once('C://xampp//htdocs...')
#66 {main}

[previous exception] [object] (ErrorException(code: 0): Undefined variable $calificaciones at C:/xampp/htdocs/www/Remanente-LMS-Re/storage/framework/views/a5f15b1b5bd94f4b400403ea58591ed6.php:63)
[stacktrace]
#0 C:/xampp/htdocs/www/Remanente-LMS-Re/vendor/laravel/framework/src/Illuminate/Foundation/Bootstrap/HandleExceptions.php(255): Illuminate/Foundation/Bootstrap/HandleExceptions->handleError(2, 'Undefined varia...', 'C://xampp//htdocs...', 63)
#1 C:/xampp/htdocs/www/Remanente-LMS-Re/storage/framework/views/a5f15b1b5bd94f4b400403ea58591ed6.php(63): Illuminate/Foundation/Bootstrap/HandleExceptions->Illuminate/Foundation/Bootstrap/{closure}(2, 'Undefined varia...', 'C://xampp//htdocs...', 63)
#2 C:/xampp/htdocs/www/Remanente-LMS-Re/vendor/laravel/framework/src/Illuminate/Filesystem/Filesystem.php(123): require('C://xampp//htdocs...')
#3 C:/xampp/htdocs/www/Remanente-LMS-Re/vendor/laravel/framework/src/Illuminate/Filesystem/Filesystem.php(124): Illuminate/Filesystem/Filesystem::Illuminate/Filesystem/{closure}()
#4 C:/xampp/htdocs/www/Remanente-LMS-Re/vendor/laravel/framework/src/Illuminate/View/Engines/PhpEngine.php(58): Illuminate/Filesystem/Filesystem->getRequire('C://xampp//htdocs...', Array)
#5 C:/xampp/htdocs/www/Remanente-LMS-Re/vendor/livewire/livewire/src/Mechanisms/ExtendBlade/ExtendedCompilerEngine.php(22): Illuminate/View/Engines/PhpEngine->evaluatePath('C://xampp//htdocs...', Array)
#6 C:/xampp/htdocs/www/Remanente-LMS-Re/vendor/laravel/framework/src/Illuminate/View/Engines/CompilerEngine.php(72): Livewire/Mechanisms/ExtendBlade/ExtendedCompilerEngine->evaluatePath('C://xampp//htdocs...', Array)
#7 C:/xampp/htdocs/www/Remanente-LMS-Re/vendor/livewire/livewire/src/Mechanisms/ExtendBlade/ExtendedCompilerEngine.php(10): Illuminate/View/Engines/CompilerEngine->get('C://xampp//htdocs...', Array)
#8 C:/xampp/htdocs/www/Remanente-LMS-Re/vendor/laravel/framework/src/Illuminate/View/View.php(207): Livewire/Mechanisms/ExtendBlade/ExtendedCompilerEngine->get('C://xampp//htdocs...', Array)
#9 C:/xampp/htdocs/www/Remanente-LMS-Re/vendor/laravel/framework/src/Illuminate/View/View.php(190): Illuminate/View/View->getContents()
#10 C:/xampp/htdocs/www/Remanente-LMS-Re/vendor/laravel/framework/src/Illuminate/View/View.php(159): Illuminate/View/View->renderContents()
#11 C:/xampp/htdocs/www/Remanente-LMS-Re/vendor/laravel/framework/src/Illuminate/Http/Response.php(69): Illuminate/View/View->render()
#12 C:/xampp/htdocs/www/Remanente-LMS-Re/vendor/laravel/framework/src/Illuminate/Http/Response.php(35): Illuminate/Http/Response->setContent(Object(Illuminate/View/View))
#13 C:/xampp/htdocs/www/Remanente-LMS-Re/vendor/laravel/framework/src/Illuminate/Routing/Router.php(918): Illuminate/Http/Response->__construct(Object(Illuminate/View/View), 200, Array)
#14 C:/xampp/htdocs/www/Remanente-LMS-Re/vendor/laravel/framework/src/Illuminate/Routing/Router.php(885): Illuminate/Routing/Router::toResponse(Object(Illuminate/Http/Request), Object(Illuminate/View/View))
#15 C:/xampp/htdocs/www/Remanente-LMS-Re/vendor/laravel/framework/src/Illuminate/Routing/Router.php(805): Illuminate/Routing/Router->prepareResponse(Object(Illuminate/Http/Request), Object(Illuminate/View/View))
#16 C:/xampp/htdocs/www/Remanente-LMS-Re/vendor/laravel/framework/src/Illuminate/Pipeline/Pipeline.php(144): Illuminate/Routing/Router->Illuminate/Routing/{closure}(Object(Illuminate/Http/Request))
#17 C:/xampp/htdocs/www/Remanente-LMS-Re/vendor/spatie/laravel-permission/src/Middleware/RoleMiddleware.php(37): Illuminate/Pipeline/Pipeline->Illuminate/Pipeline/{closure}(Object(Illuminate/Http/Request))
#18 C:/xampp/htdocs/www/Remanente-LMS-Re/vendor/laravel/framework/src/Illuminate/Pipeline/Pipeline.php(183): Spatie/Permission/Middleware/RoleMiddleware->handle(Object(Illuminate/Http/Request), Object(Closure), 'estudiante')
#19 C:/xampp/htdocs/www/Remanente-LMS-Re/vendor/barryvdh/laravel-debugbar/src/Middleware/InjectDebugbar.php(66): Illuminate/Pipeline/Pipeline->Illuminate/Pipeline/{closure}(Object(Illuminate/Http/Request))
#20 C:/xampp/htdocs/www/Remanente-LMS-Re/vendor/laravel/framework/src/Illuminate/Pipeline/Pipeline.php(183): Barryvdh/Debugbar/Middleware/InjectDebugbar->handle(Object(Illuminate/Http/Request), Object(Closure))
#21 C:/xampp/htdocs/www/Remanente-LMS-Re/app/Http/Middleware/EnsureProfileIsComplete.php(36): Illuminate/Pipeline/Pipeline->Illuminate/Pipeline/{closure}(Object(Illuminate/Http/Request))
#22 C:/xampp/htdocs/www/Remanente-LMS-Re/vendor/laravel/framework/src/Illuminate/Pipeline/Pipeline.php(183): App/Http/Middleware/EnsureProfileIsComplete->handle(Object(Illuminate/Http/Request), Object(Closure))
#23 C:/xampp/htdocs/www/Remanente-LMS-Re/vendor/laravel/framework/src/Illuminate/Routing/Middleware/SubstituteBindings.php(50): Illuminate/Pipeline/Pipeline->Illuminate/Pipeline/{closure}(Object(Illuminate/Http/Request))
#24 C:/xampp/htdocs/www/Remanente-LMS-Re/vendor/laravel/framework/src/Illuminate/Pipeline/Pipeline.php(183): Illuminate/Routing/Middleware/SubstituteBindings->handle(Object(Illuminate/Http/Request), Object(Closure))
#25 C:/xampp/htdocs/www/Remanente-LMS-Re/vendor/laravel/framework/src/Illuminate/Auth/Middleware/Authenticate.php(57): Illuminate/Pipeline/Pipeline->Illuminate/Pipeline/{closure}(Object(Illuminate/Http/Request))
#26 C:/xampp/htdocs/www/Remanente-LMS-Re/vendor/laravel/framework/src/Illuminate/Pipeline/Pipeline.php(183): Illuminate/Auth/Middleware/Authenticate->handle(Object(Illuminate/Http/Request), Object(Closure))
#27 C:/xampp/htdocs/www/Remanente-LMS-Re/vendor/laravel/framework/src/Illuminate/Foundation/Http/Middleware/VerifyCsrfToken.php(78): Illuminate/Pipeline/Pipeline->Illuminate/Pipeline/{closure}(Object(Illuminate/Http/Request))
#28 C:/xampp/htdocs/www/Remanente-LMS-Re/vendor/laravel/framework/src/Illuminate/Pipeline/Pipeline.php(183): Illuminate/Foundation/Http/Middleware/VerifyCsrfToken->handle(Object(Illuminate/Http/Request), Object(Closure))
#29 C:/xampp/htdocs/www/Remanente-LMS-Re/vendor/laravel/framework/src/Illuminate/View/Middleware/ShareErrorsFromSession.php(49): Illuminate/Pipeline/Pipeline->Illuminate/Pipeline/{closure}(Object(Illuminate/Http/Request))
#30 C:/xampp/htdocs/www/Remanente-LMS-Re/vendor/laravel/framework/src/Illuminate/Pipeline/Pipeline.php(183): Illuminate/View/Middleware/ShareErrorsFromSession->handle(Object(Illuminate/Http/Request), Object(Closure))
#31 C:/xampp/htdocs/www/Remanente-LMS-Re/vendor/laravel/framework/src/Illuminate/Session/Middleware/StartSession.php(121): Illuminate/Pipeline/Pipeline->Illuminate/Pipeline/{closure}(Object(Illuminate/Http/Request))
#32 C:/xampp/htdocs/www/Remanente-LMS-Re/vendor/laravel/framework/src/Illuminate/Session/Middleware/StartSession.php(64): Illuminate/Session/Middleware/StartSession->handleStatefulRequest(Object(Illuminate/Http/Request), Object(Illuminate/Session/Store), Object(Closure))
#33 C:/xampp/htdocs/www/Remanente-LMS-Re/vendor/laravel/framework/src/Illuminate/Pipeline/Pipeline.php(183): Illuminate/Session/Middleware/StartSession->handle(Object(Illuminate/Http/Request), Object(Closure))
#34 C:/xampp/htdocs/www/Remanente-LMS-Re/vendor/laravel/framework/src/Illuminate/Cookie/Middleware/AddQueuedCookiesToResponse.php(37): Illuminate/Pipeline/Pipeline->Illuminate/Pipeline/{closure}(Object(Illuminate/Http/Request))
#35 C:/xampp/htdocs/www/Remanente-LMS-Re/vendor/laravel/framework/src/Illuminate/Pipeline/Pipeline.php(183): Illuminate/Cookie/Middleware/AddQueuedCookiesToResponse->handle(Object(Illuminate/Http/Request), Object(Closure))
#36 C:/xampp/htdocs/www/Remanente-LMS-Re/vendor/laravel/framework/src/Illuminate/Cookie/Middleware/EncryptCookies.php(67): Illuminate/Pipeline/Pipeline->Illuminate/Pipeline/{closure}(Object(Illuminate/Http/Request))
#37 C:/xampp/htdocs/www/Remanente-LMS-Re/vendor/laravel/framework/src/Illuminate/Pipeline/Pipeline.php(183): Illuminate/Cookie/Middleware/EncryptCookies->handle(Object(Illuminate/Http/Request), Object(Closure))
#38 C:/xampp/htdocs/www/Remanente-LMS-Re/vendor/laravel/framework/src/Illuminate/Pipeline/Pipeline.php(119): Illuminate/Pipeline/Pipeline->Illuminate/Pipeline/{closure}(Object(Illuminate/Http/Request))
#39 C:/xampp/htdocs/www/Remanente-LMS-Re/vendor/laravel/framework/src/Illuminate/Routing/Router.php(805): Illuminate/Pipeline/Pipeline->then(Object(Closure))
#40 C:/xampp/htdocs/www/Remanente-LMS-Re/vendor/laravel/framework/src/Illuminate/Routing/Router.php(784): Illuminate/Routing/Router->runRouteWithinStack(Object(Illuminate/Routing/Route), Object(Illuminate/Http/Request))
#41 C:/xampp/htdocs/www/Remanente-LMS-Re/vendor/laravel/framework/src/Illuminate/Routing/Router.php(748): Illuminate/Routing/Router->runRoute(Object(Illuminate/Http/Request), Object(Illuminate/Routing/Route))
#42 C:/xampp/htdocs/www/Remanente-LMS-Re/vendor/laravel/framework/src/Illuminate/Routing/Router.php(737): Illuminate/Routing/Router->dispatchToRoute(Object(Illuminate/Http/Request))
#43 C:/xampp/htdocs/www/Remanente-LMS-Re/vendor/laravel/framework/src/Illuminate/Foundation/Http/Kernel.php(200): Illuminate/Routing/Router->dispatch(Object(Illuminate/Http/Request))
#44 C:/xampp/htdocs/www/Remanente-LMS-Re/vendor/laravel/framework/src/Illuminate/Pipeline/Pipeline.php(144): Illuminate/Foundation/Http/Kernel->Illuminate/Foundation/Http/{closure}(Object(Illuminate/Http/Request))
#45 C:/xampp/htdocs/www/Remanente-LMS-Re/vendor/livewire/livewire/src/Features/SupportDisablingBackButtonCache/DisableBackButtonCacheMiddleware.php(19): Illuminate/Pipeline/Pipeline->Illuminate/Pipeline/{closure}(Object(Illuminate/Http/Request))
#46 C:/xampp/htdocs/www/Remanente-LMS-Re/vendor/laravel/framework/src/Illuminate/Pipeline/Pipeline.php(183): Livewire/Features/SupportDisablingBackButtonCache/DisableBackButtonCacheMiddleware->handle(Object(Illuminate/Http/Request), Object(Closure))
#47 C:/xampp/htdocs/www/Remanente-LMS-Re/vendor/barryvdh/laravel-debugbar/src/Middleware/InjectDebugbar.php(66): Illuminate/Pipeline/Pipeline->Illuminate/Pipeline/{closure}(Object(Illuminate/Http/Request))
#48 C:/xampp/htdocs/www/Remanente-LMS-Re/vendor/laravel/framework/src/Illuminate/Pipeline/Pipeline.php(183): Barryvdh/Debugbar/Middleware/InjectDebugbar->handle(Object(Illuminate/Http/Request), Object(Closure))
#49 C:/xampp/htdocs/www/Remanente-LMS-Re/vendor/laravel/framework/src/Illuminate/Foundation/Http/Middleware/TransformsRequest.php(21): Illuminate/Pipeline/Pipeline->Illuminate/Pipeline/{closure}(Object(Illuminate/Http/Request))
#50 C:/xampp/htdocs/www/Remanente-LMS-Re/vendor/laravel/framework/src/Illuminate/Foundation/Http/Middleware/ConvertEmptyStringsToNull.php(31): Illuminate/Foundation/Http/Middleware/TransformsRequest->handle(Object(Illuminate/Http/Request), Object(Closure))
#51 C:/xampp/htdocs/www/Remanente-LMS-Re/vendor/laravel/framework/src/Illuminate/Pipeline/Pipeline.php(183): Illuminate/Foundation/Http/Middleware/ConvertEmptyStringsToNull->handle(Object(Illuminate/Http/Request), Object(Closure))
#52 C:/xampp/htdocs/www/Remanente-LMS-Re/vendor/laravel/framework/src/Illuminate/Foundation/Http/Middleware/TransformsRequest.php(21): Illuminate/Pipeline/Pipeline->Illuminate/Pipeline/{closure}(Object(Illuminate/Http/Request))
#53 C:/xampp/htdocs/www/Remanente-LMS-Re/vendor/laravel/framework/src/Illuminate/Foundation/Http/Middleware/TrimStrings.php(40): Illuminate/Foundation/Http/Middleware/TransformsRequest->handle(Object(Illuminate/Http/Request), Object(Closure))
#54 C:/xampp/htdocs/www/Remanente-LMS-Re/vendor/laravel/framework/src/Illuminate/Pipeline/Pipeline.php(183): Illuminate/Foundation/Http/Middleware/TrimStrings->handle(Object(Illuminate/Http/Request), Object(Closure))
#55 C:/xampp/htdocs/www/Remanente-LMS-Re/vendor/laravel/framework/src/Illuminate/Foundation/Http/Middleware/ValidatePostSize.php(27): Illuminate/Pipeline/Pipeline->Illuminate/Pipeline/{closure}(Object(Illuminate/Http/Request))
#56 C:/xampp/htdocs/www/Remanente-LMS-Re/vendor/laravel/framework/src/Illuminate/Pipeline/Pipeline.php(183): Illuminate/Foundation/Http/Middleware/ValidatePostSize->handle(Object(Illuminate/Http/Request), Object(Closure))
#57 C:/xampp/htdocs/www/Remanente-LMS-Re/vendor/laravel/framework/src/Illuminate/Foundation/Http/Middleware/PreventRequestsDuringMaintenance.php(99): Illuminate/Pipeline/Pipeline->Illuminate/Pipeline/{closure}(Object(Illuminate/Http/Request))
#58 C:/xampp/htdocs/www/Remanente-LMS-Re/vendor/laravel/framework/src/Illuminate/Pipeline/Pipeline.php(183): Illuminate/Foundation/Http/Middleware/PreventRequestsDuringMaintenance->handle(Object(Illuminate/Http/Request), Object(Closure))
#59 C:/xampp/htdocs/www/Remanente-LMS-Re/vendor/laravel/framework/src/Illuminate/Http/Middleware/HandleCors.php(49): Illuminate/Pipeline/Pipeline->Illuminate/Pipeline/{closure}(Object(Illuminate/Http/Request))
#60 C:/xampp/htdocs/www/Remanente-LMS-Re/vendor/laravel/framework/src/Illuminate/Pipeline/Pipeline.php(183): Illuminate/Http/Middleware/HandleCors->handle(Object(Illuminate/Http/Request), Object(Closure))
#61 C:/xampp/htdocs/www/Remanente-LMS-Re/vendor/laravel/framework/src/Illuminate/Http/Middleware/TrustProxies.php(39): Illuminate/Pipeline/Pipeline->Illuminate/Pipeline/{closure}(Object(Illuminate/Http/Request))
#62 C:/xampp/htdocs/www/Remanente-LMS-Re/vendor/laravel/framework/src/Illuminate/Pipeline/Pipeline.php(183): Illuminate/Http/Middleware/TrustProxies->handle(Object(Illuminate/Http/Request), Object(Closure))
#63 C:/xampp/htdocs/www/Remanente-LMS-Re/vendor/laravel/framework/src/Illuminate/Pipeline/Pipeline.php(119): Illuminate/Pipeline/Pipeline->Illuminate/Pipeline/{closure}(Object(Illuminate/Http/Request))
#64 C:/xampp/htdocs/www/Remanente-LMS-Re/vendor/laravel/framework/src/Illuminate/Foundation/Http/Kernel.php(175): Illuminate/Pipeline/Pipeline->then(Object(Closure))
#65 C:/xampp/htdocs/www/Remanente-LMS-Re/vendor/laravel/framework/src/Illuminate/Foundation/Http/Kernel.php(144): Illuminate/Foundation/Http/Kernel->sendRequestThroughRouter(Object(Illuminate/Http/Request))
#66 C:/xampp/htdocs/www/Remanente-LMS-Re/public/index.php(51): Illuminate/Foundation/Http/Kernel->handle(Object(Illuminate/Http/Request))
#67 C:/xampp/htdocs/www/Remanente-LMS-Re/vendor/laravel/framework/src/Illuminate/Foundation/resources/server.php(16): require_once('C://xampp//htdocs...')
#68 {main}
"} 
[2026-08-31 10:43:58] local.ERROR: Undefined variable $calificacions {"view":{"view":"C:\\xampp\\htdocs\\www\\Remanente-LMS-Re\\resources\\views\\estudiante\\index.blade.php","data":{"errors":"<pre class=sf-dump id=sf-dump-503651624 data-indent-pad=\"  \"><span class=sf-dump-note>Illuminate\\Support\\ViewErrorBag</span> {<a class=sf-dump-ref>#1766</a><samp data-depth=1 class=sf-dump-expanded>
  #<span class=sf-dump-protected title=\"Protected property\">bags</span>: []
</samp>}
</pre><script>Sfdump(\"sf-dump-503651624\", {\"maxDepth\":3,\"maxStringLength\":160})</script>
","promedios":"<pre class=sf-dump id=sf-dump-64747582 data-indent-pad=\"  \"><span class=sf-dump-note>array:1</span> [<samp data-depth=1 class=sf-dump-expanded>
  <span class=sf-dump-key>1</span> => <span class=sf-dump-note>array:9</span> [<samp data-depth=2 class=sf-dump-compact>
    \"<span class=sf-dump-key>curso</span>\" => <span class=\"sf-dump-note sf-dump-ellipsization\" title=\"App\\Models\\Curso
\"><span class=\"sf-dump-ellipsis sf-dump-ellipsis-note\">App\\Models</span><span class=\"sf-dump-ellipsis sf-dump-ellipsis-note\">\\</span><span class=\"sf-dump-ellipsis-tail\">Curso</span></span> {<a class=sf-dump-ref>#1869</a><samp data-depth=3 class=sf-dump-compact>
      #<span class=sf-dump-protected title=\"Protected property\">connection</span>: \"<span class=sf-dump-str title=\"5 characters\">mysql</span>\"
      #<span class=sf-dump-protected title=\"Protected property\">table</span>: \"<span class=sf-dump-str title=\"6 characters\">cursos</span>\"
      #<span class=sf-dump-protected title=\"Protected property\">primaryKey</span>: \"<span class=sf-dump-str title=\"2 characters\">id</span>\"
      #<span class=sf-dump-protected title=\"Protected property\">keyType</span>: \"<span class=sf-dump-str title=\"3 characters\">int</span>\"
      +<span class=sf-dump-public title=\"Public property\">incrementing</span>: <span class=sf-dump-const>true</span>
      #<span class=sf-dump-protected title=\"Protected property\">with</span>: []
      #<span class=sf-dump-protected title=\"Protected property\">withCount</span>: []
      +<span class=sf-dump-public title=\"Public property\">preventsLazyLoading</span>: <span class=sf-dump-const>false</span>
      #<span class=sf-dump-protected title=\"Protected property\">perPage</span>: <span class=sf-dump-num>15</span>
      +<span class=sf-dump-public title=\"Public property\">exists</span>: <span class=sf-dump-const>true</span>
      +<span class=sf-dump-public title=\"Public property\">wasRecentlyCreated</span>: <span class=sf-dump-const>false</span>
      #<span class=sf-dump-protected title=\"Protected property\">escapeWhenCastingToString</span>: <span class=sf-dump-const>false</span>
      #<span class=sf-dump-protected title=\"Protected property\">attributes</span>: <span class=sf-dump-note>array:10</span> [ &#8230;10]
      #<span class=sf-dump-protected title=\"Protected property\">original</span>: <span class=sf-dump-note>array:14</span> [ &#8230;14]
      #<span class=sf-dump-protected title=\"Protected property\">changes</span>: []
      #<span class=sf-dump-protected title=\"Protected property\">casts</span>: <span class=sf-dump-note>array:2</span> [ &#8230;2]
      #<span class=sf-dump-protected title=\"Protected property\">classCastCache</span>: []
      #<span class=sf-dump-protected title=\"Protected property\">attributeCastCache</span>: []
      #<span class=sf-dump-protected title=\"Protected property\">dateFormat</span>: <span class=sf-dump-const>null</span>
      #<span class=sf-dump-protected title=\"Protected property\">appends</span>: []
      #<span class=sf-dump-protected title=\"Protected property\">dispatchesEvents</span>: []
      #<span class=sf-dump-protected title=\"Protected property\">observables</span>: []
      #<span class=sf-dump-protected title=\"Protected property\">relations</span>: <span class=sf-dump-note>array:2</span> [ &#8230;2]
      #<span class=sf-dump-protected title=\"Protected property\">touches</span>: []
      +<span class=sf-dump-public title=\"Public property\">timestamps</span>: <span class=sf-dump-const>true</span>
      +<span class=sf-dump-public title=\"Public property\">usesUniqueIds</span>: <span class=sf-dump-const>false</span>
      #<span class=sf-dump-protected title=\"Protected property\">hidden</span>: []
      #<span class=sf-dump-protected title=\"Protected property\">visible</span>: []
      #<span class=sf-dump-protected title=\"Protected property\">fillable</span>: <span class=sf-dump-note>array:7</span> [ &#8230;7]
      #<span class=sf-dump-protected title=\"Protected property\">guarded</span>: <span class=sf-dump-note>array:1</span> [ &#8230;1]
    </samp>}
    \"<span class=sf-dump-key>promedio</span>\" => <span class=sf-dump-num>3.4</span>
    \"<span class=sf-dump-key>promedio_curso</span>\" => <span class=sf-dump-num>3.1</span>
    \"<span class=sf-dump-key>total_calificaciones</span>\" => <span class=sf-dump-num>7</span>
    \"<span class=sf-dump-key>total_tareas_curso</span>\" => <span class=sf-dump-num>8</span>
    \"<span class=sf-dump-key>porcentaje_completado</span>\" => <span class=sf-dump-num>88.0</span>
    \"<span class=sf-dump-key>aprobado</span>\" => <span class=sf-dump-const>true</span>
    \"<span class=sf-dump-key>puede_descargar</span>\" => <span class=sf-dump-const>false</span>
    \"<span class=sf-dump-key>razon_bloqueo</span>\" => \"<span class=sf-dump-str title=\"40 characters\">A&#250;n tienes tareas pendientes por evaluar</span>\"
  </samp>]
</samp>]
</pre><script>Sfdump(\"sf-dump-64747582\", {\"maxDepth\":3,\"maxStringLength\":160})</script>
","estudiante":"<pre class=sf-dump id=sf-dump-1704890469 data-indent-pad=\"  \"><span class=sf-dump-note>App\\Models\\Estudiante</span> {<a class=sf-dump-ref>#1782</a><samp data-depth=1 class=sf-dump-expanded>
  #<span class=sf-dump-protected title=\"Protected property\">connection</span>: \"<span class=sf-dump-str title=\"5 characters\">mysql</span>\"
  #<span class=sf-dump-protected title=\"Protected property\">table</span>: \"<span class=sf-dump-str title=\"11 characters\">estudiantes</span>\"
  #<span class=sf-dump-protected title=\"Protected property\">primaryKey</span>: \"<span class=sf-dump-str title=\"2 characters\">id</span>\"
  #<span class=sf-dump-protected title=\"Protected property\">keyType</span>: \"<span class=sf-dump-str title=\"3 characters\">int</span>\"
  +<span class=sf-dump-public title=\"Public property\">incrementing</span>: <span class=sf-dump-const>true</span>
  #<span class=sf-dump-protected title=\"Protected property\">with</span>: []
  #<span class=sf-dump-protected title=\"Protected property\">withCount</span>: []
  +<span class=sf-dump-public title=\"Public property\">preventsLazyLoading</span>: <span class=sf-dump-const>false</span>
  #<span class=sf-dump-protected title=\"Protected property\">perPage</span>: <span class=sf-dump-num>15</span>
  +<span class=sf-dump-public title=\"Public property\">exists</span>: <span class=sf-dump-const>true</span>
  +<span class=sf-dump-public title=\"Public property\">wasRecentlyCreated</span>: <span class=sf-dump-const>false</span>
  #<span class=sf-dump-protected title=\"Protected property\">escapeWhenCastingToString</span>: <span class=sf-dump-const>false</span>
  #<span class=sf-dump-protected title=\"Protected property\">attributes</span>: <span class=sf-dump-note>array:10</span> [<samp data-depth=2 class=sf-dump-compact>
    \"<span class=sf-dump-key>id</span>\" => <span class=sf-dump-num>1</span>
    \"<span class=sf-dump-key>cc</span>\" => \"<span class=sf-dump-str title=\"8 characters\">12312753</span>\"
    \"<span class=sf-dump-key>genero</span>\" => \"<span class=sf-dump-str>M</span>\"
    \"<span class=sf-dump-key>telefono</span>\" => \"<span class=sf-dump-str title=\"8 characters\">12395113</span>\"
    \"<span class=sf-dump-key>direccion</span>\" => \"<span class=sf-dump-str title=\"11 characters\">Cll 9 oeste</span>\"
    \"<span class=sf-dump-key>contacto_emergencia</span>\" => \"<span class=sf-dump-str title=\"8 characters\">65495113</span>\"
    \"<span class=sf-dump-key>observaciones</span>\" => \"<span class=sf-dump-str title=\"30 characters\">le irrita estar cerca del povo</span>\"
    \"<span class=sf-dump-key>user_id</span>\" => <span class=sf-dump-num>9</span>
    \"<span class=sf-dump-key>created_at</span>\" => \"<span class=sf-dump-str title=\"19 characters\">2026-08-31 10:00:14</span>\"
    \"<span class=sf-dump-key>updated_at</span>\" => \"<span class=sf-dump-str title=\"19 characters\">2026-08-31 10:00:14</span>\"
  </samp>]
  #<span class=sf-dump-protected title=\"Protected property\">original</span>: <span class=sf-dump-note>array:10</span> [<samp data-depth=2 class=sf-dump-compact>
    \"<span class=sf-dump-key>id</span>\" => <span class=sf-dump-num>1</span>
    \"<span class=sf-dump-key>cc</span>\" => \"<span class=sf-dump-str title=\"8 characters\">12312753</span>\"
    \"<span class=sf-dump-key>genero</span>\" => \"<span class=sf-dump-str>M</span>\"
    \"<span class=sf-dump-key>telefono</span>\" => \"<span class=sf-dump-str title=\"8 characters\">12395113</span>\"
    \"<span class=sf-dump-key>direccion</span>\" => \"<span class=sf-dump-str title=\"11 characters\">Cll 9 oeste</span>\"
    \"<span class=sf-dump-key>contacto_emergencia</span>\" => \"<span class=sf-dump-str title=\"8 characters\">65495113</span>\"
    \"<span class=sf-dump-key>observaciones</span>\" => \"<span class=sf-dump-str title=\"30 characters\">le irrita estar cerca del povo</span>\"
    \"<span class=sf-dump-key>user_id</span>\" => <span class=sf-dump-num>9</span>
    \"<span class=sf-dump-key>created_at</span>\" => \"<span class=sf-dump-str title=\"19 characters\">2026-08-31 10:00:14</span>\"
    \"<span class=sf-dump-key>updated_at</span>\" => \"<span class=sf-dump-str title=\"19 characters\">2026-08-31 10:00:14</span>\"
  </samp>]
  #<span class=sf-dump-protected title=\"Protected property\">changes</span>: []
  #<span class=sf-dump-protected title=\"Protected property\">casts</span>: []
  #<span class=sf-dump-protected title=\"Protected property\">classCastCache</span>: []
  #<span class=sf-dump-protected title=\"Protected property\">attributeCastCache</span>: []
  #<span class=sf-dump-protected title=\"Protected property\">dateFormat</span>: <span class=sf-dump-const>null</span>
  #<span class=sf-dump-protected title=\"Protected property\">appends</span>: <span class=sf-dump-note>array:2</span> [<samp data-depth=2 class=sf-dump-compact>
    <span class=sf-dump-index>0</span> => \"<span class=sf-dump-str title=\"7 characters\">nombres</span>\"
    <span class=sf-dump-index>1</span> => \"<span class=sf-dump-str title=\"9 characters\">apellidos</span>\"
  </samp>]
  #<span class=sf-dump-protected title=\"Protected property\">dispatchesEvents</span>: []
  #<span class=sf-dump-protected title=\"Protected property\">observables</span>: []
  #<span class=sf-dump-protected title=\"Protected property\">relations</span>: <span class=sf-dump-note>array:2</span> [<samp data-depth=2 class=sf-dump-compact>
    \"<span class=sf-dump-key>calificaciones</span>\" => <span class=\"sf-dump-note sf-dump-ellipsization\" title=\"Illuminate\\Database\\Eloquent\\Collection
\"><span class=\"sf-dump-ellipsis sf-dump-ellipsis-note\">Illuminate\\Database\\Eloquent</span><span class=\"sf-dump-ellipsis sf-dump-ellipsis-note\">\\</span><span class=\"sf-dump-ellipsis-tail\">Collection</span></span> {<a class=sf-dump-ref>#1865</a><samp data-depth=3 class=sf-dump-compact>
      #<span class=sf-dump-protected title=\"Protected property\">items</span>: <span class=sf-dump-note>array:7</span> [ &#8230;7]
      #<span class=sf-dump-protected title=\"Protected property\">escapeWhenCastingToString</span>: <span class=sf-dump-const>false</span>
    </samp>}
    \"<span class=sf-dump-key>cursos</span>\" => <span class=\"sf-dump-note sf-dump-ellipsization\" title=\"Illuminate\\Database\\Eloquent\\Collection
\"><span class=\"sf-dump-ellipsis sf-dump-ellipsis-note\">Illuminate\\Database\\Eloquent</span><span class=\"sf-dump-ellipsis sf-dump-ellipsis-note\">\\</span><span class=\"sf-dump-ellipsis-tail\">Collection</span></span> {<a class=sf-dump-ref>#1868</a><samp data-depth=3 class=sf-dump-compact>
      #<span class=sf-dump-protected title=\"Protected property\">items</span>: <span class=sf-dump-note>array:1</span> [ &#8230;1]
      #<span class=sf-dump-protected title=\"Protected property\">escapeWhenCastingToString</span>: <span class=sf-dump-const>false</span>
    </samp>}
  </samp>]
  #<span class=sf-dump-protected title=\"Protected property\">touches</span>: []
  +<span class=sf-dump-public title=\"Public property\">timestamps</span>: <span class=sf-dump-const>true</span>
  +<span class=sf-dump-public title=\"Public property\">usesUniqueIds</span>: <span class=sf-dump-const>false</span>
  #<span class=sf-dump-protected title=\"Protected property\">hidden</span>: []
  #<span class=sf-dump-protected title=\"Protected property\">visible</span>: []
  #<span class=sf-dump-protected title=\"Protected property\">fillable</span>: <span class=sf-dump-note>array:8</span> [<samp data-depth=2 class=sf-dump-compact>
    <span class=sf-dump-index>0</span> => \"<span class=sf-dump-str title=\"2 characters\">cc</span>\"
    <span class=sf-dump-index>1</span> => \"<span class=sf-dump-str title=\"6 characters\">genero</span>\"
    <span class=sf-dump-index>2</span> => \"<span class=sf-dump-str title=\"8 characters\">telefono</span>\"
    <span class=sf-dump-index>3</span> => \"<span class=sf-dump-str title=\"5 characters\">email</span>\"
    <span class=sf-dump-index>4</span> => \"<span class=sf-dump-str title=\"9 characters\">direccion</span>\"
    <span class=sf-dump-index>5</span> => \"<span class=sf-dump-str title=\"19 characters\">contacto_emergencia</span>\"
    <span class=sf-dump-index>6</span> => \"<span class=sf-dump-str title=\"13 characters\">observaciones</span>\"
    <span class=sf-dump-index>7</span> => \"<span class=sf-dump-str title=\"7 characters\">user_id</span>\"
  </samp>]
  #<span class=sf-dump-protected title=\"Protected property\">guarded</span>: <span class=sf-dump-note>array:1</span> [<samp data-depth=2 class=sf-dump-compact>
    <span class=sf-dump-index>0</span> => \"<span class=sf-dump-str>*</span>\"
  </samp>]
  #<span class=sf-dump-protected title=\"Protected property\">guard_name</span>: \"<span class=sf-dump-str title=\"3 characters\">web</span>\"
  -<span class=sf-dump-private title=\"Private property defined in class:&#10;`App\\Models\\Estudiante`\">roleClass</span>: <span class=sf-dump-const>null</span>
  -<span class=sf-dump-private title=\"Private property defined in class:&#10;`App\\Models\\Estudiante`\">permissionClass</span>: <span class=sf-dump-const>null</span>
  -<span class=sf-dump-private title=\"Private property defined in class:&#10;`App\\Models\\Estudiante`\">wildcardClass</span>: <span class=sf-dump-const>null</span>
  -<span class=sf-dump-private title=\"Private property defined in class:&#10;`App\\Models\\Estudiante`\">wildcardPermissionsIndex</span>: <span class=sf-dump-const title=\"Uninitialized property\">? array</span>
</samp>}
</pre><script>Sfdump(\"sf-dump-1704890469\", {\"maxDepth\":3,\"maxStringLength\":160})</script>
"}},"userId":9,"exception":"[object] (Spatie\\LaravelIgnition\\Exceptions\\ViewException(code: 0): Undefined variable $calificacions at C:/xampp/htdocs/www/Remanente-LMS-Re/resources/views/estudiante/index.blade.php:63)
[stacktrace]
#0 C:/xampp/htdocs/www/Remanente-LMS-Re/vendor/laravel/framework/src/Illuminate/Filesystem/Filesystem.php(123): require('C://xampp//htdocs...')
#1 C:/xampp/htdocs/www/Remanente-LMS-Re/vendor/laravel/framework/src/Illuminate/Filesystem/Filesystem.php(124): Illuminate/Filesystem/Filesystem::Illuminate/Filesystem/{closure}()
#2 C:/xampp/htdocs/www/Remanente-LMS-Re/vendor/laravel/framework/src/Illuminate/View/Engines/PhpEngine.php(58): Illuminate/Filesystem/Filesystem->getRequire('C://xampp//htdocs...', Array)
#3 C:/xampp/htdocs/www/Remanente-LMS-Re/vendor/livewire/livewire/src/Mechanisms/ExtendBlade/ExtendedCompilerEngine.php(22): Illuminate/View/Engines/PhpEngine->evaluatePath('C://xampp//htdocs...', Array)
#4 C:/xampp/htdocs/www/Remanente-LMS-Re/vendor/laravel/framework/src/Illuminate/View/Engines/CompilerEngine.php(72): Livewire/Mechanisms/ExtendBlade/ExtendedCompilerEngine->evaluatePath('C://xampp//htdocs...', Array)
#5 C:/xampp/htdocs/www/Remanente-LMS-Re/vendor/livewire/livewire/src/Mechanisms/ExtendBlade/ExtendedCompilerEngine.php(10): Illuminate/View/Engines/CompilerEngine->get('C://xampp//htdocs...', Array)
#6 C:/xampp/htdocs/www/Remanente-LMS-Re/vendor/laravel/framework/src/Illuminate/View/View.php(207): Livewire/Mechanisms/ExtendBlade/ExtendedCompilerEngine->get('C://xampp//htdocs...', Array)
#7 C:/xampp/htdocs/www/Remanente-LMS-Re/vendor/laravel/framework/src/Illuminate/View/View.php(190): Illuminate/View/View->getContents()
#8 C:/xampp/htdocs/www/Remanente-LMS-Re/vendor/laravel/framework/src/Illuminate/View/View.php(159): Illuminate/View/View->renderContents()
#9 C:/xampp/htdocs/www/Remanente-LMS-Re/vendor/laravel/framework/src/Illuminate/Http/Response.php(69): Illuminate/View/View->render()
#10 C:/xampp/htdocs/www/Remanente-LMS-Re/vendor/laravel/framework/src/Illuminate/Http/Response.php(35): Illuminate/Http/Response->setContent(Object(Illuminate/View/View))
#11 C:/xampp/htdocs/www/Remanente-LMS-Re/vendor/laravel/framework/src/Illuminate/Routing/Router.php(918): Illuminate/Http/Response->__construct(Object(Illuminate/View/View), 200, Array)
#12 C:/xampp/htdocs/www/Remanente-LMS-Re/vendor/laravel/framework/src/Illuminate/Routing/Router.php(885): Illuminate/Routing/Router::toResponse(Object(Illuminate/Http/Request), Object(Illuminate/View/View))
#13 C:/xampp/htdocs/www/Remanente-LMS-Re/vendor/laravel/framework/src/Illuminate/Routing/Router.php(805): Illuminate/Routing/Router->prepareResponse(Object(Illuminate/Http/Request), Object(Illuminate/View/View))
#14 C:/xampp/htdocs/www/Remanente-LMS-Re/vendor/laravel/framework/src/Illuminate/Pipeline/Pipeline.php(144): Illuminate/Routing/Router->Illuminate/Routing/{closure}(Object(Illuminate/Http/Request))
#15 C:/xampp/htdocs/www/Remanente-LMS-Re/vendor/spatie/laravel-permission/src/Middleware/RoleMiddleware.php(37): Illuminate/Pipeline/Pipeline->Illuminate/Pipeline/{closure}(Object(Illuminate/Http/Request))
#16 C:/xampp/htdocs/www/Remanente-LMS-Re/vendor/laravel/framework/src/Illuminate/Pipeline/Pipeline.php(183): Spatie/Permission/Middleware/RoleMiddleware->handle(Object(Illuminate/Http/Request), Object(Closure), 'estudiante')
#17 C:/xampp/htdocs/www/Remanente-LMS-Re/vendor/barryvdh/laravel-debugbar/src/Middleware/InjectDebugbar.php(66): Illuminate/Pipeline/Pipeline->Illuminate/Pipeline/{closure}(Object(Illuminate/Http/Request))
#18 C:/xampp/htdocs/www/Remanente-LMS-Re/vendor/laravel/framework/src/Illuminate/Pipeline/Pipeline.php(183): Barryvdh/Debugbar/Middleware/InjectDebugbar->handle(Object(Illuminate/Http/Request), Object(Closure))
#19 C:/xampp/htdocs/www/Remanente-LMS-Re/app/Http/Middleware/EnsureProfileIsComplete.php(36): Illuminate/Pipeline/Pipeline->Illuminate/Pipeline/{closure}(Object(Illuminate/Http/Request))
#20 C:/xampp/htdocs/www/Remanente-LMS-Re/vendor/laravel/framework/src/Illuminate/Pipeline/Pipeline.php(183): App/Http/Middleware/EnsureProfileIsComplete->handle(Object(Illuminate/Http/Request), Object(Closure))
#21 C:/xampp/htdocs/www/Remanente-LMS-Re/vendor/laravel/framework/src/Illuminate/Routing/Middleware/SubstituteBindings.php(50): Illuminate/Pipeline/Pipeline->Illuminate/Pipeline/{closure}(Object(Illuminate/Http/Request))
#22 C:/xampp/htdocs/www/Remanente-LMS-Re/vendor/laravel/framework/src/Illuminate/Pipeline/Pipeline.php(183): Illuminate/Routing/Middleware/SubstituteBindings->handle(Object(Illuminate/Http/Request), Object(Closure))
#23 C:/xampp/htdocs/www/Remanente-LMS-Re/vendor/laravel/framework/src/Illuminate/Auth/Middleware/Authenticate.php(57): Illuminate/Pipeline/Pipeline->Illuminate/Pipeline/{closure}(Object(Illuminate/Http/Request))
#24 C:/xampp/htdocs/www/Remanente-LMS-Re/vendor/laravel/framework/src/Illuminate/Pipeline/Pipeline.php(183): Illuminate/Auth/Middleware/Authenticate->handle(Object(Illuminate/Http/Request), Object(Closure))
#25 C:/xampp/htdocs/www/Remanente-LMS-Re/vendor/laravel/framework/src/Illuminate/Foundation/Http/Middleware/VerifyCsrfToken.php(78): Illuminate/Pipeline/Pipeline->Illuminate/Pipeline/{closure}(Object(Illuminate/Http/Request))
#26 C:/xampp/htdocs/www/Remanente-LMS-Re/vendor/laravel/framework/src/Illuminate/Pipeline/Pipeline.php(183): Illuminate/Foundation/Http/Middleware/VerifyCsrfToken->handle(Object(Illuminate/Http/Request), Object(Closure))
#27 C:/xampp/htdocs/www/Remanente-LMS-Re/vendor/laravel/framework/src/Illuminate/View/Middleware/ShareErrorsFromSession.php(49): Illuminate/Pipeline/Pipeline->Illuminate/Pipeline/{closure}(Object(Illuminate/Http/Request))
#28 C:/xampp/htdocs/www/Remanente-LMS-Re/vendor/laravel/framework/src/Illuminate/Pipeline/Pipeline.php(183): Illuminate/View/Middleware/ShareErrorsFromSession->handle(Object(Illuminate/Http/Request), Object(Closure))
#29 C:/xampp/htdocs/www/Remanente-LMS-Re/vendor/laravel/framework/src/Illuminate/Session/Middleware/StartSession.php(121): Illuminate/Pipeline/Pipeline->Illuminate/Pipeline/{closure}(Object(Illuminate/Http/Request))
#30 C:/xampp/htdocs/www/Remanente-LMS-Re/vendor/laravel/framework/src/Illuminate/Session/Middleware/StartSession.php(64): Illuminate/Session/Middleware/StartSession->handleStatefulRequest(Object(Illuminate/Http/Request), Object(Illuminate/Session/Store), Object(Closure))
#31 C:/xampp/htdocs/www/Remanente-LMS-Re/vendor/laravel/framework/src/Illuminate/Pipeline/Pipeline.php(183): Illuminate/Session/Middleware/StartSession->handle(Object(Illuminate/Http/Request), Object(Closure))
#32 C:/xampp/htdocs/www/Remanente-LMS-Re/vendor/laravel/framework/src/Illuminate/Cookie/Middleware/AddQueuedCookiesToResponse.php(37): Illuminate/Pipeline/Pipeline->Illuminate/Pipeline/{closure}(Object(Illuminate/Http/Request))
#33 C:/xampp/htdocs/www/Remanente-LMS-Re/vendor/laravel/framework/src/Illuminate/Pipeline/Pipeline.php(183): Illuminate/Cookie/Middleware/AddQueuedCookiesToResponse->handle(Object(Illuminate/Http/Request), Object(Closure))
#34 C:/xampp/htdocs/www/Remanente-LMS-Re/vendor/laravel/framework/src/Illuminate/Cookie/Middleware/EncryptCookies.php(67): Illuminate/Pipeline/Pipeline->Illuminate/Pipeline/{closure}(Object(Illuminate/Http/Request))
#35 C:/xampp/htdocs/www/Remanente-LMS-Re/vendor/laravel/framework/src/Illuminate/Pipeline/Pipeline.php(183): Illuminate/Cookie/Middleware/EncryptCookies->handle(Object(Illuminate/Http/Request), Object(Closure))
#36 C:/xampp/htdocs/www/Remanente-LMS-Re/vendor/laravel/framework/src/Illuminate/Pipeline/Pipeline.php(119): Illuminate/Pipeline/Pipeline->Illuminate/Pipeline/{closure}(Object(Illuminate/Http/Request))
#37 C:/xampp/htdocs/www/Remanente-LMS-Re/vendor/laravel/framework/src/Illuminate/Routing/Router.php(805): Illuminate/Pipeline/Pipeline->then(Object(Closure))
#38 C:/xampp/htdocs/www/Remanente-LMS-Re/vendor/laravel/framework/src/Illuminate/Routing/Router.php(784): Illuminate/Routing/Router->runRouteWithinStack(Object(Illuminate/Routing/Route), Object(Illuminate/Http/Request))
#39 C:/xampp/htdocs/www/Remanente-LMS-Re/vendor/laravel/framework/src/Illuminate/Routing/Router.php(748): Illuminate/Routing/Router->runRoute(Object(Illuminate/Http/Request), Object(Illuminate/Routing/Route))
#40 C:/xampp/htdocs/www/Remanente-LMS-Re/vendor/laravel/framework/src/Illuminate/Routing/Router.php(737): Illuminate/Routing/Router->dispatchToRoute(Object(Illuminate/Http/Request))
#41 C:/xampp/htdocs/www/Remanente-LMS-Re/vendor/laravel/framework/src/Illuminate/Foundation/Http/Kernel.php(200): Illuminate/Routing/Router->dispatch(Object(Illuminate/Http/Request))
#42 C:/xampp/htdocs/www/Remanente-LMS-Re/vendor/laravel/framework/src/Illuminate/Pipeline/Pipeline.php(144): Illuminate/Foundation/Http/Kernel->Illuminate/Foundation/Http/{closure}(Object(Illuminate/Http/Request))
#43 C:/xampp/htdocs/www/Remanente-LMS-Re/vendor/livewire/livewire/src/Features/SupportDisablingBackButtonCache/DisableBackButtonCacheMiddleware.php(19): Illuminate/Pipeline/Pipeline->Illuminate/Pipeline/{closure}(Object(Illuminate/Http/Request))
#44 C:/xampp/htdocs/www/Remanente-LMS-Re/vendor/laravel/framework/src/Illuminate/Pipeline/Pipeline.php(183): Livewire/Features/SupportDisablingBackButtonCache/DisableBackButtonCacheMiddleware->handle(Object(Illuminate/Http/Request), Object(Closure))
#45 C:/xampp/htdocs/www/Remanente-LMS-Re/vendor/barryvdh/laravel-debugbar/src/Middleware/InjectDebugbar.php(66): Illuminate/Pipeline/Pipeline->Illuminate/Pipeline/{closure}(Object(Illuminate/Http/Request))
#46 C:/xampp/htdocs/www/Remanente-LMS-Re/vendor/laravel/framework/src/Illuminate/Pipeline/Pipeline.php(183): Barryvdh/Debugbar/Middleware/InjectDebugbar->handle(Object(Illuminate/Http/Request), Object(Closure))
#47 C:/xampp/htdocs/www/Remanente-LMS-Re/vendor/laravel/framework/src/Illuminate/Foundation/Http/Middleware/TransformsRequest.php(21): Illuminate/Pipeline/Pipeline->Illuminate/Pipeline/{closure}(Object(Illuminate/Http/Request))
#48 C:/xampp/htdocs/www/Remanente-LMS-Re/vendor/laravel/framework/src/Illuminate/Foundation/Http/Middleware/ConvertEmptyStringsToNull.php(31): Illuminate/Foundation/Http/Middleware/TransformsRequest->handle(Object(Illuminate/Http/Request), Object(Closure))
#49 C:/xampp/htdocs/www/Remanente-LMS-Re/vendor/laravel/framework/src/Illuminate/Pipeline/Pipeline.php(183): Illuminate/Foundation/Http/Middleware/ConvertEmptyStringsToNull->handle(Object(Illuminate/Http/Request), Object(Closure))
#50 C:/xampp/htdocs/www/Remanente-LMS-Re/vendor/laravel/framework/src/Illuminate/Foundation/Http/Middleware/TransformsRequest.php(21): Illuminate/Pipeline/Pipeline->Illuminate/Pipeline/{closure}(Object(Illuminate/Http/Request))
#51 C:/xampp/htdocs/www/Remanente-LMS-Re/vendor/laravel/framework/src/Illuminate/Foundation/Http/Middleware/TrimStrings.php(40): Illuminate/Foundation/Http/Middleware/TransformsRequest->handle(Object(Illuminate/Http/Request), Object(Closure))
#52 C:/xampp/htdocs/www/Remanente-LMS-Re/vendor/laravel/framework/src/Illuminate/Pipeline/Pipeline.php(183): Illuminate/Foundation/Http/Middleware/TrimStrings->handle(Object(Illuminate/Http/Request), Object(Closure))
#53 C:/xampp/htdocs/www/Remanente-LMS-Re/vendor/laravel/framework/src/Illuminate/Foundation/Http/Middleware/ValidatePostSize.php(27): Illuminate/Pipeline/Pipeline->Illuminate/Pipeline/{closure}(Object(Illuminate/Http/Request))
#54 C:/xampp/htdocs/www/Remanente-LMS-Re/vendor/laravel/framework/src/Illuminate/Pipeline/Pipeline.php(183): Illuminate/Foundation/Http/Middleware/ValidatePostSize->handle(Object(Illuminate/Http/Request), Object(Closure))
#55 C:/xampp/htdocs/www/Remanente-LMS-Re/vendor/laravel/framework/src/Illuminate/Foundation/Http/Middleware/PreventRequestsDuringMaintenance.php(99): Illuminate/Pipeline/Pipeline->Illuminate/Pipeline/{closure}(Object(Illuminate/Http/Request))
#56 C:/xampp/htdocs/www/Remanente-LMS-Re/vendor/laravel/framework/src/Illuminate/Pipeline/Pipeline.php(183): Illuminate/Foundation/Http/Middleware/PreventRequestsDuringMaintenance->handle(Object(Illuminate/Http/Request), Object(Closure))
#57 C:/xampp/htdocs/www/Remanente-LMS-Re/vendor/laravel/framework/src/Illuminate/Http/Middleware/HandleCors.php(49): Illuminate/Pipeline/Pipeline->Illuminate/Pipeline/{closure}(Object(Illuminate/Http/Request))
#58 C:/xampp/htdocs/www/Remanente-LMS-Re/vendor/laravel/framework/src/Illuminate/Pipeline/Pipeline.php(183): Illuminate/Http/Middleware/HandleCors->handle(Object(Illuminate/Http/Request), Object(Closure))
#59 C:/xampp/htdocs/www/Remanente-LMS-Re/vendor/laravel/framework/src/Illuminate/Http/Middleware/TrustProxies.php(39): Illuminate/Pipeline/Pipeline->Illuminate/Pipeline/{closure}(Object(Illuminate/Http/Request))
#60 C:/xampp/htdocs/www/Remanente-LMS-Re/vendor/laravel/framework/src/Illuminate/Pipeline/Pipeline.php(183): Illuminate/Http/Middleware/TrustProxies->handle(Object(Illuminate/Http/Request), Object(Closure))
#61 C:/xampp/htdocs/www/Remanente-LMS-Re/vendor/laravel/framework/src/Illuminate/Pipeline/Pipeline.php(119): Illuminate/Pipeline/Pipeline->Illuminate/Pipeline/{closure}(Object(Illuminate/Http/Request))
#62 C:/xampp/htdocs/www/Remanente-LMS-Re/vendor/laravel/framework/src/Illuminate/Foundation/Http/Kernel.php(175): Illuminate/Pipeline/Pipeline->then(Object(Closure))
#63 C:/xampp/htdocs/www/Remanente-LMS-Re/vendor/laravel/framework/src/Illuminate/Foundation/Http/Kernel.php(144): Illuminate/Foundation/Http/Kernel->sendRequestThroughRouter(Object(Illuminate/Http/Request))
#64 C:/xampp/htdocs/www/Remanente-LMS-Re/public/index.php(51): Illuminate/Foundation/Http/Kernel->handle(Object(Illuminate/Http/Request))
#65 C:/xampp/htdocs/www/Remanente-LMS-Re/vendor/laravel/framework/src/Illuminate/Foundation/resources/server.php(16): require_once('C://xampp//htdocs...')
#66 {main}

[previous exception] [object] (ErrorException(code: 0): Undefined variable $calificacions at C:/xampp/htdocs/www/Remanente-LMS-Re/storage/framework/views/a5f15b1b5bd94f4b400403ea58591ed6.php:63)
[stacktrace]
#0 C:/xampp/htdocs/www/Remanente-LMS-Re/vendor/laravel/framework/src/Illuminate/Foundation/Bootstrap/HandleExceptions.php(255): Illuminate/Foundation/Bootstrap/HandleExceptions->handleError(2, 'Undefined varia...', 'C://xampp//htdocs...', 63)
#1 C:/xampp/htdocs/www/Remanente-LMS-Re/storage/framework/views/a5f15b1b5bd94f4b400403ea58591ed6.php(63): Illuminate/Foundation/Bootstrap/HandleExceptions->Illuminate/Foundation/Bootstrap/{closure}(2, 'Undefined varia...', 'C://xampp//htdocs...', 63)
#2 C:/xampp/htdocs/www/Remanente-LMS-Re/vendor/laravel/framework/src/Illuminate/Filesystem/Filesystem.php(123): require('C://xampp//htdocs...')
#3 C:/xampp/htdocs/www/Remanente-LMS-Re/vendor/laravel/framework/src/Illuminate/Filesystem/Filesystem.php(124): Illuminate/Filesystem/Filesystem::Illuminate/Filesystem/{closure}()
#4 C:/xampp/htdocs/www/Remanente-LMS-Re/vendor/laravel/framework/src/Illuminate/View/Engines/PhpEngine.php(58): Illuminate/Filesystem/Filesystem->getRequire('C://xampp//htdocs...', Array)
#5 C:/xampp/htdocs/www/Remanente-LMS-Re/vendor/livewire/livewire/src/Mechanisms/ExtendBlade/ExtendedCompilerEngine.php(22): Illuminate/View/Engines/PhpEngine->evaluatePath('C://xampp//htdocs...', Array)
#6 C:/xampp/htdocs/www/Remanente-LMS-Re/vendor/laravel/framework/src/Illuminate/View/Engines/CompilerEngine.php(72): Livewire/Mechanisms/ExtendBlade/ExtendedCompilerEngine->evaluatePath('C://xampp//htdocs...', Array)
#7 C:/xampp/htdocs/www/Remanente-LMS-Re/vendor/livewire/livewire/src/Mechanisms/ExtendBlade/ExtendedCompilerEngine.php(10): Illuminate/View/Engines/CompilerEngine->get('C://xampp//htdocs...', Array)
#8 C:/xampp/htdocs/www/Remanente-LMS-Re/vendor/laravel/framework/src/Illuminate/View/View.php(207): Livewire/Mechanisms/ExtendBlade/ExtendedCompilerEngine->get('C://xampp//htdocs...', Array)
#9 C:/xampp/htdocs/www/Remanente-LMS-Re/vendor/laravel/framework/src/Illuminate/View/View.php(190): Illuminate/View/View->getContents()
#10 C:/xampp/htdocs/www/Remanente-LMS-Re/vendor/laravel/framework/src/Illuminate/View/View.php(159): Illuminate/View/View->renderContents()
#11 C:/xampp/htdocs/www/Remanente-LMS-Re/vendor/laravel/framework/src/Illuminate/Http/Response.php(69): Illuminate/View/View->render()
#12 C:/xampp/htdocs/www/Remanente-LMS-Re/vendor/laravel/framework/src/Illuminate/Http/Response.php(35): Illuminate/Http/Response->setContent(Object(Illuminate/View/View))
#13 C:/xampp/htdocs/www/Remanente-LMS-Re/vendor/laravel/framework/src/Illuminate/Routing/Router.php(918): Illuminate/Http/Response->__construct(Object(Illuminate/View/View), 200, Array)
#14 C:/xampp/htdocs/www/Remanente-LMS-Re/vendor/laravel/framework/src/Illuminate/Routing/Router.php(885): Illuminate/Routing/Router::toResponse(Object(Illuminate/Http/Request), Object(Illuminate/View/View))
#15 C:/xampp/htdocs/www/Remanente-LMS-Re/vendor/laravel/framework/src/Illuminate/Routing/Router.php(805): Illuminate/Routing/Router->prepareResponse(Object(Illuminate/Http/Request), Object(Illuminate/View/View))
#16 C:/xampp/htdocs/www/Remanente-LMS-Re/vendor/laravel/framework/src/Illuminate/Pipeline/Pipeline.php(144): Illuminate/Routing/Router->Illuminate/Routing/{closure}(Object(Illuminate/Http/Request))
#17 C:/xampp/htdocs/www/Remanente-LMS-Re/vendor/spatie/laravel-permission/src/Middleware/RoleMiddleware.php(37): Illuminate/Pipeline/Pipeline->Illuminate/Pipeline/{closure}(Object(Illuminate/Http/Request))
#18 C:/xampp/htdocs/www/Remanente-LMS-Re/vendor/laravel/framework/src/Illuminate/Pipeline/Pipeline.php(183): Spatie/Permission/Middleware/RoleMiddleware->handle(Object(Illuminate/Http/Request), Object(Closure), 'estudiante')
#19 C:/xampp/htdocs/www/Remanente-LMS-Re/vendor/barryvdh/laravel-debugbar/src/Middleware/InjectDebugbar.php(66): Illuminate/Pipeline/Pipeline->Illuminate/Pipeline/{closure}(Object(Illuminate/Http/Request))
#20 C:/xampp/htdocs/www/Remanente-LMS-Re/vendor/laravel/framework/src/Illuminate/Pipeline/Pipeline.php(183): Barryvdh/Debugbar/Middleware/InjectDebugbar->handle(Object(Illuminate/Http/Request), Object(Closure))
#21 C:/xampp/htdocs/www/Remanente-LMS-Re/app/Http/Middleware/EnsureProfileIsComplete.php(36): Illuminate/Pipeline/Pipeline->Illuminate/Pipeline/{closure}(Object(Illuminate/Http/Request))
#22 C:/xampp/htdocs/www/Remanente-LMS-Re/vendor/laravel/framework/src/Illuminate/Pipeline/Pipeline.php(183): App/Http/Middleware/EnsureProfileIsComplete->handle(Object(Illuminate/Http/Request), Object(Closure))
#23 C:/xampp/htdocs/www/Remanente-LMS-Re/vendor/laravel/framework/src/Illuminate/Routing/Middleware/SubstituteBindings.php(50): Illuminate/Pipeline/Pipeline->Illuminate/Pipeline/{closure}(Object(Illuminate/Http/Request))
#24 C:/xampp/htdocs/www/Remanente-LMS-Re/vendor/laravel/framework/src/Illuminate/Pipeline/Pipeline.php(183): Illuminate/Routing/Middleware/SubstituteBindings->handle(Object(Illuminate/Http/Request), Object(Closure))
#25 C:/xampp/htdocs/www/Remanente-LMS-Re/vendor/laravel/framework/src/Illuminate/Auth/Middleware/Authenticate.php(57): Illuminate/Pipeline/Pipeline->Illuminate/Pipeline/{closure}(Object(Illuminate/Http/Request))
#26 C:/xampp/htdocs/www/Remanente-LMS-Re/vendor/laravel/framework/src/Illuminate/Pipeline/Pipeline.php(183): Illuminate/Auth/Middleware/Authenticate->handle(Object(Illuminate/Http/Request), Object(Closure))
#27 C:/xampp/htdocs/www/Remanente-LMS-Re/vendor/laravel/framework/src/Illuminate/Foundation/Http/Middleware/VerifyCsrfToken.php(78): Illuminate/Pipeline/Pipeline->Illuminate/Pipeline/{closure}(Object(Illuminate/Http/Request))
#28 C:/xampp/htdocs/www/Remanente-LMS-Re/vendor/laravel/framework/src/Illuminate/Pipeline/Pipeline.php(183): Illuminate/Foundation/Http/Middleware/VerifyCsrfToken->handle(Object(Illuminate/Http/Request), Object(Closure))
#29 C:/xampp/htdocs/www/Remanente-LMS-Re/vendor/laravel/framework/src/Illuminate/View/Middleware/ShareErrorsFromSession.php(49): Illuminate/Pipeline/Pipeline->Illuminate/Pipeline/{closure}(Object(Illuminate/Http/Request))
#30 C:/xampp/htdocs/www/Remanente-LMS-Re/vendor/laravel/framework/src/Illuminate/Pipeline/Pipeline.php(183): Illuminate/View/Middleware/ShareErrorsFromSession->handle(Object(Illuminate/Http/Request), Object(Closure))
#31 C:/xampp/htdocs/www/Remanente-LMS-Re/vendor/laravel/framework/src/Illuminate/Session/Middleware/StartSession.php(121): Illuminate/Pipeline/Pipeline->Illuminate/Pipeline/{closure}(Object(Illuminate/Http/Request))
#32 C:/xampp/htdocs/www/Remanente-LMS-Re/vendor/laravel/framework/src/Illuminate/Session/Middleware/StartSession.php(64): Illuminate/Session/Middleware/StartSession->handleStatefulRequest(Object(Illuminate/Http/Request), Object(Illuminate/Session/Store), Object(Closure))
#33 C:/xampp/htdocs/www/Remanente-LMS-Re/vendor/laravel/framework/src/Illuminate/Pipeline/Pipeline.php(183): Illuminate/Session/Middleware/StartSession->handle(Object(Illuminate/Http/Request), Object(Closure))
#34 C:/xampp/htdocs/www/Remanente-LMS-Re/vendor/laravel/framework/src/Illuminate/Cookie/Middleware/AddQueuedCookiesToResponse.php(37): Illuminate/Pipeline/Pipeline->Illuminate/Pipeline/{closure}(Object(Illuminate/Http/Request))
#35 C:/xampp/htdocs/www/Remanente-LMS-Re/vendor/laravel/framework/src/Illuminate/Pipeline/Pipeline.php(183): Illuminate/Cookie/Middleware/AddQueuedCookiesToResponse->handle(Object(Illuminate/Http/Request), Object(Closure))
#36 C:/xampp/htdocs/www/Remanente-LMS-Re/vendor/laravel/framework/src/Illuminate/Cookie/Middleware/EncryptCookies.php(67): Illuminate/Pipeline/Pipeline->Illuminate/Pipeline/{closure}(Object(Illuminate/Http/Request))
#37 C:/xampp/htdocs/www/Remanente-LMS-Re/vendor/laravel/framework/src/Illuminate/Pipeline/Pipeline.php(183): Illuminate/Cookie/Middleware/EncryptCookies->handle(Object(Illuminate/Http/Request), Object(Closure))
#38 C:/xampp/htdocs/www/Remanente-LMS-Re/vendor/laravel/framework/src/Illuminate/Pipeline/Pipeline.php(119): Illuminate/Pipeline/Pipeline->Illuminate/Pipeline/{closure}(Object(Illuminate/Http/Request))
#39 C:/xampp/htdocs/www/Remanente-LMS-Re/vendor/laravel/framework/src/Illuminate/Routing/Router.php(805): Illuminate/Pipeline/Pipeline->then(Object(Closure))
#40 C:/xampp/htdocs/www/Remanente-LMS-Re/vendor/laravel/framework/src/Illuminate/Routing/Router.php(784): Illuminate/Routing/Router->runRouteWithinStack(Object(Illuminate/Routing/Route), Object(Illuminate/Http/Request))
#41 C:/xampp/htdocs/www/Remanente-LMS-Re/vendor/laravel/framework/src/Illuminate/Routing/Router.php(748): Illuminate/Routing/Router->runRoute(Object(Illuminate/Http/Request), Object(Illuminate/Routing/Route))
#42 C:/xampp/htdocs/www/Remanente-LMS-Re/vendor/laravel/framework/src/Illuminate/Routing/Router.php(737): Illuminate/Routing/Router->dispatchToRoute(Object(Illuminate/Http/Request))
#43 C:/xampp/htdocs/www/Remanente-LMS-Re/vendor/laravel/framework/src/Illuminate/Foundation/Http/Kernel.php(200): Illuminate/Routing/Router->dispatch(Object(Illuminate/Http/Request))
#44 C:/xampp/htdocs/www/Remanente-LMS-Re/vendor/laravel/framework/src/Illuminate/Pipeline/Pipeline.php(144): Illuminate/Foundation/Http/Kernel->Illuminate/Foundation/Http/{closure}(Object(Illuminate/Http/Request))
#45 C:/xampp/htdocs/www/Remanente-LMS-Re/vendor/livewire/livewire/src/Features/SupportDisablingBackButtonCache/DisableBackButtonCacheMiddleware.php(19): Illuminate/Pipeline/Pipeline->Illuminate/Pipeline/{closure}(Object(Illuminate/Http/Request))
#46 C:/xampp/htdocs/www/Remanente-LMS-Re/vendor/laravel/framework/src/Illuminate/Pipeline/Pipeline.php(183): Livewire/Features/SupportDisablingBackButtonCache/DisableBackButtonCacheMiddleware->handle(Object(Illuminate/Http/Request), Object(Closure))
#47 C:/xampp/htdocs/www/Remanente-LMS-Re/vendor/barryvdh/laravel-debugbar/src/Middleware/InjectDebugbar.php(66): Illuminate/Pipeline/Pipeline->Illuminate/Pipeline/{closure}(Object(Illuminate/Http/Request))
#48 C:/xampp/htdocs/www/Remanente-LMS-Re/vendor/laravel/framework/src/Illuminate/Pipeline/Pipeline.php(183): Barryvdh/Debugbar/Middleware/InjectDebugbar->handle(Object(Illuminate/Http/Request), Object(Closure))
#49 C:/xampp/htdocs/www/Remanente-LMS-Re/vendor/laravel/framework/src/Illuminate/Foundation/Http/Middleware/TransformsRequest.php(21): Illuminate/Pipeline/Pipeline->Illuminate/Pipeline/{closure}(Object(Illuminate/Http/Request))
#50 C:/xampp/htdocs/www/Remanente-LMS-Re/vendor/laravel/framework/src/Illuminate/Foundation/Http/Middleware/ConvertEmptyStringsToNull.php(31): Illuminate/Foundation/Http/Middleware/TransformsRequest->handle(Object(Illuminate/Http/Request), Object(Closure))
#51 C:/xampp/htdocs/www/Remanente-LMS-Re/vendor/laravel/framework/src/Illuminate/Pipeline/Pipeline.php(183): Illuminate/Foundation/Http/Middleware/ConvertEmptyStringsToNull->handle(Object(Illuminate/Http/Request), Object(Closure))
#52 C:/xampp/htdocs/www/Remanente-LMS-Re/vendor/laravel/framework/src/Illuminate/Foundation/Http/Middleware/TransformsRequest.php(21): Illuminate/Pipeline/Pipeline->Illuminate/Pipeline/{closure}(Object(Illuminate/Http/Request))
#53 C:/xampp/htdocs/www/Remanente-LMS-Re/vendor/laravel/framework/src/Illuminate/Foundation/Http/Middleware/TrimStrings.php(40): Illuminate/Foundation/Http/Middleware/TransformsRequest->handle(Object(Illuminate/Http/Request), Object(Closure))
#54 C:/xampp/htdocs/www/Remanente-LMS-Re/vendor/laravel/framework/src/Illuminate/Pipeline/Pipeline.php(183): Illuminate/Foundation/Http/Middleware/TrimStrings->handle(Object(Illuminate/Http/Request), Object(Closure))
#55 C:/xampp/htdocs/www/Remanente-LMS-Re/vendor/laravel/framework/src/Illuminate/Foundation/Http/Middleware/ValidatePostSize.php(27): Illuminate/Pipeline/Pipeline->Illuminate/Pipeline/{closure}(Object(Illuminate/Http/Request))
#56 C:/xampp/htdocs/www/Remanente-LMS-Re/vendor/laravel/framework/src/Illuminate/Pipeline/Pipeline.php(183): Illuminate/Foundation/Http/Middleware/ValidatePostSize->handle(Object(Illuminate/Http/Request), Object(Closure))
#57 C:/xampp/htdocs/www/Remanente-LMS-Re/vendor/laravel/framework/src/Illuminate/Foundation/Http/Middleware/PreventRequestsDuringMaintenance.php(99): Illuminate/Pipeline/Pipeline->Illuminate/Pipeline/{closure}(Object(Illuminate/Http/Request))
#58 C:/xampp/htdocs/www/Remanente-LMS-Re/vendor/laravel/framework/src/Illuminate/Pipeline/Pipeline.php(183): Illuminate/Foundation/Http/Middleware/PreventRequestsDuringMaintenance->handle(Object(Illuminate/Http/Request), Object(Closure))
#59 C:/xampp/htdocs/www/Remanente-LMS-Re/vendor/laravel/framework/src/Illuminate/Http/Middleware/HandleCors.php(49): Illuminate/Pipeline/Pipeline->Illuminate/Pipeline/{closure}(Object(Illuminate/Http/Request))
#60 C:/xampp/htdocs/www/Remanente-LMS-Re/vendor/laravel/framework/src/Illuminate/Pipeline/Pipeline.php(183): Illuminate/Http/Middleware/HandleCors->handle(Object(Illuminate/Http/Request), Object(Closure))
#61 C:/xampp/htdocs/www/Remanente-LMS-Re/vendor/laravel/framework/src/Illuminate/Http/Middleware/TrustProxies.php(39): Illuminate/Pipeline/Pipeline->Illuminate/Pipeline/{closure}(Object(Illuminate/Http/Request))
#62 C:/xampp/htdocs/www/Remanente-LMS-Re/vendor/laravel/framework/src/Illuminate/Pipeline/Pipeline.php(183): Illuminate/Http/Middleware/TrustProxies->handle(Object(Illuminate/Http/Request), Object(Closure))
#63 C:/xampp/htdocs/www/Remanente-LMS-Re/vendor/laravel/framework/src/Illuminate/Pipeline/Pipeline.php(119): Illuminate/Pipeline/Pipeline->Illuminate/Pipeline/{closure}(Object(Illuminate/Http/Request))
#64 C:/xampp/htdocs/www/Remanente-LMS-Re/vendor/laravel/framework/src/Illuminate/Foundation/Http/Kernel.php(175): Illuminate/Pipeline/Pipeline->then(Object(Closure))
#65 C:/xampp/htdocs/www/Remanente-LMS-Re/vendor/laravel/framework/src/Illuminate/Foundation/Http/Kernel.php(144): Illuminate/Foundation/Http/Kernel->sendRequestThroughRouter(Object(Illuminate/Http/Request))
#66 C:/xampp/htdocs/www/Remanente-LMS-Re/public/index.php(51): Illuminate/Foundation/Http/Kernel->handle(Object(Illuminate/Http/Request))
#67 C:/xampp/htdocs/www/Remanente-LMS-Re/vendor/laravel/framework/src/Illuminate/Foundation/resources/server.php(16): require_once('C://xampp//htdocs...')
#68 {main}
"} 
[2026-08-31 10:46:10] local.ERROR: Undefined variable $calificaciones {"view":{"view":"C:\\xampp\\htdocs\\www\\Remanente-LMS-Re\\resources\\views\\estudiante\\index.blade.php","data":{"errors":"<pre class=sf-dump id=sf-dump-1113899270 data-indent-pad=\"  \"><span class=sf-dump-note>Illuminate\\Support\\ViewErrorBag</span> {<a class=sf-dump-ref>#1766</a><samp data-depth=1 class=sf-dump-expanded>
  #<span class=sf-dump-protected title=\"Protected property\">bags</span>: []
</samp>}
</pre><script>Sfdump(\"sf-dump-1113899270\", {\"maxDepth\":3,\"maxStringLength\":160})</script>
","promedios":"<pre class=sf-dump id=sf-dump-1348132300 data-indent-pad=\"  \"><span class=sf-dump-note>array:1</span> [<samp data-depth=1 class=sf-dump-expanded>
  <span class=sf-dump-key>1</span> => <span class=sf-dump-note>array:9</span> [<samp data-depth=2 class=sf-dump-compact>
    \"<span class=sf-dump-key>curso</span>\" => <span class=\"sf-dump-note sf-dump-ellipsization\" title=\"App\\Models\\Curso
\"><span class=\"sf-dump-ellipsis sf-dump-ellipsis-note\">App\\Models</span><span class=\"sf-dump-ellipsis sf-dump-ellipsis-note\">\\</span><span class=\"sf-dump-ellipsis-tail\">Curso</span></span> {<a class=sf-dump-ref>#1869</a><samp data-depth=3 class=sf-dump-compact>
      #<span class=sf-dump-protected title=\"Protected property\">connection</span>: \"<span class=sf-dump-str title=\"5 characters\">mysql</span>\"
      #<span class=sf-dump-protected title=\"Protected property\">table</span>: \"<span class=sf-dump-str title=\"6 characters\">cursos</span>\"
      #<span class=sf-dump-protected title=\"Protected property\">primaryKey</span>: \"<span class=sf-dump-str title=\"2 characters\">id</span>\"
      #<span class=sf-dump-protected title=\"Protected property\">keyType</span>: \"<span class=sf-dump-str title=\"3 characters\">int</span>\"
      +<span class=sf-dump-public title=\"Public property\">incrementing</span>: <span class=sf-dump-const>true</span>
      #<span class=sf-dump-protected title=\"Protected property\">with</span>: []
      #<span class=sf-dump-protected title=\"Protected property\">withCount</span>: []
      +<span class=sf-dump-public title=\"Public property\">preventsLazyLoading</span>: <span class=sf-dump-const>false</span>
      #<span class=sf-dump-protected title=\"Protected property\">perPage</span>: <span class=sf-dump-num>15</span>
      +<span class=sf-dump-public title=\"Public property\">exists</span>: <span class=sf-dump-const>true</span>
      +<span class=sf-dump-public title=\"Public property\">wasRecentlyCreated</span>: <span class=sf-dump-const>false</span>
      #<span class=sf-dump-protected title=\"Protected property\">escapeWhenCastingToString</span>: <span class=sf-dump-const>false</span>
      #<span class=sf-dump-protected title=\"Protected property\">attributes</span>: <span class=sf-dump-note>array:10</span> [ &#8230;10]
      #<span class=sf-dump-protected title=\"Protected property\">original</span>: <span class=sf-dump-note>array:14</span> [ &#8230;14]
      #<span class=sf-dump-protected title=\"Protected property\">changes</span>: []
      #<span class=sf-dump-protected title=\"Protected property\">casts</span>: <span class=sf-dump-note>array:2</span> [ &#8230;2]
      #<span class=sf-dump-protected title=\"Protected property\">classCastCache</span>: []
      #<span class=sf-dump-protected title=\"Protected property\">attributeCastCache</span>: []
      #<span class=sf-dump-protected title=\"Protected property\">dateFormat</span>: <span class=sf-dump-const>null</span>
      #<span class=sf-dump-protected title=\"Protected property\">appends</span>: []
      #<span class=sf-dump-protected title=\"Protected property\">dispatchesEvents</span>: []
      #<span class=sf-dump-protected title=\"Protected property\">observables</span>: []
      #<span class=sf-dump-protected title=\"Protected property\">relations</span>: <span class=sf-dump-note>array:2</span> [ &#8230;2]
      #<span class=sf-dump-protected title=\"Protected property\">touches</span>: []
      +<span class=sf-dump-public title=\"Public property\">timestamps</span>: <span class=sf-dump-const>true</span>
      +<span class=sf-dump-public title=\"Public property\">usesUniqueIds</span>: <span class=sf-dump-const>false</span>
      #<span class=sf-dump-protected title=\"Protected property\">hidden</span>: []
      #<span class=sf-dump-protected title=\"Protected property\">visible</span>: []
      #<span class=sf-dump-protected title=\"Protected property\">fillable</span>: <span class=sf-dump-note>array:7</span> [ &#8230;7]
      #<span class=sf-dump-protected title=\"Protected property\">guarded</span>: <span class=sf-dump-note>array:1</span> [ &#8230;1]
    </samp>}
    \"<span class=sf-dump-key>promedio</span>\" => <span class=sf-dump-num>3.4</span>
    \"<span class=sf-dump-key>promedio_curso</span>\" => <span class=sf-dump-num>3.1</span>
    \"<span class=sf-dump-key>total_calificaciones</span>\" => <span class=sf-dump-num>7</span>
    \"<span class=sf-dump-key>total_tareas_curso</span>\" => <span class=sf-dump-num>8</span>
    \"<span class=sf-dump-key>porcentaje_completado</span>\" => <span class=sf-dump-num>88.0</span>
    \"<span class=sf-dump-key>aprobado</span>\" => <span class=sf-dump-const>true</span>
    \"<span class=sf-dump-key>puede_descargar</span>\" => <span class=sf-dump-const>false</span>
    \"<span class=sf-dump-key>razon_bloqueo</span>\" => \"<span class=sf-dump-str title=\"40 characters\">A&#250;n tienes tareas pendientes por evaluar</span>\"
  </samp>]
</samp>]
</pre><script>Sfdump(\"sf-dump-1348132300\", {\"maxDepth\":3,\"maxStringLength\":160})</script>
","estudiante":"<pre class=sf-dump id=sf-dump-1789700871 data-indent-pad=\"  \"><span class=sf-dump-note>App\\Models\\Estudiante</span> {<a class=sf-dump-ref>#1782</a><samp data-depth=1 class=sf-dump-expanded>
  #<span class=sf-dump-protected title=\"Protected property\">connection</span>: \"<span class=sf-dump-str title=\"5 characters\">mysql</span>\"
  #<span class=sf-dump-protected title=\"Protected property\">table</span>: \"<span class=sf-dump-str title=\"11 characters\">estudiantes</span>\"
  #<span class=sf-dump-protected title=\"Protected property\">primaryKey</span>: \"<span class=sf-dump-str title=\"2 characters\">id</span>\"
  #<span class=sf-dump-protected title=\"Protected property\">keyType</span>: \"<span class=sf-dump-str title=\"3 characters\">int</span>\"
  +<span class=sf-dump-public title=\"Public property\">incrementing</span>: <span class=sf-dump-const>true</span>
  #<span class=sf-dump-protected title=\"Protected property\">with</span>: []
  #<span class=sf-dump-protected title=\"Protected property\">withCount</span>: []
  +<span class=sf-dump-public title=\"Public property\">preventsLazyLoading</span>: <span class=sf-dump-const>false</span>
  #<span class=sf-dump-protected title=\"Protected property\">perPage</span>: <span class=sf-dump-num>15</span>
  +<span class=sf-dump-public title=\"Public property\">exists</span>: <span class=sf-dump-const>true</span>
  +<span class=sf-dump-public title=\"Public property\">wasRecentlyCreated</span>: <span class=sf-dump-const>false</span>
  #<span class=sf-dump-protected title=\"Protected property\">escapeWhenCastingToString</span>: <span class=sf-dump-const>false</span>
  #<span class=sf-dump-protected title=\"Protected property\">attributes</span>: <span class=sf-dump-note>array:10</span> [<samp data-depth=2 class=sf-dump-compact>
    \"<span class=sf-dump-key>id</span>\" => <span class=sf-dump-num>1</span>
    \"<span class=sf-dump-key>cc</span>\" => \"<span class=sf-dump-str title=\"8 characters\">12312753</span>\"
    \"<span class=sf-dump-key>genero</span>\" => \"<span class=sf-dump-str>M</span>\"
    \"<span class=sf-dump-key>telefono</span>\" => \"<span class=sf-dump-str title=\"8 characters\">12395113</span>\"
    \"<span class=sf-dump-key>direccion</span>\" => \"<span class=sf-dump-str title=\"11 characters\">Cll 9 oeste</span>\"
    \"<span class=sf-dump-key>contacto_emergencia</span>\" => \"<span class=sf-dump-str title=\"8 characters\">65495113</span>\"
    \"<span class=sf-dump-key>observaciones</span>\" => \"<span class=sf-dump-str title=\"30 characters\">le irrita estar cerca del povo</span>\"
    \"<span class=sf-dump-key>user_id</span>\" => <span class=sf-dump-num>9</span>
    \"<span class=sf-dump-key>created_at</span>\" => \"<span class=sf-dump-str title=\"19 characters\">2026-08-31 10:00:14</span>\"
    \"<span class=sf-dump-key>updated_at</span>\" => \"<span class=sf-dump-str title=\"19 characters\">2026-08-31 10:00:14</span>\"
  </samp>]
  #<span class=sf-dump-protected title=\"Protected property\">original</span>: <span class=sf-dump-note>array:10</span> [<samp data-depth=2 class=sf-dump-compact>
    \"<span class=sf-dump-key>id</span>\" => <span class=sf-dump-num>1</span>
    \"<span class=sf-dump-key>cc</span>\" => \"<span class=sf-dump-str title=\"8 characters\">12312753</span>\"
    \"<span class=sf-dump-key>genero</span>\" => \"<span class=sf-dump-str>M</span>\"
    \"<span class=sf-dump-key>telefono</span>\" => \"<span class=sf-dump-str title=\"8 characters\">12395113</span>\"
    \"<span class=sf-dump-key>direccion</span>\" => \"<span class=sf-dump-str title=\"11 characters\">Cll 9 oeste</span>\"
    \"<span class=sf-dump-key>contacto_emergencia</span>\" => \"<span class=sf-dump-str title=\"8 characters\">65495113</span>\"
    \"<span class=sf-dump-key>observaciones</span>\" => \"<span class=sf-dump-str title=\"30 characters\">le irrita estar cerca del povo</span>\"
    \"<span class=sf-dump-key>user_id</span>\" => <span class=sf-dump-num>9</span>
    \"<span class=sf-dump-key>created_at</span>\" => \"<span class=sf-dump-str title=\"19 characters\">2026-08-31 10:00:14</span>\"
    \"<span class=sf-dump-key>updated_at</span>\" => \"<span class=sf-dump-str title=\"19 characters\">2026-08-31 10:00:14</span>\"
  </samp>]
  #<span class=sf-dump-protected title=\"Protected property\">changes</span>: []
  #<span class=sf-dump-protected title=\"Protected property\">casts</span>: []
  #<span class=sf-dump-protected title=\"Protected property\">classCastCache</span>: []
  #<span class=sf-dump-protected title=\"Protected property\">attributeCastCache</span>: []
  #<span class=sf-dump-protected title=\"Protected property\">dateFormat</span>: <span class=sf-dump-const>null</span>
  #<span class=sf-dump-protected title=\"Protected property\">appends</span>: <span class=sf-dump-note>array:2</span> [<samp data-depth=2 class=sf-dump-compact>
    <span class=sf-dump-index>0</span> => \"<span class=sf-dump-str title=\"7 characters\">nombres</span>\"
    <span class=sf-dump-index>1</span> => \"<span class=sf-dump-str title=\"9 characters\">apellidos</span>\"
  </samp>]
  #<span class=sf-dump-protected title=\"Protected property\">dispatchesEvents</span>: []
  #<span class=sf-dump-protected title=\"Protected property\">observables</span>: []
  #<span class=sf-dump-protected title=\"Protected property\">relations</span>: <span class=sf-dump-note>array:2</span> [<samp data-depth=2 class=sf-dump-compact>
    \"<span class=sf-dump-key>calificaciones</span>\" => <span class=\"sf-dump-note sf-dump-ellipsization\" title=\"Illuminate\\Database\\Eloquent\\Collection
\"><span class=\"sf-dump-ellipsis sf-dump-ellipsis-note\">Illuminate\\Database\\Eloquent</span><span class=\"sf-dump-ellipsis sf-dump-ellipsis-note\">\\</span><span class=\"sf-dump-ellipsis-tail\">Collection</span></span> {<a class=sf-dump-ref>#1865</a><samp data-depth=3 class=sf-dump-compact>
      #<span class=sf-dump-protected title=\"Protected property\">items</span>: <span class=sf-dump-note>array:7</span> [ &#8230;7]
      #<span class=sf-dump-protected title=\"Protected property\">escapeWhenCastingToString</span>: <span class=sf-dump-const>false</span>
    </samp>}
    \"<span class=sf-dump-key>cursos</span>\" => <span class=\"sf-dump-note sf-dump-ellipsization\" title=\"Illuminate\\Database\\Eloquent\\Collection
\"><span class=\"sf-dump-ellipsis sf-dump-ellipsis-note\">Illuminate\\Database\\Eloquent</span><span class=\"sf-dump-ellipsis sf-dump-ellipsis-note\">\\</span><span class=\"sf-dump-ellipsis-tail\">Collection</span></span> {<a class=sf-dump-ref>#1868</a><samp data-depth=3 class=sf-dump-compact>
      #<span class=sf-dump-protected title=\"Protected property\">items</span>: <span class=sf-dump-note>array:1</span> [ &#8230;1]
      #<span class=sf-dump-protected title=\"Protected property\">escapeWhenCastingToString</span>: <span class=sf-dump-const>false</span>
    </samp>}
  </samp>]
  #<span class=sf-dump-protected title=\"Protected property\">touches</span>: []
  +<span class=sf-dump-public title=\"Public property\">timestamps</span>: <span class=sf-dump-const>true</span>
  +<span class=sf-dump-public title=\"Public property\">usesUniqueIds</span>: <span class=sf-dump-const>false</span>
  #<span class=sf-dump-protected title=\"Protected property\">hidden</span>: []
  #<span class=sf-dump-protected title=\"Protected property\">visible</span>: []
  #<span class=sf-dump-protected title=\"Protected property\">fillable</span>: <span class=sf-dump-note>array:8</span> [<samp data-depth=2 class=sf-dump-compact>
    <span class=sf-dump-index>0</span> => \"<span class=sf-dump-str title=\"2 characters\">cc</span>\"
    <span class=sf-dump-index>1</span> => \"<span class=sf-dump-str title=\"6 characters\">genero</span>\"
    <span class=sf-dump-index>2</span> => \"<span class=sf-dump-str title=\"8 characters\">telefono</span>\"
    <span class=sf-dump-index>3</span> => \"<span class=sf-dump-str title=\"5 characters\">email</span>\"
    <span class=sf-dump-index>4</span> => \"<span class=sf-dump-str title=\"9 characters\">direccion</span>\"
    <span class=sf-dump-index>5</span> => \"<span class=sf-dump-str title=\"19 characters\">contacto_emergencia</span>\"
    <span class=sf-dump-index>6</span> => \"<span class=sf-dump-str title=\"13 characters\">observaciones</span>\"
    <span class=sf-dump-index>7</span> => \"<span class=sf-dump-str title=\"7 characters\">user_id</span>\"
  </samp>]
  #<span class=sf-dump-protected title=\"Protected property\">guarded</span>: <span class=sf-dump-note>array:1</span> [<samp data-depth=2 class=sf-dump-compact>
    <span class=sf-dump-index>0</span> => \"<span class=sf-dump-str>*</span>\"
  </samp>]
  #<span class=sf-dump-protected title=\"Protected property\">guard_name</span>: \"<span class=sf-dump-str title=\"3 characters\">web</span>\"
  -<span class=sf-dump-private title=\"Private property defined in class:&#10;`App\\Models\\Estudiante`\">roleClass</span>: <span class=sf-dump-const>null</span>
  -<span class=sf-dump-private title=\"Private property defined in class:&#10;`App\\Models\\Estudiante`\">permissionClass</span>: <span class=sf-dump-const>null</span>
  -<span class=sf-dump-private title=\"Private property defined in class:&#10;`App\\Models\\Estudiante`\">wildcardClass</span>: <span class=sf-dump-const>null</span>
  -<span class=sf-dump-private title=\"Private property defined in class:&#10;`App\\Models\\Estudiante`\">wildcardPermissionsIndex</span>: <span class=sf-dump-const title=\"Uninitialized property\">? array</span>
</samp>}
</pre><script>Sfdump(\"sf-dump-1789700871\", {\"maxDepth\":3,\"maxStringLength\":160})</script>
"}},"userId":9,"exception":"[object] (Spatie\\LaravelIgnition\\Exceptions\\ViewException(code: 0): Undefined variable $calificaciones at C:/xampp/htdocs/www/Remanente-LMS-Re/resources/views/estudiante/index.blade.php:63)
[stacktrace]
#0 C:/xampp/htdocs/www/Remanente-LMS-Re/vendor/laravel/framework/src/Illuminate/Filesystem/Filesystem.php(123): require('C://xampp//htdocs...')
#1 C:/xampp/htdocs/www/Remanente-LMS-Re/vendor/laravel/framework/src/Illuminate/Filesystem/Filesystem.php(124): Illuminate/Filesystem/Filesystem::Illuminate/Filesystem/{closure}()
#2 C:/xampp/htdocs/www/Remanente-LMS-Re/vendor/laravel/framework/src/Illuminate/View/Engines/PhpEngine.php(58): Illuminate/Filesystem/Filesystem->getRequire('C://xampp//htdocs...', Array)
#3 C:/xampp/htdocs/www/Remanente-LMS-Re/vendor/livewire/livewire/src/Mechanisms/ExtendBlade/ExtendedCompilerEngine.php(22): Illuminate/View/Engines/PhpEngine->evaluatePath('C://xampp//htdocs...', Array)
#4 C:/xampp/htdocs/www/Remanente-LMS-Re/vendor/laravel/framework/src/Illuminate/View/Engines/CompilerEngine.php(72): Livewire/Mechanisms/ExtendBlade/ExtendedCompilerEngine->evaluatePath('C://xampp//htdocs...', Array)
#5 C:/xampp/htdocs/www/Remanente-LMS-Re/vendor/livewire/livewire/src/Mechanisms/ExtendBlade/ExtendedCompilerEngine.php(10): Illuminate/View/Engines/CompilerEngine->get('C://xampp//htdocs...', Array)
#6 C:/xampp/htdocs/www/Remanente-LMS-Re/vendor/laravel/framework/src/Illuminate/View/View.php(207): Livewire/Mechanisms/ExtendBlade/ExtendedCompilerEngine->get('C://xampp//htdocs...', Array)
#7 C:/xampp/htdocs/www/Remanente-LMS-Re/vendor/laravel/framework/src/Illuminate/View/View.php(190): Illuminate/View/View->getContents()
#8 C:/xampp/htdocs/www/Remanente-LMS-Re/vendor/laravel/framework/src/Illuminate/View/View.php(159): Illuminate/View/View->renderContents()
#9 C:/xampp/htdocs/www/Remanente-LMS-Re/vendor/laravel/framework/src/Illuminate/Http/Response.php(69): Illuminate/View/View->render()
#10 C:/xampp/htdocs/www/Remanente-LMS-Re/vendor/laravel/framework/src/Illuminate/Http/Response.php(35): Illuminate/Http/Response->setContent(Object(Illuminate/View/View))
#11 C:/xampp/htdocs/www/Remanente-LMS-Re/vendor/laravel/framework/src/Illuminate/Routing/Router.php(918): Illuminate/Http/Response->__construct(Object(Illuminate/View/View), 200, Array)
#12 C:/xampp/htdocs/www/Remanente-LMS-Re/vendor/laravel/framework/src/Illuminate/Routing/Router.php(885): Illuminate/Routing/Router::toResponse(Object(Illuminate/Http/Request), Object(Illuminate/View/View))
#13 C:/xampp/htdocs/www/Remanente-LMS-Re/vendor/laravel/framework/src/Illuminate/Routing/Router.php(805): Illuminate/Routing/Router->prepareResponse(Object(Illuminate/Http/Request), Object(Illuminate/View/View))
#14 C:/xampp/htdocs/www/Remanente-LMS-Re/vendor/laravel/framework/src/Illuminate/Pipeline/Pipeline.php(144): Illuminate/Routing/Router->Illuminate/Routing/{closure}(Object(Illuminate/Http/Request))
#15 C:/xampp/htdocs/www/Remanente-LMS-Re/vendor/spatie/laravel-permission/src/Middleware/RoleMiddleware.php(37): Illuminate/Pipeline/Pipeline->Illuminate/Pipeline/{closure}(Object(Illuminate/Http/Request))
#16 C:/xampp/htdocs/www/Remanente-LMS-Re/vendor/laravel/framework/src/Illuminate/Pipeline/Pipeline.php(183): Spatie/Permission/Middleware/RoleMiddleware->handle(Object(Illuminate/Http/Request), Object(Closure), 'estudiante')
#17 C:/xampp/htdocs/www/Remanente-LMS-Re/vendor/barryvdh/laravel-debugbar/src/Middleware/InjectDebugbar.php(66): Illuminate/Pipeline/Pipeline->Illuminate/Pipeline/{closure}(Object(Illuminate/Http/Request))
#18 C:/xampp/htdocs/www/Remanente-LMS-Re/vendor/laravel/framework/src/Illuminate/Pipeline/Pipeline.php(183): Barryvdh/Debugbar/Middleware/InjectDebugbar->handle(Object(Illuminate/Http/Request), Object(Closure))
#19 C:/xampp/htdocs/www/Remanente-LMS-Re/app/Http/Middleware/EnsureProfileIsComplete.php(36): Illuminate/Pipeline/Pipeline->Illuminate/Pipeline/{closure}(Object(Illuminate/Http/Request))
#20 C:/xampp/htdocs/www/Remanente-LMS-Re/vendor/laravel/framework/src/Illuminate/Pipeline/Pipeline.php(183): App/Http/Middleware/EnsureProfileIsComplete->handle(Object(Illuminate/Http/Request), Object(Closure))
#21 C:/xampp/htdocs/www/Remanente-LMS-Re/vendor/laravel/framework/src/Illuminate/Routing/Middleware/SubstituteBindings.php(50): Illuminate/Pipeline/Pipeline->Illuminate/Pipeline/{closure}(Object(Illuminate/Http/Request))
#22 C:/xampp/htdocs/www/Remanente-LMS-Re/vendor/laravel/framework/src/Illuminate/Pipeline/Pipeline.php(183): Illuminate/Routing/Middleware/SubstituteBindings->handle(Object(Illuminate/Http/Request), Object(Closure))
#23 C:/xampp/htdocs/www/Remanente-LMS-Re/vendor/laravel/framework/src/Illuminate/Auth/Middleware/Authenticate.php(57): Illuminate/Pipeline/Pipeline->Illuminate/Pipeline/{closure}(Object(Illuminate/Http/Request))
#24 C:/xampp/htdocs/www/Remanente-LMS-Re/vendor/laravel/framework/src/Illuminate/Pipeline/Pipeline.php(183): Illuminate/Auth/Middleware/Authenticate->handle(Object(Illuminate/Http/Request), Object(Closure))
#25 C:/xampp/htdocs/www/Remanente-LMS-Re/vendor/laravel/framework/src/Illuminate/Foundation/Http/Middleware/VerifyCsrfToken.php(78): Illuminate/Pipeline/Pipeline->Illuminate/Pipeline/{closure}(Object(Illuminate/Http/Request))
#26 C:/xampp/htdocs/www/Remanente-LMS-Re/vendor/laravel/framework/src/Illuminate/Pipeline/Pipeline.php(183): Illuminate/Foundation/Http/Middleware/VerifyCsrfToken->handle(Object(Illuminate/Http/Request), Object(Closure))
#27 C:/xampp/htdocs/www/Remanente-LMS-Re/vendor/laravel/framework/src/Illuminate/View/Middleware/ShareErrorsFromSession.php(49): Illuminate/Pipeline/Pipeline->Illuminate/Pipeline/{closure}(Object(Illuminate/Http/Request))
#28 C:/xampp/htdocs/www/Remanente-LMS-Re/vendor/laravel/framework/src/Illuminate/Pipeline/Pipeline.php(183): Illuminate/View/Middleware/ShareErrorsFromSession->handle(Object(Illuminate/Http/Request), Object(Closure))
#29 C:/xampp/htdocs/www/Remanente-LMS-Re/vendor/laravel/framework/src/Illuminate/Session/Middleware/StartSession.php(121): Illuminate/Pipeline/Pipeline->Illuminate/Pipeline/{closure}(Object(Illuminate/Http/Request))
#30 C:/xampp/htdocs/www/Remanente-LMS-Re/vendor/laravel/framework/src/Illuminate/Session/Middleware/StartSession.php(64): Illuminate/Session/Middleware/StartSession->handleStatefulRequest(Object(Illuminate/Http/Request), Object(Illuminate/Session/Store), Object(Closure))
#31 C:/xampp/htdocs/www/Remanente-LMS-Re/vendor/laravel/framework/src/Illuminate/Pipeline/Pipeline.php(183): Illuminate/Session/Middleware/StartSession->handle(Object(Illuminate/Http/Request), Object(Closure))
#32 C:/xampp/htdocs/www/Remanente-LMS-Re/vendor/laravel/framework/src/Illuminate/Cookie/Middleware/AddQueuedCookiesToResponse.php(37): Illuminate/Pipeline/Pipeline->Illuminate/Pipeline/{closure}(Object(Illuminate/Http/Request))
#33 C:/xampp/htdocs/www/Remanente-LMS-Re/vendor/laravel/framework/src/Illuminate/Pipeline/Pipeline.php(183): Illuminate/Cookie/Middleware/AddQueuedCookiesToResponse->handle(Object(Illuminate/Http/Request), Object(Closure))
#34 C:/xampp/htdocs/www/Remanente-LMS-Re/vendor/laravel/framework/src/Illuminate/Cookie/Middleware/EncryptCookies.php(67): Illuminate/Pipeline/Pipeline->Illuminate/Pipeline/{closure}(Object(Illuminate/Http/Request))
#35 C:/xampp/htdocs/www/Remanente-LMS-Re/vendor/laravel/framework/src/Illuminate/Pipeline/Pipeline.php(183): Illuminate/Cookie/Middleware/EncryptCookies->handle(Object(Illuminate/Http/Request), Object(Closure))
#36 C:/xampp/htdocs/www/Remanente-LMS-Re/vendor/laravel/framework/src/Illuminate/Pipeline/Pipeline.php(119): Illuminate/Pipeline/Pipeline->Illuminate/Pipeline/{closure}(Object(Illuminate/Http/Request))
#37 C:/xampp/htdocs/www/Remanente-LMS-Re/vendor/laravel/framework/src/Illuminate/Routing/Router.php(805): Illuminate/Pipeline/Pipeline->then(Object(Closure))
#38 C:/xampp/htdocs/www/Remanente-LMS-Re/vendor/laravel/framework/src/Illuminate/Routing/Router.php(784): Illuminate/Routing/Router->runRouteWithinStack(Object(Illuminate/Routing/Route), Object(Illuminate/Http/Request))
#39 C:/xampp/htdocs/www/Remanente-LMS-Re/vendor/laravel/framework/src/Illuminate/Routing/Router.php(748): Illuminate/Routing/Router->runRoute(Object(Illuminate/Http/Request), Object(Illuminate/Routing/Route))
#40 C:/xampp/htdocs/www/Remanente-LMS-Re/vendor/laravel/framework/src/Illuminate/Routing/Router.php(737): Illuminate/Routing/Router->dispatchToRoute(Object(Illuminate/Http/Request))
#41 C:/xampp/htdocs/www/Remanente-LMS-Re/vendor/laravel/framework/src/Illuminate/Foundation/Http/Kernel.php(200): Illuminate/Routing/Router->dispatch(Object(Illuminate/Http/Request))
#42 C:/xampp/htdocs/www/Remanente-LMS-Re/vendor/laravel/framework/src/Illuminate/Pipeline/Pipeline.php(144): Illuminate/Foundation/Http/Kernel->Illuminate/Foundation/Http/{closure}(Object(Illuminate/Http/Request))
#43 C:/xampp/htdocs/www/Remanente-LMS-Re/vendor/livewire/livewire/src/Features/SupportDisablingBackButtonCache/DisableBackButtonCacheMiddleware.php(19): Illuminate/Pipeline/Pipeline->Illuminate/Pipeline/{closure}(Object(Illuminate/Http/Request))
#44 C:/xampp/htdocs/www/Remanente-LMS-Re/vendor/laravel/framework/src/Illuminate/Pipeline/Pipeline.php(183): Livewire/Features/SupportDisablingBackButtonCache/DisableBackButtonCacheMiddleware->handle(Object(Illuminate/Http/Request), Object(Closure))
#45 C:/xampp/htdocs/www/Remanente-LMS-Re/vendor/barryvdh/laravel-debugbar/src/Middleware/InjectDebugbar.php(66): Illuminate/Pipeline/Pipeline->Illuminate/Pipeline/{closure}(Object(Illuminate/Http/Request))
#46 C:/xampp/htdocs/www/Remanente-LMS-Re/vendor/laravel/framework/src/Illuminate/Pipeline/Pipeline.php(183): Barryvdh/Debugbar/Middleware/InjectDebugbar->handle(Object(Illuminate/Http/Request), Object(Closure))
#47 C:/xampp/htdocs/www/Remanente-LMS-Re/vendor/laravel/framework/src/Illuminate/Foundation/Http/Middleware/TransformsRequest.php(21): Illuminate/Pipeline/Pipeline->Illuminate/Pipeline/{closure}(Object(Illuminate/Http/Request))
#48 C:/xampp/htdocs/www/Remanente-LMS-Re/vendor/laravel/framework/src/Illuminate/Foundation/Http/Middleware/ConvertEmptyStringsToNull.php(31): Illuminate/Foundation/Http/Middleware/TransformsRequest->handle(Object(Illuminate/Http/Request), Object(Closure))
#49 C:/xampp/htdocs/www/Remanente-LMS-Re/vendor/laravel/framework/src/Illuminate/Pipeline/Pipeline.php(183): Illuminate/Foundation/Http/Middleware/ConvertEmptyStringsToNull->handle(Object(Illuminate/Http/Request), Object(Closure))
#50 C:/xampp/htdocs/www/Remanente-LMS-Re/vendor/laravel/framework/src/Illuminate/Foundation/Http/Middleware/TransformsRequest.php(21): Illuminate/Pipeline/Pipeline->Illuminate/Pipeline/{closure}(Object(Illuminate/Http/Request))
#51 C:/xampp/htdocs/www/Remanente-LMS-Re/vendor/laravel/framework/src/Illuminate/Foundation/Http/Middleware/TrimStrings.php(40): Illuminate/Foundation/Http/Middleware/TransformsRequest->handle(Object(Illuminate/Http/Request), Object(Closure))
#52 C:/xampp/htdocs/www/Remanente-LMS-Re/vendor/laravel/framework/src/Illuminate/Pipeline/Pipeline.php(183): Illuminate/Foundation/Http/Middleware/TrimStrings->handle(Object(Illuminate/Http/Request), Object(Closure))
#53 C:/xampp/htdocs/www/Remanente-LMS-Re/vendor/laravel/framework/src/Illuminate/Foundation/Http/Middleware/ValidatePostSize.php(27): Illuminate/Pipeline/Pipeline->Illuminate/Pipeline/{closure}(Object(Illuminate/Http/Request))
#54 C:/xampp/htdocs/www/Remanente-LMS-Re/vendor/laravel/framework/src/Illuminate/Pipeline/Pipeline.php(183): Illuminate/Foundation/Http/Middleware/ValidatePostSize->handle(Object(Illuminate/Http/Request), Object(Closure))
#55 C:/xampp/htdocs/www/Remanente-LMS-Re/vendor/laravel/framework/src/Illuminate/Foundation/Http/Middleware/PreventRequestsDuringMaintenance.php(99): Illuminate/Pipeline/Pipeline->Illuminate/Pipeline/{closure}(Object(Illuminate/Http/Request))
#56 C:/xampp/htdocs/www/Remanente-LMS-Re/vendor/laravel/framework/src/Illuminate/Pipeline/Pipeline.php(183): Illuminate/Foundation/Http/Middleware/PreventRequestsDuringMaintenance->handle(Object(Illuminate/Http/Request), Object(Closure))
#57 C:/xampp/htdocs/www/Remanente-LMS-Re/vendor/laravel/framework/src/Illuminate/Http/Middleware/HandleCors.php(49): Illuminate/Pipeline/Pipeline->Illuminate/Pipeline/{closure}(Object(Illuminate/Http/Request))
#58 C:/xampp/htdocs/www/Remanente-LMS-Re/vendor/laravel/framework/src/Illuminate/Pipeline/Pipeline.php(183): Illuminate/Http/Middleware/HandleCors->handle(Object(Illuminate/Http/Request), Object(Closure))
#59 C:/xampp/htdocs/www/Remanente-LMS-Re/vendor/laravel/framework/src/Illuminate/Http/Middleware/TrustProxies.php(39): Illuminate/Pipeline/Pipeline->Illuminate/Pipeline/{closure}(Object(Illuminate/Http/Request))
#60 C:/xampp/htdocs/www/Remanente-LMS-Re/vendor/laravel/framework/src/Illuminate/Pipeline/Pipeline.php(183): Illuminate/Http/Middleware/TrustProxies->handle(Object(Illuminate/Http/Request), Object(Closure))
#61 C:/xampp/htdocs/www/Remanente-LMS-Re/vendor/laravel/framework/src/Illuminate/Pipeline/Pipeline.php(119): Illuminate/Pipeline/Pipeline->Illuminate/Pipeline/{closure}(Object(Illuminate/Http/Request))
#62 C:/xampp/htdocs/www/Remanente-LMS-Re/vendor/laravel/framework/src/Illuminate/Foundation/Http/Kernel.php(175): Illuminate/Pipeline/Pipeline->then(Object(Closure))
#63 C:/xampp/htdocs/www/Remanente-LMS-Re/vendor/laravel/framework/src/Illuminate/Foundation/Http/Kernel.php(144): Illuminate/Foundation/Http/Kernel->sendRequestThroughRouter(Object(Illuminate/Http/Request))
#64 C:/xampp/htdocs/www/Remanente-LMS-Re/public/index.php(51): Illuminate/Foundation/Http/Kernel->handle(Object(Illuminate/Http/Request))
#65 C:/xampp/htdocs/www/Remanente-LMS-Re/vendor/laravel/framework/src/Illuminate/Foundation/resources/server.php(16): require_once('C://xampp//htdocs...')
#66 {main}

[previous exception] [object] (ErrorException(code: 0): Undefined variable $calificaciones at C:/xampp/htdocs/www/Remanente-LMS-Re/storage/framework/views/a5f15b1b5bd94f4b400403ea58591ed6.php:63)
[stacktrace]
#0 C:/xampp/htdocs/www/Remanente-LMS-Re/vendor/laravel/framework/src/Illuminate/Foundation/Bootstrap/HandleExceptions.php(255): Illuminate/Foundation/Bootstrap/HandleExceptions->handleError(2, 'Undefined varia...', 'C://xampp//htdocs...', 63)
#1 C:/xampp/htdocs/www/Remanente-LMS-Re/storage/framework/views/a5f15b1b5bd94f4b400403ea58591ed6.php(63): Illuminate/Foundation/Bootstrap/HandleExceptions->Illuminate/Foundation/Bootstrap/{closure}(2, 'Undefined varia...', 'C://xampp//htdocs...', 63)
#2 C:/xampp/htdocs/www/Remanente-LMS-Re/vendor/laravel/framework/src/Illuminate/Filesystem/Filesystem.php(123): require('C://xampp//htdocs...')
#3 C:/xampp/htdocs/www/Remanente-LMS-Re/vendor/laravel/framework/src/Illuminate/Filesystem/Filesystem.php(124): Illuminate/Filesystem/Filesystem::Illuminate/Filesystem/{closure}()
#4 C:/xampp/htdocs/www/Remanente-LMS-Re/vendor/laravel/framework/src/Illuminate/View/Engines/PhpEngine.php(58): Illuminate/Filesystem/Filesystem->getRequire('C://xampp//htdocs...', Array)
#5 C:/xampp/htdocs/www/Remanente-LMS-Re/vendor/livewire/livewire/src/Mechanisms/ExtendBlade/ExtendedCompilerEngine.php(22): Illuminate/View/Engines/PhpEngine->evaluatePath('C://xampp//htdocs...', Array)
#6 C:/xampp/htdocs/www/Remanente-LMS-Re/vendor/laravel/framework/src/Illuminate/View/Engines/CompilerEngine.php(72): Livewire/Mechanisms/ExtendBlade/ExtendedCompilerEngine->evaluatePath('C://xampp//htdocs...', Array)
#7 C:/xampp/htdocs/www/Remanente-LMS-Re/vendor/livewire/livewire/src/Mechanisms/ExtendBlade/ExtendedCompilerEngine.php(10): Illuminate/View/Engines/CompilerEngine->get('C://xampp//htdocs...', Array)
#8 C:/xampp/htdocs/www/Remanente-LMS-Re/vendor/laravel/framework/src/Illuminate/View/View.php(207): Livewire/Mechanisms/ExtendBlade/ExtendedCompilerEngine->get('C://xampp//htdocs...', Array)
#9 C:/xampp/htdocs/www/Remanente-LMS-Re/vendor/laravel/framework/src/Illuminate/View/View.php(190): Illuminate/View/View->getContents()
#10 C:/xampp/htdocs/www/Remanente-LMS-Re/vendor/laravel/framework/src/Illuminate/View/View.php(159): Illuminate/View/View->renderContents()
#11 C:/xampp/htdocs/www/Remanente-LMS-Re/vendor/laravel/framework/src/Illuminate/Http/Response.php(69): Illuminate/View/View->render()
#12 C:/xampp/htdocs/www/Remanente-LMS-Re/vendor/laravel/framework/src/Illuminate/Http/Response.php(35): Illuminate/Http/Response->setContent(Object(Illuminate/View/View))
#13 C:/xampp/htdocs/www/Remanente-LMS-Re/vendor/laravel/framework/src/Illuminate/Routing/Router.php(918): Illuminate/Http/Response->__construct(Object(Illuminate/View/View), 200, Array)
#14 C:/xampp/htdocs/www/Remanente-LMS-Re/vendor/laravel/framework/src/Illuminate/Routing/Router.php(885): Illuminate/Routing/Router::toResponse(Object(Illuminate/Http/Request), Object(Illuminate/View/View))
#15 C:/xampp/htdocs/www/Remanente-LMS-Re/vendor/laravel/framework/src/Illuminate/Routing/Router.php(805): Illuminate/Routing/Router->prepareResponse(Object(Illuminate/Http/Request), Object(Illuminate/View/View))
#16 C:/xampp/htdocs/www/Remanente-LMS-Re/vendor/laravel/framework/src/Illuminate/Pipeline/Pipeline.php(144): Illuminate/Routing/Router->Illuminate/Routing/{closure}(Object(Illuminate/Http/Request))
#17 C:/xampp/htdocs/www/Remanente-LMS-Re/vendor/spatie/laravel-permission/src/Middleware/RoleMiddleware.php(37): Illuminate/Pipeline/Pipeline->Illuminate/Pipeline/{closure}(Object(Illuminate/Http/Request))
#18 C:/xampp/htdocs/www/Remanente-LMS-Re/vendor/laravel/framework/src/Illuminate/Pipeline/Pipeline.php(183): Spatie/Permission/Middleware/RoleMiddleware->handle(Object(Illuminate/Http/Request), Object(Closure), 'estudiante')
#19 C:/xampp/htdocs/www/Remanente-LMS-Re/vendor/barryvdh/laravel-debugbar/src/Middleware/InjectDebugbar.php(66): Illuminate/Pipeline/Pipeline->Illuminate/Pipeline/{closure}(Object(Illuminate/Http/Request))
#20 C:/xampp/htdocs/www/Remanente-LMS-Re/vendor/laravel/framework/src/Illuminate/Pipeline/Pipeline.php(183): Barryvdh/Debugbar/Middleware/InjectDebugbar->handle(Object(Illuminate/Http/Request), Object(Closure))
#21 C:/xampp/htdocs/www/Remanente-LMS-Re/app/Http/Middleware/EnsureProfileIsComplete.php(36): Illuminate/Pipeline/Pipeline->Illuminate/Pipeline/{closure}(Object(Illuminate/Http/Request))
#22 C:/xampp/htdocs/www/Remanente-LMS-Re/vendor/laravel/framework/src/Illuminate/Pipeline/Pipeline.php(183): App/Http/Middleware/EnsureProfileIsComplete->handle(Object(Illuminate/Http/Request), Object(Closure))
#23 C:/xampp/htdocs/www/Remanente-LMS-Re/vendor/laravel/framework/src/Illuminate/Routing/Middleware/SubstituteBindings.php(50): Illuminate/Pipeline/Pipeline->Illuminate/Pipeline/{closure}(Object(Illuminate/Http/Request))
#24 C:/xampp/htdocs/www/Remanente-LMS-Re/vendor/laravel/framework/src/Illuminate/Pipeline/Pipeline.php(183): Illuminate/Routing/Middleware/SubstituteBindings->handle(Object(Illuminate/Http/Request), Object(Closure))
#25 C:/xampp/htdocs/www/Remanente-LMS-Re/vendor/laravel/framework/src/Illuminate/Auth/Middleware/Authenticate.php(57): Illuminate/Pipeline/Pipeline->Illuminate/Pipeline/{closure}(Object(Illuminate/Http/Request))
#26 C:/xampp/htdocs/www/Remanente-LMS-Re/vendor/laravel/framework/src/Illuminate/Pipeline/Pipeline.php(183): Illuminate/Auth/Middleware/Authenticate->handle(Object(Illuminate/Http/Request), Object(Closure))
#27 C:/xampp/htdocs/www/Remanente-LMS-Re/vendor/laravel/framework/src/Illuminate/Foundation/Http/Middleware/VerifyCsrfToken.php(78): Illuminate/Pipeline/Pipeline->Illuminate/Pipeline/{closure}(Object(Illuminate/Http/Request))
#28 C:/xampp/htdocs/www/Remanente-LMS-Re/vendor/laravel/framework/src/Illuminate/Pipeline/Pipeline.php(183): Illuminate/Foundation/Http/Middleware/VerifyCsrfToken->handle(Object(Illuminate/Http/Request), Object(Closure))
#29 C:/xampp/htdocs/www/Remanente-LMS-Re/vendor/laravel/framework/src/Illuminate/View/Middleware/ShareErrorsFromSession.php(49): Illuminate/Pipeline/Pipeline->Illuminate/Pipeline/{closure}(Object(Illuminate/Http/Request))
#30 C:/xampp/htdocs/www/Remanente-LMS-Re/vendor/laravel/framework/src/Illuminate/Pipeline/Pipeline.php(183): Illuminate/View/Middleware/ShareErrorsFromSession->handle(Object(Illuminate/Http/Request), Object(Closure))
#31 C:/xampp/htdocs/www/Remanente-LMS-Re/vendor/laravel/framework/src/Illuminate/Session/Middleware/StartSession.php(121): Illuminate/Pipeline/Pipeline->Illuminate/Pipeline/{closure}(Object(Illuminate/Http/Request))
#32 C:/xampp/htdocs/www/Remanente-LMS-Re/vendor/laravel/framework/src/Illuminate/Session/Middleware/StartSession.php(64): Illuminate/Session/Middleware/StartSession->handleStatefulRequest(Object(Illuminate/Http/Request), Object(Illuminate/Session/Store), Object(Closure))
#33 C:/xampp/htdocs/www/Remanente-LMS-Re/vendor/laravel/framework/src/Illuminate/Pipeline/Pipeline.php(183): Illuminate/Session/Middleware/StartSession->handle(Object(Illuminate/Http/Request), Object(Closure))
#34 C:/xampp/htdocs/www/Remanente-LMS-Re/vendor/laravel/framework/src/Illuminate/Cookie/Middleware/AddQueuedCookiesToResponse.php(37): Illuminate/Pipeline/Pipeline->Illuminate/Pipeline/{closure}(Object(Illuminate/Http/Request))
#35 C:/xampp/htdocs/www/Remanente-LMS-Re/vendor/laravel/framework/src/Illuminate/Pipeline/Pipeline.php(183): Illuminate/Cookie/Middleware/AddQueuedCookiesToResponse->handle(Object(Illuminate/Http/Request), Object(Closure))
#36 C:/xampp/htdocs/www/Remanente-LMS-Re/vendor/laravel/framework/src/Illuminate/Cookie/Middleware/EncryptCookies.php(67): Illuminate/Pipeline/Pipeline->Illuminate/Pipeline/{closure}(Object(Illuminate/Http/Request))
#37 C:/xampp/htdocs/www/Remanente-LMS-Re/vendor/laravel/framework/src/Illuminate/Pipeline/Pipeline.php(183): Illuminate/Cookie/Middleware/EncryptCookies->handle(Object(Illuminate/Http/Request), Object(Closure))
#38 C:/xampp/htdocs/www/Remanente-LMS-Re/vendor/laravel/framework/src/Illuminate/Pipeline/Pipeline.php(119): Illuminate/Pipeline/Pipeline->Illuminate/Pipeline/{closure}(Object(Illuminate/Http/Request))
#39 C:/xampp/htdocs/www/Remanente-LMS-Re/vendor/laravel/framework/src/Illuminate/Routing/Router.php(805): Illuminate/Pipeline/Pipeline->then(Object(Closure))
#40 C:/xampp/htdocs/www/Remanente-LMS-Re/vendor/laravel/framework/src/Illuminate/Routing/Router.php(784): Illuminate/Routing/Router->runRouteWithinStack(Object(Illuminate/Routing/Route), Object(Illuminate/Http/Request))
#41 C:/xampp/htdocs/www/Remanente-LMS-Re/vendor/laravel/framework/src/Illuminate/Routing/Router.php(748): Illuminate/Routing/Router->runRoute(Object(Illuminate/Http/Request), Object(Illuminate/Routing/Route))
#42 C:/xampp/htdocs/www/Remanente-LMS-Re/vendor/laravel/framework/src/Illuminate/Routing/Router.php(737): Illuminate/Routing/Router->dispatchToRoute(Object(Illuminate/Http/Request))
#43 C:/xampp/htdocs/www/Remanente-LMS-Re/vendor/laravel/framework/src/Illuminate/Foundation/Http/Kernel.php(200): Illuminate/Routing/Router->dispatch(Object(Illuminate/Http/Request))
#44 C:/xampp/htdocs/www/Remanente-LMS-Re/vendor/laravel/framework/src/Illuminate/Pipeline/Pipeline.php(144): Illuminate/Foundation/Http/Kernel->Illuminate/Foundation/Http/{closure}(Object(Illuminate/Http/Request))
#45 C:/xampp/htdocs/www/Remanente-LMS-Re/vendor/livewire/livewire/src/Features/SupportDisablingBackButtonCache/DisableBackButtonCacheMiddleware.php(19): Illuminate/Pipeline/Pipeline->Illuminate/Pipeline/{closure}(Object(Illuminate/Http/Request))
#46 C:/xampp/htdocs/www/Remanente-LMS-Re/vendor/laravel/framework/src/Illuminate/Pipeline/Pipeline.php(183): Livewire/Features/SupportDisablingBackButtonCache/DisableBackButtonCacheMiddleware->handle(Object(Illuminate/Http/Request), Object(Closure))
#47 C:/xampp/htdocs/www/Remanente-LMS-Re/vendor/barryvdh/laravel-debugbar/src/Middleware/InjectDebugbar.php(66): Illuminate/Pipeline/Pipeline->Illuminate/Pipeline/{closure}(Object(Illuminate/Http/Request))
#48 C:/xampp/htdocs/www/Remanente-LMS-Re/vendor/laravel/framework/src/Illuminate/Pipeline/Pipeline.php(183): Barryvdh/Debugbar/Middleware/InjectDebugbar->handle(Object(Illuminate/Http/Request), Object(Closure))
#49 C:/xampp/htdocs/www/Remanente-LMS-Re/vendor/laravel/framework/src/Illuminate/Foundation/Http/Middleware/TransformsRequest.php(21): Illuminate/Pipeline/Pipeline->Illuminate/Pipeline/{closure}(Object(Illuminate/Http/Request))
#50 C:/xampp/htdocs/www/Remanente-LMS-Re/vendor/laravel/framework/src/Illuminate/Foundation/Http/Middleware/ConvertEmptyStringsToNull.php(31): Illuminate/Foundation/Http/Middleware/TransformsRequest->handle(Object(Illuminate/Http/Request), Object(Closure))
#51 C:/xampp/htdocs/www/Remanente-LMS-Re/vendor/laravel/framework/src/Illuminate/Pipeline/Pipeline.php(183): Illuminate/Foundation/Http/Middleware/ConvertEmptyStringsToNull->handle(Object(Illuminate/Http/Request), Object(Closure))
#52 C:/xampp/htdocs/www/Remanente-LMS-Re/vendor/laravel/framework/src/Illuminate/Foundation/Http/Middleware/TransformsRequest.php(21): Illuminate/Pipeline/Pipeline->Illuminate/Pipeline/{closure}(Object(Illuminate/Http/Request))
#53 C:/xampp/htdocs/www/Remanente-LMS-Re/vendor/laravel/framework/src/Illuminate/Foundation/Http/Middleware/TrimStrings.php(40): Illuminate/Foundation/Http/Middleware/TransformsRequest->handle(Object(Illuminate/Http/Request), Object(Closure))
#54 C:/xampp/htdocs/www/Remanente-LMS-Re/vendor/laravel/framework/src/Illuminate/Pipeline/Pipeline.php(183): Illuminate/Foundation/Http/Middleware/TrimStrings->handle(Object(Illuminate/Http/Request), Object(Closure))
#55 C:/xampp/htdocs/www/Remanente-LMS-Re/vendor/laravel/framework/src/Illuminate/Foundation/Http/Middleware/ValidatePostSize.php(27): Illuminate/Pipeline/Pipeline->Illuminate/Pipeline/{closure}(Object(Illuminate/Http/Request))
#56 C:/xampp/htdocs/www/Remanente-LMS-Re/vendor/laravel/framework/src/Illuminate/Pipeline/Pipeline.php(183): Illuminate/Foundation/Http/Middleware/ValidatePostSize->handle(Object(Illuminate/Http/Request), Object(Closure))
#57 C:/xampp/htdocs/www/Remanente-LMS-Re/vendor/laravel/framework/src/Illuminate/Foundation/Http/Middleware/PreventRequestsDuringMaintenance.php(99): Illuminate/Pipeline/Pipeline->Illuminate/Pipeline/{closure}(Object(Illuminate/Http/Request))
#58 C:/xampp/htdocs/www/Remanente-LMS-Re/vendor/laravel/framework/src/Illuminate/Pipeline/Pipeline.php(183): Illuminate/Foundation/Http/Middleware/PreventRequestsDuringMaintenance->handle(Object(Illuminate/Http/Request), Object(Closure))
#59 C:/xampp/htdocs/www/Remanente-LMS-Re/vendor/laravel/framework/src/Illuminate/Http/Middleware/HandleCors.php(49): Illuminate/Pipeline/Pipeline->Illuminate/Pipeline/{closure}(Object(Illuminate/Http/Request))
#60 C:/xampp/htdocs/www/Remanente-LMS-Re/vendor/laravel/framework/src/Illuminate/Pipeline/Pipeline.php(183): Illuminate/Http/Middleware/HandleCors->handle(Object(Illuminate/Http/Request), Object(Closure))
#61 C:/xampp/htdocs/www/Remanente-LMS-Re/vendor/laravel/framework/src/Illuminate/Http/Middleware/TrustProxies.php(39): Illuminate/Pipeline/Pipeline->Illuminate/Pipeline/{closure}(Object(Illuminate/Http/Request))
#62 C:/xampp/htdocs/www/Remanente-LMS-Re/vendor/laravel/framework/src/Illuminate/Pipeline/Pipeline.php(183): Illuminate/Http/Middleware/TrustProxies->handle(Object(Illuminate/Http/Request), Object(Closure))
#63 C:/xampp/htdocs/www/Remanente-LMS-Re/vendor/laravel/framework/src/Illuminate/Pipeline/Pipeline.php(119): Illuminate/Pipeline/Pipeline->Illuminate/Pipeline/{closure}(Object(Illuminate/Http/Request))
#64 C:/xampp/htdocs/www/Remanente-LMS-Re/vendor/laravel/framework/src/Illuminate/Foundation/Http/Kernel.php(175): Illuminate/Pipeline/Pipeline->then(Object(Closure))
#65 C:/xampp/htdocs/www/Remanente-LMS-Re/vendor/laravel/framework/src/Illuminate/Foundation/Http/Kernel.php(144): Illuminate/Foundation/Http/Kernel->sendRequestThroughRouter(Object(Illuminate/Http/Request))
#66 C:/xampp/htdocs/www/Remanente-LMS-Re/public/index.php(51): Illuminate/Foundation/Http/Kernel->handle(Object(Illuminate/Http/Request))
#67 C:/xampp/htdocs/www/Remanente-LMS-Re/vendor/laravel/framework/src/Illuminate/Foundation/resources/server.php(16): require_once('C://xampp//htdocs...')
#68 {main}
"} 
